user_0,id_0,This_is_a_sample_description_that_is_very_long_and_contains_no_special_characters_so_the_SIMD_parser_can_fast_forward_through_multiple_chunks_without_checking_each_byte_this_shows_the_benefit_of_SIMD_optimization_in_csv_parsing_0
user_1,id_1,This_is_a_sample_description_that_is_very_long_and_contains_no_special_characters_so_the_SIMD_parser_can_fast_forward_through_multiple_chunks_without_checking_each_byte_this_shows_the_benefit_of_SIMD_optimization_in_csv_parsing_1
user_2,id_2,This_is_a_sample_description_that_is_very_long_and_contains_no_special_characters_so_the_SIMD_parser_can_fast_forward_through_multiple_chunks_without_checking_each_byte_this_shows_the_benefit_of_SIMD_optimization_in_csv_parsing_2
user_3,id_3,This_is_a_sample_description_that_is_very_long_and_contains_no_special_characters_so_the_SIMD_parser_can_fast_forward_through_multiple_chunks_without_checking_each_byte_this_shows_the_benefit_of_SIMD_optimization_in_csv_parsing_3
user_4,id_4,This_is_a_sample_description_that_is_very_long_and_contains_no_special_characters_so_the_SIMD_parser_can_fast_forward_through_multiple_chunks_without_checking_each_byte_this_shows_the_benefit_of_SIMD_optimization_in_csv_parsing_4
user_5,id_5,This_is_a_sample_description_that_is_very_long_and_contains_no_special_characters_so_the_SIMD_parser_can_fast_forward_through_multiple_chunks_without_checking_each_byte_this_shows_the_benefit_of_SIMD_optimization_in_csv_parsing_5
user_6,id_6,This_is_a_sample_description_that_is_very_long_and_contains_no_special_characters_so_the_SIMD_parser_can_fast_forward_through_multiple_chunks_without_checking_each_byte_this_shows_the_benefit_of_SIMD_optimization_in_csv_parsing_6
user_7,id_7,This_is_a_sample_description_that_is_very_long_and_contains_no_special_characters_so_the_SIMD_parser_can_fast_forward_through_multiple_chunks_without_checking_each_byte_this_shows_the_benefit_of_SIMD_optimization_in_csv_parsing_7
user_8,id_8,This_is_a_sample_description_that_is_very_long_and_contains_no_special_characters_so_the_SIMD_parser_can_fast_forward_through_multiple_chunks_without_checking_each_byte_this_shows_the_benefit_of_SIMD_optimization_in_csv_parsing_8
user_9,id_9,This_is_a_sample_description_that_is_very_long_and_contains_no_special_characters_so_the_SIMD_parser_can_fast_forward_through_multiple_chunks_without_checking_each_byte_this_shows_the_benefit_of_SIMD_optimization_in_csv_parsing_9
user_10,id_10,This_is_a_sample_description_that_is_very_long_and_contains_no_special_characters_so_the_SIMD_parser_can_fast_forward_through_multiple_chunks_without_checking_each_byte_this_shows_the_benefit_of_SIMD_optimization_in_csv_parsing_10
user_11,id_11,This_is_a_sample_description_that_is_very_long_and_contains_no_special_characters_so_the_SIMD_parser_can_fast_forward_through_multiple_chunks_without_checking_each_byte_this_shows_the_benefit_of_SIMD_optimization_in_csv_parsing_11
user_12,id_12,This_is_a_sample_description_that_is_very_long_and_contains_no_special_characters_so_the_SIMD_parser_can_fast_forward_through_multiple_chunks_without_checking_each_byte_this_shows_the_benefit_of_SIMD_optimization_in_csv_parsing_12
user_13,id_13,This_is_a_sample_description_that_is_very_long_and_contains_no_special_characters_so_the_SIMD_parser_can_fast_forward_through_multiple_chunks_without_checking_each_byte_this_shows_the_benefit_of_SIMD_optimization_in_csv_parsing_13
user_14,id_14,This_is_a_sample_description_that_is_very_long_and_contains_no_special_characters_so_the_SIMD_parser_can_fast_forward_through_multiple_chunks_without_checking_each_byte_this_shows_the_benefit_of_SIMD_optimization_in_csv_parsing_14
user_15,id_15,This_is_a_sample_description_that_is_very_long_and_contains_no_special_characters_so_the_SIMD_parser_can_fast_forward_through_multiple_chunks_without_checking_each_byte_this_shows_the_benefit_of_SIMD_optimization_in_csv_parsing_15
user_16,id_16,This_is_a_sample_description_that_is_very_long_and_contains_no_special_characters_so_the_SIMD_parser_can_fast_forward_through_multiple_chunks_without_checking_each_byte_this_shows_the_benefit_of_SIMD_optimization_in_csv_parsing_16
user_17,id_17,This_is_a_sample_description_that_is_very_long_and_contains_no_special_characters_so_the_SIMD_parser_can_fast_forward_through_multiple_chunks_without_checking_each_byte_this_shows_the_benefit_of_SIMD_optimization_in_csv_parsing_17
user_18,id_18,This_is_a_sample_description_that_is_very_long_and_contains_no_special_characters_so_the_SIMD_parser_can_fast_forward_through_multiple_chunks_without_checking_each_byte_this_shows_the_benefit_of_SIMD_optimization_in_csv_parsing_18
user_19,id_19,This_is_a_sample_description_that_is_very_long_and_contains_no_special_characters_so_the_SIMD_parser_can_fast_forward_through_multiple_chunks_without_checking_each_byte_this_shows_the_benefit_of_SIMD_optimization_in_csv_parsing_19
user_20,id_20,This_is_a_sample_description_that_is_very_long_and_contains_no_special_characters_so_the_SIMD_parser_can_fast_forward_through_multiple_chunks_without_checking_each_byte_this_shows_the_benefit_of_SIMD_optimization_in_csv_parsing_20
user_21,id_21,This_is_a_sample_description_that_is_very_long_and_contains_no_special_characters_so_the_SIMD_parser_can_fast_forward_through_multiple_chunks_without_checking_each_byte_this_shows_the_benefit_of_SIMD_optimization_in_csv_parsing_21
user_22,id_22,This_is_a_sample_description_that_is_very_long_and_contains_no_special_characters_so_the_SIMD_parser_can_fast_forward_through_multiple_chunks_without_checking_each_byte_this_shows_the_benefit_of_SIMD_optimization_in_csv_parsing_22
user_23,id_23,This_is_a_sample_description_that_is_very_long_and_contains_no_special_characters_so_the_SIMD_parser_can_fast_forward_through_multiple_chunks_without_checking_each_byte_this_shows_the_benefit_of_SIMD_optimization_in_csv_parsing_23
user_24,id_24,This_is_a_sample_description_that_is_very_long_and_contains_no_special_characters_so_the_SIMD_parser_can_fast_forward_through_multiple_chunks_without_checking_each_byte_this_shows_the_benefit_of_SIMD_optimization_in_csv_parsing_24
user_25,id_25,This_is_a_sample_description_that_is_very_long_and_contains_no_special_characters_so_the_SIMD_parser_can_fast_forward_through_multiple_chunks_without_checking_each_byte_this_shows_the_benefit_of_SIMD_optimization_in_csv_parsing_25
user_26,id_26,This_is_a_sample_description_that_is_very_long_and_contains_no_special_characters_so_the_SIMD_parser_can_fast_forward_through_multiple_chunks_without_checking_each_byte_this_shows_the_benefit_of_SIMD_optimization_in_csv_parsing_26
user_27,id_27,This_is_a_sample_description_that_is_very_long_and_contains_no_special_characters_so_the_SIMD_parser_can_fast_forward_through_multiple_chunks_without_checking_each_byte_this_shows_the_benefit_of_SIMD_optimization_in_csv_parsing_27
user_28,id_28,This_is_a_sample_description_that_is_very_long_and_contains_no_special_characters_so_the_SIMD_parser_can_fast_forward_through_multiple_chunks_without_checking_each_byte_this_shows_the_benefit_of_SIMD_optimization_in_csv_parsing_28
user_29,id_29,This_is_a_sample_description_that_is_very_long_and_contains_no_special_characters_so_the_SIMD_parser_can_fast_forward_through_multiple_chunks_without_checking_each_byte_this_shows_the_benefit_of_SIMD_optimization_in_csv_parsing_29
user_30,id_30,This_is_a_sample_description_that_is_very_long_and_contains_no_special_characters_so_the_SIMD_parser_can_fast_forward_through_multiple_chunks_without_checking_each_byte_this_shows_the_benefit_of_SIMD_optimization_in_csv_parsing_30
user_31,id_31,This_is_a_sample_description_that_is_very_long_and_contains_no_special_characters_so_the_SIMD_parser_can_fast_forward_through_multiple_chunks_without_checking_each_byte_this_shows_the_benefit_of_SIMD_optimization_in_csv_parsing_31
user_32,id_32,This_is_a_sample_description_that_is_very_long_and_contains_no_special_characters_so_the_SIMD_parser_can_fast_forward_through_multiple_chunks_without_checking_each_byte_this_shows_the_benefit_of_SIMD_optimization_in_csv_parsing_32
user_33,id_33,This_is_a_sample_description_that_is_very_long_and_contains_no_special_characters_so_the_SIMD_parser_can_fast_forward_through_multiple_chunks_without_checking_each_byte_this_shows_the_benefit_of_SIMD_optimization_in_csv_parsing_33
user_34,id_34,This_is_a_sample_description_that_is_very_long_and_contains_no_special_characters_so_the_SIMD_parser_can_fast_forward_through_multiple_chunks_without_checking_each_byte_this_shows_the_benefit_of_SIMD_optimization_in_csv_parsing_34
user_35,id_35,This_is_a_sample_description_that_is_very_long_and_contains_no_special_characters_so_the_SIMD_parser_can_fast_forward_through_multiple_chunks_without_checking_each_byte_this_shows_the_benefit_of_SIMD_optimization_in_csv_parsing_35
user_36,id_36,This_is_a_sample_description_that_is_very_long_and_contains_no_special_characters_so_the_SIMD_parser_can_fast_forward_through_multiple_chunks_without_checking_each_byte_this_shows_the_benefit_of_SIMD_optimization_in_csv_parsing_36
user_37,id_37,This_is_a_sample_description_that_is_very_long_and_contains_no_special_characters_so_the_SIMD_parser_can_fast_forward_through_multiple_chunks_without_checking_each_byte_this_shows_the_benefit_of_SIMD_optimization_in_csv_parsing_37
user_38,id_38,This_is_a_sample_description_that_is_very_long_and_contains_no_special_characters_so_the_SIMD_parser_can_fast_forward_through_multiple_chunks_without_checking_each_byte_this_shows_the_benefit_of_SIMD_optimization_in_csv_parsing_38
user_39,id_39,This_is_a_sample_description_that_is_very_long_and_contains_no_special_characters_so_the_SIMD_parser_can_fast_forward_through_multiple_chunks_without_checking_each_byte_this_shows_the_benefit_of_SIMD_optimization_in_csv_parsing_39
user_40,id_40,This_is_a_sample_description_that_is_very_long_and_contains_no_special_characters_so_the_SIMD_parser_can_fast_forward_through_multiple_chunks_without_checking_each_byte_this_shows_the_benefit_of_SIMD_optimization_in_csv_parsing_40
user_41,id_41,This_is_a_sample_description_that_is_very_long_and_contains_no_special_characters_so_the_SIMD_parser_can_fast_forward_through_multiple_chunks_without_checking_each_byte_this_shows_the_benefit_of_SIMD_optimization_in_csv_parsing_41
user_42,id_42,This_is_a_sample_description_that_is_very_long_and_contains_no_special_characters_so_the_SIMD_parser_can_fast_forward_through_multiple_chunks_without_checking_each_byte_this_shows_the_benefit_of_SIMD_optimization_in_csv_parsing_42
user_43,id_43,This_is_a_sample_description_that_is_very_long_and_contains_no_special_characters_so_the_SIMD_parser_can_fast_forward_through_multiple_chunks_without_checking_each_byte_this_shows_the_benefit_of_SIMD_optimization_in_csv_parsing_43
user_44,id_44,This_is_a_sample_description_that_is_very_long_and_contains_no_special_characters_so_the_SIMD_parser_can_fast_forward_through_multiple_chunks_without_checking_each_byte_this_shows_the_benefit_of_SIMD_optimization_in_csv_parsing_44
user_45,id_45,This_is_a_sample_description_that_is_very_long_and_contains_no_special_characters_so_the_SIMD_parser_can_fast_forward_through_multiple_chunks_without_checking_each_byte_this_shows_the_benefit_of_SIMD_optimization_in_csv_parsing_45
user_46,id_46,This_is_a_sample_description_that_is_very_long_and_contains_no_special_characters_so_the_SIMD_parser_can_fast_forward_through_multiple_chunks_without_checking_each_byte_this_shows_the_benefit_of_SIMD_optimization_in_csv_parsing_46
user_47,id_47,This_is_a_sample_description_that_is_very_long_and_contains_no_special_characters_so_the_SIMD_parser_can_fast_forward_through_multiple_chunks_without_checking_each_byte_this_shows_the_benefit_of_SIMD_optimization_in_csv_parsing_47
user_48,id_48,This_is_a_sample_description_that_is_very_long_and_contains_no_special_characters_so_the_SIMD_parser_can_fast_forward_through_multiple_chunks_without_checking_each_byte_this_shows_the_benefit_of_SIMD_optimization_in_csv_parsing_48
user_49,id_49,This_is_a_sample_description_that_is_very_long_and_contains_no_special_characters_so_the_SIMD_parser_can_fast_forward_through_multiple_chunks_without_checking_each_byte_this_shows_the_benefit_of_SIMD_optimization_in_csv_parsing_49
user_50,id_50,This_is_a_sample_description_that_is_very_long_and_contains_no_special_characters_so_the_SIMD_parser_can_fast_forward_through_multiple_chunks_without_checking_each_byte_this_shows_the_benefit_of_SIMD_optimization_in_csv_parsing_50
user_51,id_51,This_is_a_sample_description_that_is_very_long_and_contains_no_special_characters_so_the_SIMD_parser_can_fast_forward_through_multiple_chunks_without_checking_each_byte_this_shows_the_benefit_of_SIMD_optimization_in_csv_parsing_51
user_52,id_52,This_is_a_sample_description_that_is_very_long_and_contains_no_special_characters_so_the_SIMD_parser_can_fast_forward_through_multiple_chunks_without_checking_each_byte_this_shows_the_benefit_of_SIMD_optimization_in_csv_parsing_52
user_53,id_53,This_is_a_sample_description_that_is_very_long_and_contains_no_special_characters_so_the_SIMD_parser_can_fast_forward_through_multiple_chunks_without_checking_each_byte_this_shows_the_benefit_of_SIMD_optimization_in_csv_parsing_53
user_54,id_54,This_is_a_sample_description_that_is_very_long_and_contains_no_special_characters_so_the_SIMD_parser_can_fast_forward_through_multiple_chunks_without_checking_each_byte_this_shows_the_benefit_of_SIMD_optimization_in_csv_parsing_54
user_55,id_55,This_is_a_sample_description_that_is_very_long_and_contains_no_special_characters_so_the_SIMD_parser_can_fast_forward_through_multiple_chunks_without_checking_each_byte_this_shows_the_benefit_of_SIMD_optimization_in_csv_parsing_55
user_56,id_56,This_is_a_sample_description_that_is_very_long_and_contains_no_special_characters_so_the_SIMD_parser_can_fast_forward_through_multiple_chunks_without_checking_each_byte_this_shows_the_benefit_of_SIMD_optimization_in_csv_parsing_56
user_57,id_57,This_is_a_sample_description_that_is_very_long_and_contains_no_special_characters_so_the_SIMD_parser_can_fast_forward_through_multiple_chunks_without_checking_each_byte_this_shows_the_benefit_of_SIMD_optimization_in_csv_parsing_57
user_58,id_58,This_is_a_sample_description_that_is_very_long_and_contains_no_special_characters_so_the_SIMD_parser_can_fast_forward_through_multiple_chunks_without_checking_each_byte_this_shows_the_benefit_of_SIMD_optimization_in_csv_parsing_58
user_59,id_59,This_is_a_sample_description_that_is_very_long_and_contains_no_special_characters_so_the_SIMD_parser_can_fast_forward_through_multiple_chunks_without_checking_each_byte_this_shows_the_benefit_of_SIMD_optimization_in_csv_parsing_59
user_60,id_60,This_is_a_sample_description_that_is_very_long_and_contains_no_special_characters_so_the_SIMD_parser_can_fast_forward_through_multiple_chunks_without_checking_each_byte_this_shows_the_benefit_of_SIMD_optimization_in_csv_parsing_60
user_61,id_61,This_is_a_sample_description_that_is_very_long_and_contains_no_special_characters_so_the_SIMD_parser_can_fast_forward_through_multiple_chunks_without_checking_each_byte_this_shows_the_benefit_of_SIMD_optimization_in_csv_parsing_61
user_62,id_62,This_is_a_sample_description_that_is_very_long_and_contains_no_special_characters_so_the_SIMD_parser_can_fast_forward_through_multiple_chunks_without_checking_each_byte_this_shows_the_benefit_of_SIMD_optimization_in_csv_parsing_62
user_63,id_63,This_is_a_sample_description_that_is_very_long_and_contains_no_special_characters_so_the_SIMD_parser_can_fast_forward_through_multiple_chunks_without_checking_each_byte_this_shows_the_benefit_of_SIMD_optimization_in_csv_parsing_63
user_64,id_64,This_is_a_sample_description_that_is_very_long_and_contains_no_special_characters_so_the_SIMD_parser_can_fast_forward_through_multiple_chunks_without_checking_each_byte_this_shows_the_benefit_of_SIMD_optimization_in_csv_parsing_64
user_65,id_65,This_is_a_sample_description_that_is_very_long_and_contains_no_special_characters_so_the_SIMD_parser_can_fast_forward_through_multiple_chunks_without_checking_each_byte_this_shows_the_benefit_of_SIMD_optimization_in_csv_parsing_65
user_66,id_66,This_is_a_sample_description_that_is_very_long_and_contains_no_special_characters_so_the_SIMD_parser_can_fast_forward_through_multiple_chunks_without_checking_each_byte_this_shows_the_benefit_of_SIMD_optimization_in_csv_parsing_66
user_67,id_67,This_is_a_sample_description_that_is_very_long_and_contains_no_special_characters_so_the_SIMD_parser_can_fast_forward_through_multiple_chunks_without_checking_each_byte_this_shows_the_benefit_of_SIMD_optimization_in_csv_parsing_67
user_68,id_68,This_is_a_sample_description_that_is_very_long_and_contains_no_special_characters_so_the_SIMD_parser_can_fast_forward_through_multiple_chunks_without_checking_each_byte_this_shows_the_benefit_of_SIMD_optimization_in_csv_parsing_68
user_69,id_69,This_is_a_sample_description_that_is_very_long_and_contains_no_special_characters_so_the_SIMD_parser_can_fast_forward_through_multiple_chunks_without_checking_each_byte_this_shows_the_benefit_of_SIMD_optimization_in_csv_parsing_69
user_70,id_70,This_is_a_sample_description_that_is_very_long_and_contains_no_special_characters_so_the_SIMD_parser_can_fast_forward_through_multiple_chunks_without_checking_each_byte_this_shows_the_benefit_of_SIMD_optimization_in_csv_parsing_70
user_71,id_71,This_is_a_sample_description_that_is_very_long_and_contains_no_special_characters_so_the_SIMD_parser_can_fast_forward_through_multiple_chunks_without_checking_each_byte_this_shows_the_benefit_of_SIMD_optimization_in_csv_parsing_71
user_72,id_72,This_is_a_sample_description_that_is_very_long_and_contains_no_special_characters_so_the_SIMD_parser_can_fast_forward_through_multiple_chunks_without_checking_each_byte_this_shows_the_benefit_of_SIMD_optimization_in_csv_parsing_72
user_73,id_73,This_is_a_sample_description_that_is_very_long_and_contains_no_special_characters_so_the_SIMD_parser_can_fast_forward_through_multiple_chunks_without_checking_each_byte_this_shows_the_benefit_of_SIMD_optimization_in_csv_parsing_73
user_74,id_74,This_is_a_sample_description_that_is_very_long_and_contains_no_special_characters_so_the_SIMD_parser_can_fast_forward_through_multiple_chunks_without_checking_each_byte_this_shows_the_benefit_of_SIMD_optimization_in_csv_parsing_74
user_75,id_75,This_is_a_sample_description_that_is_very_long_and_contains_no_special_characters_so_the_SIMD_parser_can_fast_forward_through_multiple_chunks_without_checking_each_byte_this_shows_the_benefit_of_SIMD_optimization_in_csv_parsing_75
user_76,id_76,This_is_a_sample_description_that_is_very_long_and_contains_no_special_characters_so_the_SIMD_parser_can_fast_forward_through_multiple_chunks_without_checking_each_byte_this_shows_the_benefit_of_SIMD_optimization_in_csv_parsing_76
user_77,id_77,This_is_a_sample_description_that_is_very_long_and_contains_no_special_characters_so_the_SIMD_parser_can_fast_forward_through_multiple_chunks_without_checking_each_byte_this_shows_the_benefit_of_SIMD_optimization_in_csv_parsing_77
user_78,id_78,This_is_a_sample_description_that_is_very_long_and_contains_no_special_characters_so_the_SIMD_parser_can_fast_forward_through_multiple_chunks_without_checking_each_byte_this_shows_the_benefit_of_SIMD_optimization_in_csv_parsing_78
user_79,id_79,This_is_a_sample_description_that_is_very_long_and_contains_no_special_characters_so_the_SIMD_parser_can_fast_forward_through_multiple_chunks_without_checking_each_byte_this_shows_the_benefit_of_SIMD_optimization_in_csv_parsing_79
user_80,id_80,This_is_a_sample_description_that_is_very_long_and_contains_no_special_characters_so_the_SIMD_parser_can_fast_forward_through_multiple_chunks_without_checking_each_byte_this_shows_the_benefit_of_SIMD_optimization_in_csv_parsing_80
user_81,id_81,This_is_a_sample_description_that_is_very_long_and_contains_no_special_characters_so_the_SIMD_parser_can_fast_forward_through_multiple_chunks_without_checking_each_byte_this_shows_the_benefit_of_SIMD_optimization_in_csv_parsing_81
user_82,id_82,This_is_a_sample_description_that_is_very_long_and_contains_no_special_characters_so_the_SIMD_parser_can_fast_forward_through_multiple_chunks_without_checking_each_byte_this_shows_the_benefit_of_SIMD_optimization_in_csv_parsing_82
user_83,id_83,This_is_a_sample_description_that_is_very_long_and_contains_no_special_characters_so_the_SIMD_parser_can_fast_forward_through_multiple_chunks_without_checking_each_byte_this_shows_the_benefit_of_SIMD_optimization_in_csv_parsing_83
user_84,id_84,This_is_a_sample_description_that_is_very_long_and_contains_no_special_characters_so_the_SIMD_parser_can_fast_forward_through_multiple_chunks_without_checking_each_byte_this_shows_the_benefit_of_SIMD_optimization_in_csv_parsing_84
user_85,id_85,This_is_a_sample_description_that_is_very_long_and_contains_no_special_characters_so_the_SIMD_parser_can_fast_forward_through_multiple_chunks_without_checking_each_byte_this_shows_the_benefit_of_SIMD_optimization_in_csv_parsing_85
user_86,id_86,This_is_a_sample_description_that_is_very_long_and_contains_no_special_characters_so_the_SIMD_parser_can_fast_forward_through_multiple_chunks_without_checking_each_byte_this_shows_the_benefit_of_SIMD_optimization_in_csv_parsing_86
user_87,id_87,This_is_a_sample_description_that_is_very_long_and_contains_no_special_characters_so_the_SIMD_parser_can_fast_forward_through_multiple_chunks_without_checking_each_byte_this_shows_the_benefit_of_SIMD_optimization_in_csv_parsing_87
user_88,id_88,This_is_a_sample_description_that_is_very_long_and_contains_no_special_characters_so_the_SIMD_parser_can_fast_forward_through_multiple_chunks_without_checking_each_byte_this_shows_the_benefit_of_SIMD_optimization_in_csv_parsing_88
user_89,id_89,This_is_a_sample_description_that_is_very_long_and_contains_no_special_characters_so_the_SIMD_parser_can_fast_forward_through_multiple_chunks_without_checking_each_byte_this_shows_the_benefit_of_SIMD_optimization_in_csv_parsing_89
user_90,id_90,This_is_a_sample_description_that_is_very_long_and_contains_no_special_characters_so_the_SIMD_parser_can_fast_forward_through_multiple_chunks_without_checking_each_byte_this_shows_the_benefit_of_SIMD_optimization_in_csv_parsing_90
user_91,id_91,This_is_a_sample_description_that_is_very_long_and_contains_no_special_characters_so_the_SIMD_parser_can_fast_forward_through_multiple_chunks_without_checking_each_byte_this_shows_the_benefit_of_SIMD_optimization_in_csv_parsing_91
user_92,id_92,This_is_a_sample_description_that_is_very_long_and_contains_no_special_characters_so_the_SIMD_parser_can_fast_forward_through_multiple_chunks_without_checking_each_byte_this_shows_the_benefit_of_SIMD_optimization_in_csv_parsing_92
user_93,id_93,This_is_a_sample_description_that_is_very_long_and_contains_no_special_characters_so_the_SIMD_parser_can_fast_forward_through_multiple_chunks_without_checking_each_byte_this_shows_the_benefit_of_SIMD_optimization_in_csv_parsing_93
user_94,id_94,This_is_a_sample_description_that_is_very_long_and_contains_no_special_characters_so_the_SIMD_parser_can_fast_forward_through_multiple_chunks_without_checking_each_byte_this_shows_the_benefit_of_SIMD_optimization_in_csv_parsing_94
user_95,id_95,This_is_a_sample_description_that_is_very_long_and_contains_no_special_characters_so_the_SIMD_parser_can_fast_forward_through_multiple_chunks_without_checking_each_byte_this_shows_the_benefit_of_SIMD_optimization_in_csv_parsing_95
user_96,id_96,This_is_a_sample_description_that_is_very_long_and_contains_no_special_characters_so_the_SIMD_parser_can_fast_forward_through_multiple_chunks_without_checking_each_byte_this_shows_the_benefit_of_SIMD_optimization_in_csv_parsing_96
user_97,id_97,This_is_a_sample_description_that_is_very_long_and_contains_no_special_characters_so_the_SIMD_parser_can_fast_forward_through_multiple_chunks_without_checking_each_byte_this_shows_the_benefit_of_SIMD_optimization_in_csv_parsing_97
user_98,id_98,This_is_a_sample_description_that_is_very_long_and_contains_no_special_characters_so_the_SIMD_parser_can_fast_forward_through_multiple_chunks_without_checking_each_byte_this_shows_the_benefit_of_SIMD_optimization_in_csv_parsing_98
user_99,id_99,This_is_a_sample_description_that_is_very_long_and_contains_no_special_characters_so_the_SIMD_parser_can_fast_forward_through_multiple_chunks_without_checking_each_byte_this_shows_the_benefit_of_SIMD_optimization_in_csv_parsing_99
user_100,id_100,This_is_a_sample_description_that_is_very_long_and_contains_no_special_characters_so_the_SIMD_parser_can_fast_forward_through_multiple_chunks_without_checking_each_byte_this_shows_the_benefit_of_SIMD_optimization_in_csv_parsing_100
user_101,id_101,This_is_a_sample_description_that_is_very_long_and_contains_no_special_characters_so_the_SIMD_parser_can_fast_forward_through_multiple_chunks_without_checking_each_byte_this_shows_the_benefit_of_SIMD_optimization_in_csv_parsing_101
user_102,id_102,This_is_a_sample_description_that_is_very_long_and_contains_no_special_characters_so_the_SIMD_parser_can_fast_forward_through_multiple_chunks_without_checking_each_byte_this_shows_the_benefit_of_SIMD_optimization_in_csv_parsing_102
user_103,id_103,This_is_a_sample_description_that_is_very_long_and_contains_no_special_characters_so_the_SIMD_parser_can_fast_forward_through_multiple_chunks_without_checking_each_byte_this_shows_the_benefit_of_SIMD_optimization_in_csv_parsing_103
user_104,id_104,This_is_a_sample_description_that_is_very_long_and_contains_no_special_characters_so_the_SIMD_parser_can_fast_forward_through_multiple_chunks_without_checking_each_byte_this_shows_the_benefit_of_SIMD_optimization_in_csv_parsing_104
user_105,id_105,This_is_a_sample_description_that_is_very_long_and_contains_no_special_characters_so_the_SIMD_parser_can_fast_forward_through_multiple_chunks_without_checking_each_byte_this_shows_the_benefit_of_SIMD_optimization_in_csv_parsing_105
user_106,id_106,This_is_a_sample_description_that_is_very_long_and_contains_no_special_characters_so_the_SIMD_parser_can_fast_forward_through_multiple_chunks_without_checking_each_byte_this_shows_the_benefit_of_SIMD_optimization_in_csv_parsing_106
user_107,id_107,This_is_a_sample_description_that_is_very_long_and_contains_no_special_characters_so_the_SIMD_parser_can_fast_forward_through_multiple_chunks_without_checking_each_byte_this_shows_the_benefit_of_SIMD_optimization_in_csv_parsing_107
user_108,id_108,This_is_a_sample_description_that_is_very_long_and_contains_no_special_characters_so_the_SIMD_parser_can_fast_forward_through_multiple_chunks_without_checking_each_byte_this_shows_the_benefit_of_SIMD_optimization_in_csv_parsing_108
user_109,id_109,This_is_a_sample_description_that_is_very_long_and_contains_no_special_characters_so_the_SIMD_parser_can_fast_forward_through_multiple_chunks_without_checking_each_byte_this_shows_the_benefit_of_SIMD_optimization_in_csv_parsing_109
user_110,id_110,This_is_a_sample_description_that_is_very_long_and_contains_no_special_characters_so_the_SIMD_parser_can_fast_forward_through_multiple_chunks_without_checking_each_byte_this_shows_the_benefit_of_SIMD_optimization_in_csv_parsing_110
user_111,id_111,This_is_a_sample_description_that_is_very_long_and_contains_no_special_characters_so_the_SIMD_parser_can_fast_forward_through_multiple_chunks_without_checking_each_byte_this_shows_the_benefit_of_SIMD_optimization_in_csv_parsing_111
user_112,id_112,This_is_a_sample_description_that_is_very_long_and_contains_no_special_characters_so_the_SIMD_parser_can_fast_forward_through_multiple_chunks_without_checking_each_byte_this_shows_the_benefit_of_SIMD_optimization_in_csv_parsing_112
user_113,id_113,This_is_a_sample_description_that_is_very_long_and_contains_no_special_characters_so_the_SIMD_parser_can_fast_forward_through_multiple_chunks_without_checking_each_byte_this_shows_the_benefit_of_SIMD_optimization_in_csv_parsing_113
user_114,id_114,This_is_a_sample_description_that_is_very_long_and_contains_no_special_characters_so_the_SIMD_parser_can_fast_forward_through_multiple_chunks_without_checking_each_byte_this_shows_the_benefit_of_SIMD_optimization_in_csv_parsing_114
user_115,id_115,This_is_a_sample_description_that_is_very_long_and_contains_no_special_characters_so_the_SIMD_parser_can_fast_forward_through_multiple_chunks_without_checking_each_byte_this_shows_the_benefit_of_SIMD_optimization_in_csv_parsing_115
user_116,id_116,This_is_a_sample_description_that_is_very_long_and_contains_no_special_characters_so_the_SIMD_parser_can_fast_forward_through_multiple_chunks_without_checking_each_byte_this_shows_the_benefit_of_SIMD_optimization_in_csv_parsing_116
user_117,id_117,This_is_a_sample_description_that_is_very_long_and_contains_no_special_characters_so_the_SIMD_parser_can_fast_forward_through_multiple_chunks_without_checking_each_byte_this_shows_the_benefit_of_SIMD_optimization_in_csv_parsing_117
user_118,id_118,This_is_a_sample_description_that_is_very_long_and_contains_no_special_characters_so_the_SIMD_parser_can_fast_forward_through_multiple_chunks_without_checking_each_byte_this_shows_the_benefit_of_SIMD_optimization_in_csv_parsing_118
user_119,id_119,This_is_a_sample_description_that_is_very_long_and_contains_no_special_characters_so_the_SIMD_parser_can_fast_forward_through_multiple_chunks_without_checking_each_byte_this_shows_the_benefit_of_SIMD_optimization_in_csv_parsing_119
user_120,id_120,This_is_a_sample_description_that_is_very_long_and_contains_no_special_characters_so_the_SIMD_parser_can_fast_forward_through_multiple_chunks_without_checking_each_byte_this_shows_the_benefit_of_SIMD_optimization_in_csv_parsing_120
user_121,id_121,This_is_a_sample_description_that_is_very_long_and_contains_no_special_characters_so_the_SIMD_parser_can_fast_forward_through_multiple_chunks_without_checking_each_byte_this_shows_the_benefit_of_SIMD_optimization_in_csv_parsing_121
user_122,id_122,This_is_a_sample_description_that_is_very_long_and_contains_no_special_characters_so_the_SIMD_parser_can_fast_forward_through_multiple_chunks_without_checking_each_byte_this_shows_the_benefit_of_SIMD_optimization_in_csv_parsing_122
user_123,id_123,This_is_a_sample_description_that_is_very_long_and_contains_no_special_characters_so_the_SIMD_parser_can_fast_forward_through_multiple_chunks_without_checking_each_byte_this_shows_the_benefit_of_SIMD_optimization_in_csv_parsing_123
user_124,id_124,This_is_a_sample_description_that_is_very_long_and_contains_no_special_characters_so_the_SIMD_parser_can_fast_forward_through_multiple_chunks_without_checking_each_byte_this_shows_the_benefit_of_SIMD_optimization_in_csv_parsing_124
user_125,id_125,This_is_a_sample_description_that_is_very_long_and_contains_no_special_characters_so_the_SIMD_parser_can_fast_forward_through_multiple_chunks_without_checking_each_byte_this_shows_the_benefit_of_SIMD_optimization_in_csv_parsing_125
user_126,id_126,This_is_a_sample_description_that_is_very_long_and_contains_no_special_characters_so_the_SIMD_parser_can_fast_forward_through_multiple_chunks_without_checking_each_byte_this_shows_the_benefit_of_SIMD_optimization_in_csv_parsing_126
user_127,id_127,This_is_a_sample_description_that_is_very_long_and_contains_no_special_characters_so_the_SIMD_parser_can_fast_forward_through_multiple_chunks_without_checking_each_byte_this_shows_the_benefit_of_SIMD_optimization_in_csv_parsing_127
user_128,id_128,This_is_a_sample_description_that_is_very_long_and_contains_no_special_characters_so_the_SIMD_parser_can_fast_forward_through_multiple_chunks_without_checking_each_byte_this_shows_the_benefit_of_SIMD_optimization_in_csv_parsing_128
user_129,id_129,This_is_a_sample_description_that_is_very_long_and_contains_no_special_characters_so_the_SIMD_parser_can_fast_forward_through_multiple_chunks_without_checking_each_byte_this_shows_the_benefit_of_SIMD_optimization_in_csv_parsing_129
user_130,id_130,This_is_a_sample_description_that_is_very_long_and_contains_no_special_characters_so_the_SIMD_parser_can_fast_forward_through_multiple_chunks_without_checking_each_byte_this_shows_the_benefit_of_SIMD_optimization_in_csv_parsing_130
user_131,id_131,This_is_a_sample_description_that_is_very_long_and_contains_no_special_characters_so_the_SIMD_parser_can_fast_forward_through_multiple_chunks_without_checking_each_byte_this_shows_the_benefit_of_SIMD_optimization_in_csv_parsing_131
user_132,id_132,This_is_a_sample_description_that_is_very_long_and_contains_no_special_characters_so_the_SIMD_parser_can_fast_forward_through_multiple_chunks_without_checking_each_byte_this_shows_the_benefit_of_SIMD_optimization_in_csv_parsing_132
user_133,id_133,This_is_a_sample_description_that_is_very_long_and_contains_no_special_characters_so_the_SIMD_parser_can_fast_forward_through_multiple_chunks_without_checking_each_byte_this_shows_the_benefit_of_SIMD_optimization_in_csv_parsing_133
user_134,id_134,This_is_a_sample_description_that_is_very_long_and_contains_no_special_characters_so_the_SIMD_parser_can_fast_forward_through_multiple_chunks_without_checking_each_byte_this_shows_the_benefit_of_SIMD_optimization_in_csv_parsing_134
user_135,id_135,This_is_a_sample_description_that_is_very_long_and_contains_no_special_characters_so_the_SIMD_parser_can_fast_forward_through_multiple_chunks_without_checking_each_byte_this_shows_the_benefit_of_SIMD_optimization_in_csv_parsing_135
user_136,id_136,This_is_a_sample_description_that_is_very_long_and_contains_no_special_characters_so_the_SIMD_parser_can_fast_forward_through_multiple_chunks_without_checking_each_byte_this_shows_the_benefit_of_SIMD_optimization_in_csv_parsing_136
user_137,id_137,This_is_a_sample_description_that_is_very_long_and_contains_no_special_characters_so_the_SIMD_parser_can_fast_forward_through_multiple_chunks_without_checking_each_byte_this_shows_the_benefit_of_SIMD_optimization_in_csv_parsing_137
user_138,id_138,This_is_a_sample_description_that_is_very_long_and_contains_no_special_characters_so_the_SIMD_parser_can_fast_forward_through_multiple_chunks_without_checking_each_byte_this_shows_the_benefit_of_SIMD_optimization_in_csv_parsing_138
user_139,id_139,This_is_a_sample_description_that_is_very_long_and_contains_no_special_characters_so_the_SIMD_parser_can_fast_forward_through_multiple_chunks_without_checking_each_byte_this_shows_the_benefit_of_SIMD_optimization_in_csv_parsing_139
user_140,id_140,This_is_a_sample_description_that_is_very_long_and_contains_no_special_characters_so_the_SIMD_parser_can_fast_forward_through_multiple_chunks_without_checking_each_byte_this_shows_the_benefit_of_SIMD_optimization_in_csv_parsing_140
user_141,id_141,This_is_a_sample_description_that_is_very_long_and_contains_no_special_characters_so_the_SIMD_parser_can_fast_forward_through_multiple_chunks_without_checking_each_byte_this_shows_the_benefit_of_SIMD_optimization_in_csv_parsing_141
user_142,id_142,This_is_a_sample_description_that_is_very_long_and_contains_no_special_characters_so_the_SIMD_parser_can_fast_forward_through_multiple_chunks_without_checking_each_byte_this_shows_the_benefit_of_SIMD_optimization_in_csv_parsing_142
user_143,id_143,This_is_a_sample_description_that_is_very_long_and_contains_no_special_characters_so_the_SIMD_parser_can_fast_forward_through_multiple_chunks_without_checking_each_byte_this_shows_the_benefit_of_SIMD_optimization_in_csv_parsing_143
user_144,id_144,This_is_a_sample_description_that_is_very_long_and_contains_no_special_characters_so_the_SIMD_parser_can_fast_forward_through_multiple_chunks_without_checking_each_byte_this_shows_the_benefit_of_SIMD_optimization_in_csv_parsing_144
user_145,id_145,This_is_a_sample_description_that_is_very_long_and_contains_no_special_characters_so_the_SIMD_parser_can_fast_forward_through_multiple_chunks_without_checking_each_byte_this_shows_the_benefit_of_SIMD_optimization_in_csv_parsing_145
user_146,id_146,This_is_a_sample_description_that_is_very_long_and_contains_no_special_characters_so_the_SIMD_parser_can_fast_forward_through_multiple_chunks_without_checking_each_byte_this_shows_the_benefit_of_SIMD_optimization_in_csv_parsing_146
user_147,id_147,This_is_a_sample_description_that_is_very_long_and_contains_no_special_characters_so_the_SIMD_parser_can_fast_forward_through_multiple_chunks_without_checking_each_byte_this_shows_the_benefit_of_SIMD_optimization_in_csv_parsing_147
user_148,id_148,This_is_a_sample_description_that_is_very_long_and_contains_no_special_characters_so_the_SIMD_parser_can_fast_forward_through_multiple_chunks_without_checking_each_byte_this_shows_the_benefit_of_SIMD_optimization_in_csv_parsing_148
user_149,id_149,This_is_a_sample_description_that_is_very_long_and_contains_no_special_characters_so_the_SIMD_parser_can_fast_forward_through_multiple_chunks_without_checking_each_byte_this_shows_the_benefit_of_SIMD_optimization_in_csv_parsing_149
user_150,id_150,This_is_a_sample_description_that_is_very_long_and_contains_no_special_characters_so_the_SIMD_parser_can_fast_forward_through_multiple_chunks_without_checking_each_byte_this_shows_the_benefit_of_SIMD_optimization_in_csv_parsing_150
user_151,id_151,This_is_a_sample_description_that_is_very_long_and_contains_no_special_characters_so_the_SIMD_parser_can_fast_forward_through_multiple_chunks_without_checking_each_byte_this_shows_the_benefit_of_SIMD_optimization_in_csv_parsing_151
user_152,id_152,This_is_a_sample_description_that_is_very_long_and_contains_no_special_characters_so_the_SIMD_parser_can_fast_forward_through_multiple_chunks_without_checking_each_byte_this_shows_the_benefit_of_SIMD_optimization_in_csv_parsing_152
user_153,id_153,This_is_a_sample_description_that_is_very_long_and_contains_no_special_characters_so_the_SIMD_parser_can_fast_forward_through_multiple_chunks_without_checking_each_byte_this_shows_the_benefit_of_SIMD_optimization_in_csv_parsing_153
user_154,id_154,This_is_a_sample_description_that_is_very_long_and_contains_no_special_characters_so_the_SIMD_parser_can_fast_forward_through_multiple_chunks_without_checking_each_byte_this_shows_the_benefit_of_SIMD_optimization_in_csv_parsing_154
user_155,id_155,This_is_a_sample_description_that_is_very_long_and_contains_no_special_characters_so_the_SIMD_parser_can_fast_forward_through_multiple_chunks_without_checking_each_byte_this_shows_the_benefit_of_SIMD_optimization_in_csv_parsing_155
user_156,id_156,This_is_a_sample_description_that_is_very_long_and_contains_no_special_characters_so_the_SIMD_parser_can_fast_forward_through_multiple_chunks_without_checking_each_byte_this_shows_the_benefit_of_SIMD_optimization_in_csv_parsing_156
user_157,id_157,This_is_a_sample_description_that_is_very_long_and_contains_no_special_characters_so_the_SIMD_parser_can_fast_forward_through_multiple_chunks_without_checking_each_byte_this_shows_the_benefit_of_SIMD_optimization_in_csv_parsing_157
user_158,id_158,This_is_a_sample_description_that_is_very_long_and_contains_no_special_characters_so_the_SIMD_parser_can_fast_forward_through_multiple_chunks_without_checking_each_byte_this_shows_the_benefit_of_SIMD_optimization_in_csv_parsing_158
user_159,id_159,This_is_a_sample_description_that_is_very_long_and_contains_no_special_characters_so_the_SIMD_parser_can_fast_forward_through_multiple_chunks_without_checking_each_byte_this_shows_the_benefit_of_SIMD_optimization_in_csv_parsing_159
user_160,id_160,This_is_a_sample_description_that_is_very_long_and_contains_no_special_characters_so_the_SIMD_parser_can_fast_forward_through_multiple_chunks_without_checking_each_byte_this_shows_the_benefit_of_SIMD_optimization_in_csv_parsing_160
user_161,id_161,This_is_a_sample_description_that_is_very_long_and_contains_no_special_characters_so_the_SIMD_parser_can_fast_forward_through_multiple_chunks_without_checking_each_byte_this_shows_the_benefit_of_SIMD_optimization_in_csv_parsing_161
user_162,id_162,This_is_a_sample_description_that_is_very_long_and_contains_no_special_characters_so_the_SIMD_parser_can_fast_forward_through_multiple_chunks_without_checking_each_byte_this_shows_the_benefit_of_SIMD_optimization_in_csv_parsing_162
user_163,id_163,This_is_a_sample_description_that_is_very_long_and_contains_no_special_characters_so_the_SIMD_parser_can_fast_forward_through_multiple_chunks_without_checking_each_byte_this_shows_the_benefit_of_SIMD_optimization_in_csv_parsing_163
user_164,id_164,This_is_a_sample_description_that_is_very_long_and_contains_no_special_characters_so_the_SIMD_parser_can_fast_forward_through_multiple_chunks_without_checking_each_byte_this_shows_the_benefit_of_SIMD_optimization_in_csv_parsing_164
user_165,id_165,This_is_a_sample_description_that_is_very_long_and_contains_no_special_characters_so_the_SIMD_parser_can_fast_forward_through_multiple_chunks_without_checking_each_byte_this_shows_the_benefit_of_SIMD_optimization_in_csv_parsing_165
user_166,id_166,This_is_a_sample_description_that_is_very_long_and_contains_no_special_characters_so_the_SIMD_parser_can_fast_forward_through_multiple_chunks_without_checking_each_byte_this_shows_the_benefit_of_SIMD_optimization_in_csv_parsing_166
user_167,id_167,This_is_a_sample_description_that_is_very_long_and_contains_no_special_characters_so_the_SIMD_parser_can_fast_forward_through_multiple_chunks_without_checking_each_byte_this_shows_the_benefit_of_SIMD_optimization_in_csv_parsing_167
user_168,id_168,This_is_a_sample_description_that_is_very_long_and_contains_no_special_characters_so_the_SIMD_parser_can_fast_forward_through_multiple_chunks_without_checking_each_byte_this_shows_the_benefit_of_SIMD_optimization_in_csv_parsing_168
user_169,id_169,This_is_a_sample_description_that_is_very_long_and_contains_no_special_characters_so_the_SIMD_parser_can_fast_forward_through_multiple_chunks_without_checking_each_byte_this_shows_the_benefit_of_SIMD_optimization_in_csv_parsing_169
user_170,id_170,This_is_a_sample_description_that_is_very_long_and_contains_no_special_characters_so_the_SIMD_parser_can_fast_forward_through_multiple_chunks_without_checking_each_byte_this_shows_the_benefit_of_SIMD_optimization_in_csv_parsing_170
user_171,id_171,This_is_a_sample_description_that_is_very_long_and_contains_no_special_characters_so_the_SIMD_parser_can_fast_forward_through_multiple_chunks_without_checking_each_byte_this_shows_the_benefit_of_SIMD_optimization_in_csv_parsing_171
user_172,id_172,This_is_a_sample_description_that_is_very_long_and_contains_no_special_characters_so_the_SIMD_parser_can_fast_forward_through_multiple_chunks_without_checking_each_byte_this_shows_the_benefit_of_SIMD_optimization_in_csv_parsing_172
user_173,id_173,This_is_a_sample_description_that_is_very_long_and_contains_no_special_characters_so_the_SIMD_parser_can_fast_forward_through_multiple_chunks_without_checking_each_byte_this_shows_the_benefit_of_SIMD_optimization_in_csv_parsing_173
user_174,id_174,This_is_a_sample_description_that_is_very_long_and_contains_no_special_characters_so_the_SIMD_parser_can_fast_forward_through_multiple_chunks_without_checking_each_byte_this_shows_the_benefit_of_SIMD_optimization_in_csv_parsing_174
user_175,id_175,This_is_a_sample_description_that_is_very_long_and_contains_no_special_characters_so_the_SIMD_parser_can_fast_forward_through_multiple_chunks_without_checking_each_byte_this_shows_the_benefit_of_SIMD_optimization_in_csv_parsing_175
user_176,id_176,This_is_a_sample_description_that_is_very_long_and_contains_no_special_characters_so_the_SIMD_parser_can_fast_forward_through_multiple_chunks_without_checking_each_byte_this_shows_the_benefit_of_SIMD_optimization_in_csv_parsing_176
user_177,id_177,This_is_a_sample_description_that_is_very_long_and_contains_no_special_characters_so_the_SIMD_parser_can_fast_forward_through_multiple_chunks_without_checking_each_byte_this_shows_the_benefit_of_SIMD_optimization_in_csv_parsing_177
user_178,id_178,This_is_a_sample_description_that_is_very_long_and_contains_no_special_characters_so_the_SIMD_parser_can_fast_forward_through_multiple_chunks_without_checking_each_byte_this_shows_the_benefit_of_SIMD_optimization_in_csv_parsing_178
user_179,id_179,This_is_a_sample_description_that_is_very_long_and_contains_no_special_characters_so_the_SIMD_parser_can_fast_forward_through_multiple_chunks_without_checking_each_byte_this_shows_the_benefit_of_SIMD_optimization_in_csv_parsing_179
user_180,id_180,This_is_a_sample_description_that_is_very_long_and_contains_no_special_characters_so_the_SIMD_parser_can_fast_forward_through_multiple_chunks_without_checking_each_byte_this_shows_the_benefit_of_SIMD_optimization_in_csv_parsing_180
user_181,id_181,This_is_a_sample_description_that_is_very_long_and_contains_no_special_characters_so_the_SIMD_parser_can_fast_forward_through_multiple_chunks_without_checking_each_byte_this_shows_the_benefit_of_SIMD_optimization_in_csv_parsing_181
user_182,id_182,This_is_a_sample_description_that_is_very_long_and_contains_no_special_characters_so_the_SIMD_parser_can_fast_forward_through_multiple_chunks_without_checking_each_byte_this_shows_the_benefit_of_SIMD_optimization_in_csv_parsing_182
user_183,id_183,This_is_a_sample_description_that_is_very_long_and_contains_no_special_characters_so_the_SIMD_parser_can_fast_forward_through_multiple_chunks_without_checking_each_byte_this_shows_the_benefit_of_SIMD_optimization_in_csv_parsing_183
user_184,id_184,This_is_a_sample_description_that_is_very_long_and_contains_no_special_characters_so_the_SIMD_parser_can_fast_forward_through_multiple_chunks_without_checking_each_byte_this_shows_the_benefit_of_SIMD_optimization_in_csv_parsing_184
user_185,id_185,This_is_a_sample_description_that_is_very_long_and_contains_no_special_characters_so_the_SIMD_parser_can_fast_forward_through_multiple_chunks_without_checking_each_byte_this_shows_the_benefit_of_SIMD_optimization_in_csv_parsing_185
user_186,id_186,This_is_a_sample_description_that_is_very_long_and_contains_no_special_characters_so_the_SIMD_parser_can_fast_forward_through_multiple_chunks_without_checking_each_byte_this_shows_the_benefit_of_SIMD_optimization_in_csv_parsing_186
user_187,id_187,This_is_a_sample_description_that_is_very_long_and_contains_no_special_characters_so_the_SIMD_parser_can_fast_forward_through_multiple_chunks_without_checking_each_byte_this_shows_the_benefit_of_SIMD_optimization_in_csv_parsing_187
user_188,id_188,This_is_a_sample_description_that_is_very_long_and_contains_no_special_characters_so_the_SIMD_parser_can_fast_forward_through_multiple_chunks_without_checking_each_byte_this_shows_the_benefit_of_SIMD_optimization_in_csv_parsing_188
user_189,id_189,This_is_a_sample_description_that_is_very_long_and_contains_no_special_characters_so_the_SIMD_parser_can_fast_forward_through_multiple_chunks_without_checking_each_byte_this_shows_the_benefit_of_SIMD_optimization_in_csv_parsing_189
user_190,id_190,This_is_a_sample_description_that_is_very_long_and_contains_no_special_characters_so_the_SIMD_parser_can_fast_forward_through_multiple_chunks_without_checking_each_byte_this_shows_the_benefit_of_SIMD_optimization_in_csv_parsing_190
user_191,id_191,This_is_a_sample_description_that_is_very_long_and_contains_no_special_characters_so_the_SIMD_parser_can_fast_forward_through_multiple_chunks_without_checking_each_byte_this_shows_the_benefit_of_SIMD_optimization_in_csv_parsing_191
user_192,id_192,This_is_a_sample_description_that_is_very_long_and_contains_no_special_characters_so_the_SIMD_parser_can_fast_forward_through_multiple_chunks_without_checking_each_byte_this_shows_the_benefit_of_SIMD_optimization_in_csv_parsing_192
user_193,id_193,This_is_a_sample_description_that_is_very_long_and_contains_no_special_characters_so_the_SIMD_parser_can_fast_forward_through_multiple_chunks_without_checking_each_byte_this_shows_the_benefit_of_SIMD_optimization_in_csv_parsing_193
user_194,id_194,This_is_a_sample_description_that_is_very_long_and_contains_no_special_characters_so_the_SIMD_parser_can_fast_forward_through_multiple_chunks_without_checking_each_byte_this_shows_the_benefit_of_SIMD_optimization_in_csv_parsing_194
user_195,id_195,This_is_a_sample_description_that_is_very_long_and_contains_no_special_characters_so_the_SIMD_parser_can_fast_forward_through_multiple_chunks_without_checking_each_byte_this_shows_the_benefit_of_SIMD_optimization_in_csv_parsing_195
user_196,id_196,This_is_a_sample_description_that_is_very_long_and_contains_no_special_characters_so_the_SIMD_parser_can_fast_forward_through_multiple_chunks_without_checking_each_byte_this_shows_the_benefit_of_SIMD_optimization_in_csv_parsing_196
user_197,id_197,This_is_a_sample_description_that_is_very_long_and_contains_no_special_characters_so_the_SIMD_parser_can_fast_forward_through_multiple_chunks_without_checking_each_byte_this_shows_the_benefit_of_SIMD_optimization_in_csv_parsing_197
user_198,id_198,This_is_a_sample_description_that_is_very_long_and_contains_no_special_characters_so_the_SIMD_parser_can_fast_forward_through_multiple_chunks_without_checking_each_byte_this_shows_the_benefit_of_SIMD_optimization_in_csv_parsing_198
user_199,id_199,This_is_a_sample_description_that_is_very_long_and_contains_no_special_characters_so_the_SIMD_parser_can_fast_forward_through_multiple_chunks_without_checking_each_byte_this_shows_the_benefit_of_SIMD_optimization_in_csv_parsing_199
user_200,id_200,This_is_a_sample_description_that_is_very_long_and_contains_no_special_characters_so_the_SIMD_parser_can_fast_forward_through_multiple_chunks_without_checking_each_byte_this_shows_the_benefit_of_SIMD_optimization_in_csv_parsing_200
user_201,id_201,This_is_a_sample_description_that_is_very_long_and_contains_no_special_characters_so_the_SIMD_parser_can_fast_forward_through_multiple_chunks_without_checking_each_byte_this_shows_the_benefit_of_SIMD_optimization_in_csv_parsing_201
user_202,id_202,This_is_a_sample_description_that_is_very_long_and_contains_no_special_characters_so_the_SIMD_parser_can_fast_forward_through_multiple_chunks_without_checking_each_byte_this_shows_the_benefit_of_SIMD_optimization_in_csv_parsing_202
user_203,id_203,This_is_a_sample_description_that_is_very_long_and_contains_no_special_characters_so_the_SIMD_parser_can_fast_forward_through_multiple_chunks_without_checking_each_byte_this_shows_the_benefit_of_SIMD_optimization_in_csv_parsing_203
user_204,id_204,This_is_a_sample_description_that_is_very_long_and_contains_no_special_characters_so_the_SIMD_parser_can_fast_forward_through_multiple_chunks_without_checking_each_byte_this_shows_the_benefit_of_SIMD_optimization_in_csv_parsing_204
user_205,id_205,This_is_a_sample_description_that_is_very_long_and_contains_no_special_characters_so_the_SIMD_parser_can_fast_forward_through_multiple_chunks_without_checking_each_byte_this_shows_the_benefit_of_SIMD_optimization_in_csv_parsing_205
user_206,id_206,This_is_a_sample_description_that_is_very_long_and_contains_no_special_characters_so_the_SIMD_parser_can_fast_forward_through_multiple_chunks_without_checking_each_byte_this_shows_the_benefit_of_SIMD_optimization_in_csv_parsing_206
user_207,id_207,This_is_a_sample_description_that_is_very_long_and_contains_no_special_characters_so_the_SIMD_parser_can_fast_forward_through_multiple_chunks_without_checking_each_byte_this_shows_the_benefit_of_SIMD_optimization_in_csv_parsing_207
user_208,id_208,This_is_a_sample_description_that_is_very_long_and_contains_no_special_characters_so_the_SIMD_parser_can_fast_forward_through_multiple_chunks_without_checking_each_byte_this_shows_the_benefit_of_SIMD_optimization_in_csv_parsing_208
user_209,id_209,This_is_a_sample_description_that_is_very_long_and_contains_no_special_characters_so_the_SIMD_parser_can_fast_forward_through_multiple_chunks_without_checking_each_byte_this_shows_the_benefit_of_SIMD_optimization_in_csv_parsing_209
user_210,id_210,This_is_a_sample_description_that_is_very_long_and_contains_no_special_characters_so_the_SIMD_parser_can_fast_forward_through_multiple_chunks_without_checking_each_byte_this_shows_the_benefit_of_SIMD_optimization_in_csv_parsing_210
user_211,id_211,This_is_a_sample_description_that_is_very_long_and_contains_no_special_characters_so_the_SIMD_parser_can_fast_forward_through_multiple_chunks_without_checking_each_byte_this_shows_the_benefit_of_SIMD_optimization_in_csv_parsing_211
user_212,id_212,This_is_a_sample_description_that_is_very_long_and_contains_no_special_characters_so_the_SIMD_parser_can_fast_forward_through_multiple_chunks_without_checking_each_byte_this_shows_the_benefit_of_SIMD_optimization_in_csv_parsing_212
user_213,id_213,This_is_a_sample_description_that_is_very_long_and_contains_no_special_characters_so_the_SIMD_parser_can_fast_forward_through_multiple_chunks_without_checking_each_byte_this_shows_the_benefit_of_SIMD_optimization_in_csv_parsing_213
user_214,id_214,This_is_a_sample_description_that_is_very_long_and_contains_no_special_characters_so_the_SIMD_parser_can_fast_forward_through_multiple_chunks_without_checking_each_byte_this_shows_the_benefit_of_SIMD_optimization_in_csv_parsing_214
user_215,id_215,This_is_a_sample_description_that_is_very_long_and_contains_no_special_characters_so_the_SIMD_parser_can_fast_forward_through_multiple_chunks_without_checking_each_byte_this_shows_the_benefit_of_SIMD_optimization_in_csv_parsing_215
user_216,id_216,This_is_a_sample_description_that_is_very_long_and_contains_no_special_characters_so_the_SIMD_parser_can_fast_forward_through_multiple_chunks_without_checking_each_byte_this_shows_the_benefit_of_SIMD_optimization_in_csv_parsing_216
user_217,id_217,This_is_a_sample_description_that_is_very_long_and_contains_no_special_characters_so_the_SIMD_parser_can_fast_forward_through_multiple_chunks_without_checking_each_byte_this_shows_the_benefit_of_SIMD_optimization_in_csv_parsing_217
user_218,id_218,This_is_a_sample_description_that_is_very_long_and_contains_no_special_characters_so_the_SIMD_parser_can_fast_forward_through_multiple_chunks_without_checking_each_byte_this_shows_the_benefit_of_SIMD_optimization_in_csv_parsing_218
user_219,id_219,This_is_a_sample_description_that_is_very_long_and_contains_no_special_characters_so_the_SIMD_parser_can_fast_forward_through_multiple_chunks_without_checking_each_byte_this_shows_the_benefit_of_SIMD_optimization_in_csv_parsing_219
user_220,id_220,This_is_a_sample_description_that_is_very_long_and_contains_no_special_characters_so_the_SIMD_parser_can_fast_forward_through_multiple_chunks_without_checking_each_byte_this_shows_the_benefit_of_SIMD_optimization_in_csv_parsing_220
user_221,id_221,This_is_a_sample_description_that_is_very_long_and_contains_no_special_characters_so_the_SIMD_parser_can_fast_forward_through_multiple_chunks_without_checking_each_byte_this_shows_the_benefit_of_SIMD_optimization_in_csv_parsing_221
user_222,id_222,This_is_a_sample_description_that_is_very_long_and_contains_no_special_characters_so_the_SIMD_parser_can_fast_forward_through_multiple_chunks_without_checking_each_byte_this_shows_the_benefit_of_SIMD_optimization_in_csv_parsing_222
user_223,id_223,This_is_a_sample_description_that_is_very_long_and_contains_no_special_characters_so_the_SIMD_parser_can_fast_forward_through_multiple_chunks_without_checking_each_byte_this_shows_the_benefit_of_SIMD_optimization_in_csv_parsing_223
user_224,id_224,This_is_a_sample_description_that_is_very_long_and_contains_no_special_characters_so_the_SIMD_parser_can_fast_forward_through_multiple_chunks_without_checking_each_byte_this_shows_the_benefit_of_SIMD_optimization_in_csv_parsing_224
user_225,id_225,This_is_a_sample_description_that_is_very_long_and_contains_no_special_characters_so_the_SIMD_parser_can_fast_forward_through_multiple_chunks_without_checking_each_byte_this_shows_the_benefit_of_SIMD_optimization_in_csv_parsing_225
user_226,id_226,This_is_a_sample_description_that_is_very_long_and_contains_no_special_characters_so_the_SIMD_parser_can_fast_forward_through_multiple_chunks_without_checking_each_byte_this_shows_the_benefit_of_SIMD_optimization_in_csv_parsing_226
user_227,id_227,This_is_a_sample_description_that_is_very_long_and_contains_no_special_characters_so_the_SIMD_parser_can_fast_forward_through_multiple_chunks_without_checking_each_byte_this_shows_the_benefit_of_SIMD_optimization_in_csv_parsing_227
user_228,id_228,This_is_a_sample_description_that_is_very_long_and_contains_no_special_characters_so_the_SIMD_parser_can_fast_forward_through_multiple_chunks_without_checking_each_byte_this_shows_the_benefit_of_SIMD_optimization_in_csv_parsing_228
user_229,id_229,This_is_a_sample_description_that_is_very_long_and_contains_no_special_characters_so_the_SIMD_parser_can_fast_forward_through_multiple_chunks_without_checking_each_byte_this_shows_the_benefit_of_SIMD_optimization_in_csv_parsing_229
user_230,id_230,This_is_a_sample_description_that_is_very_long_and_contains_no_special_characters_so_the_SIMD_parser_can_fast_forward_through_multiple_chunks_without_checking_each_byte_this_shows_the_benefit_of_SIMD_optimization_in_csv_parsing_230
user_231,id_231,This_is_a_sample_description_that_is_very_long_and_contains_no_special_characters_so_the_SIMD_parser_can_fast_forward_through_multiple_chunks_without_checking_each_byte_this_shows_the_benefit_of_SIMD_optimization_in_csv_parsing_231
user_232,id_232,This_is_a_sample_description_that_is_very_long_and_contains_no_special_characters_so_the_SIMD_parser_can_fast_forward_through_multiple_chunks_without_checking_each_byte_this_shows_the_benefit_of_SIMD_optimization_in_csv_parsing_232
user_233,id_233,This_is_a_sample_description_that_is_very_long_and_contains_no_special_characters_so_the_SIMD_parser_can_fast_forward_through_multiple_chunks_without_checking_each_byte_this_shows_the_benefit_of_SIMD_optimization_in_csv_parsing_233
user_234,id_234,This_is_a_sample_description_that_is_very_long_and_contains_no_special_characters_so_the_SIMD_parser_can_fast_forward_through_multiple_chunks_without_checking_each_byte_this_shows_the_benefit_of_SIMD_optimization_in_csv_parsing_234
user_235,id_235,This_is_a_sample_description_that_is_very_long_and_contains_no_special_characters_so_the_SIMD_parser_can_fast_forward_through_multiple_chunks_without_checking_each_byte_this_shows_the_benefit_of_SIMD_optimization_in_csv_parsing_235
user_236,id_236,This_is_a_sample_description_that_is_very_long_and_contains_no_special_characters_so_the_SIMD_parser_can_fast_forward_through_multiple_chunks_without_checking_each_byte_this_shows_the_benefit_of_SIMD_optimization_in_csv_parsing_236
user_237,id_237,This_is_a_sample_description_that_is_very_long_and_contains_no_special_characters_so_the_SIMD_parser_can_fast_forward_through_multiple_chunks_without_checking_each_byte_this_shows_the_benefit_of_SIMD_optimization_in_csv_parsing_237
user_238,id_238,This_is_a_sample_description_that_is_very_long_and_contains_no_special_characters_so_the_SIMD_parser_can_fast_forward_through_multiple_chunks_without_checking_each_byte_this_shows_the_benefit_of_SIMD_optimization_in_csv_parsing_238
user_239,id_239,This_is_a_sample_description_that_is_very_long_and_contains_no_special_characters_so_the_SIMD_parser_can_fast_forward_through_multiple_chunks_without_checking_each_byte_this_shows_the_benefit_of_SIMD_optimization_in_csv_parsing_239
user_240,id_240,This_is_a_sample_description_that_is_very_long_and_contains_no_special_characters_so_the_SIMD_parser_can_fast_forward_through_multiple_chunks_without_checking_each_byte_this_shows_the_benefit_of_SIMD_optimization_in_csv_parsing_240
user_241,id_241,This_is_a_sample_description_that_is_very_long_and_contains_no_special_characters_so_the_SIMD_parser_can_fast_forward_through_multiple_chunks_without_checking_each_byte_this_shows_the_benefit_of_SIMD_optimization_in_csv_parsing_241
user_242,id_242,This_is_a_sample_description_that_is_very_long_and_contains_no_special_characters_so_the_SIMD_parser_can_fast_forward_through_multiple_chunks_without_checking_each_byte_this_shows_the_benefit_of_SIMD_optimization_in_csv_parsing_242
user_243,id_243,This_is_a_sample_description_that_is_very_long_and_contains_no_special_characters_so_the_SIMD_parser_can_fast_forward_through_multiple_chunks_without_checking_each_byte_this_shows_the_benefit_of_SIMD_optimization_in_csv_parsing_243
user_244,id_244,This_is_a_sample_description_that_is_very_long_and_contains_no_special_characters_so_the_SIMD_parser_can_fast_forward_through_multiple_chunks_without_checking_each_byte_this_shows_the_benefit_of_SIMD_optimization_in_csv_parsing_244
user_245,id_245,This_is_a_sample_description_that_is_very_long_and_contains_no_special_characters_so_the_SIMD_parser_can_fast_forward_through_multiple_chunks_without_checking_each_byte_this_shows_the_benefit_of_SIMD_optimization_in_csv_parsing_245
user_246,id_246,This_is_a_sample_description_that_is_very_long_and_contains_no_special_characters_so_the_SIMD_parser_can_fast_forward_through_multiple_chunks_without_checking_each_byte_this_shows_the_benefit_of_SIMD_optimization_in_csv_parsing_246
user_247,id_247,This_is_a_sample_description_that_is_very_long_and_contains_no_special_characters_so_the_SIMD_parser_can_fast_forward_through_multiple_chunks_without_checking_each_byte_this_shows_the_benefit_of_SIMD_optimization_in_csv_parsing_247
user_248,id_248,This_is_a_sample_description_that_is_very_long_and_contains_no_special_characters_so_the_SIMD_parser_can_fast_forward_through_multiple_chunks_without_checking_each_byte_this_shows_the_benefit_of_SIMD_optimization_in_csv_parsing_248
user_249,id_249,This_is_a_sample_description_that_is_very_long_and_contains_no_special_characters_so_the_SIMD_parser_can_fast_forward_through_multiple_chunks_without_checking_each_byte_this_shows_the_benefit_of_SIMD_optimization_in_csv_parsing_249
user_250,id_250,This_is_a_sample_description_that_is_very_long_and_contains_no_special_characters_so_the_SIMD_parser_can_fast_forward_through_multiple_chunks_without_checking_each_byte_this_shows_the_benefit_of_SIMD_optimization_in_csv_parsing_250
user_251,id_251,This_is_a_sample_description_that_is_very_long_and_contains_no_special_characters_so_the_SIMD_parser_can_fast_forward_through_multiple_chunks_without_checking_each_byte_this_shows_the_benefit_of_SIMD_optimization_in_csv_parsing_251
user_252,id_252,This_is_a_sample_description_that_is_very_long_and_contains_no_special_characters_so_the_SIMD_parser_can_fast_forward_through_multiple_chunks_without_checking_each_byte_this_shows_the_benefit_of_SIMD_optimization_in_csv_parsing_252
user_253,id_253,This_is_a_sample_description_that_is_very_long_and_contains_no_special_characters_so_the_SIMD_parser_can_fast_forward_through_multiple_chunks_without_checking_each_byte_this_shows_the_benefit_of_SIMD_optimization_in_csv_parsing_253
user_254,id_254,This_is_a_sample_description_that_is_very_long_and_contains_no_special_characters_so_the_SIMD_parser_can_fast_forward_through_multiple_chunks_without_checking_each_byte_this_shows_the_benefit_of_SIMD_optimization_in_csv_parsing_254
user_255,id_255,This_is_a_sample_description_that_is_very_long_and_contains_no_special_characters_so_the_SIMD_parser_can_fast_forward_through_multiple_chunks_without_checking_each_byte_this_shows_the_benefit_of_SIMD_optimization_in_csv_parsing_255
user_256,id_256,This_is_a_sample_description_that_is_very_long_and_contains_no_special_characters_so_the_SIMD_parser_can_fast_forward_through_multiple_chunks_without_checking_each_byte_this_shows_the_benefit_of_SIMD_optimization_in_csv_parsing_256
user_257,id_257,This_is_a_sample_description_that_is_very_long_and_contains_no_special_characters_so_the_SIMD_parser_can_fast_forward_through_multiple_chunks_without_checking_each_byte_this_shows_the_benefit_of_SIMD_optimization_in_csv_parsing_257
user_258,id_258,This_is_a_sample_description_that_is_very_long_and_contains_no_special_characters_so_the_SIMD_parser_can_fast_forward_through_multiple_chunks_without_checking_each_byte_this_shows_the_benefit_of_SIMD_optimization_in_csv_parsing_258
user_259,id_259,This_is_a_sample_description_that_is_very_long_and_contains_no_special_characters_so_the_SIMD_parser_can_fast_forward_through_multiple_chunks_without_checking_each_byte_this_shows_the_benefit_of_SIMD_optimization_in_csv_parsing_259
user_260,id_260,This_is_a_sample_description_that_is_very_long_and_contains_no_special_characters_so_the_SIMD_parser_can_fast_forward_through_multiple_chunks_without_checking_each_byte_this_shows_the_benefit_of_SIMD_optimization_in_csv_parsing_260
user_261,id_261,This_is_a_sample_description_that_is_very_long_and_contains_no_special_characters_so_the_SIMD_parser_can_fast_forward_through_multiple_chunks_without_checking_each_byte_this_shows_the_benefit_of_SIMD_optimization_in_csv_parsing_261
user_262,id_262,This_is_a_sample_description_that_is_very_long_and_contains_no_special_characters_so_the_SIMD_parser_can_fast_forward_through_multiple_chunks_without_checking_each_byte_this_shows_the_benefit_of_SIMD_optimization_in_csv_parsing_262
user_263,id_263,This_is_a_sample_description_that_is_very_long_and_contains_no_special_characters_so_the_SIMD_parser_can_fast_forward_through_multiple_chunks_without_checking_each_byte_this_shows_the_benefit_of_SIMD_optimization_in_csv_parsing_263
user_264,id_264,This_is_a_sample_description_that_is_very_long_and_contains_no_special_characters_so_the_SIMD_parser_can_fast_forward_through_multiple_chunks_without_checking_each_byte_this_shows_the_benefit_of_SIMD_optimization_in_csv_parsing_264
user_265,id_265,This_is_a_sample_description_that_is_very_long_and_contains_no_special_characters_so_the_SIMD_parser_can_fast_forward_through_multiple_chunks_without_checking_each_byte_this_shows_the_benefit_of_SIMD_optimization_in_csv_parsing_265
user_266,id_266,This_is_a_sample_description_that_is_very_long_and_contains_no_special_characters_so_the_SIMD_parser_can_fast_forward_through_multiple_chunks_without_checking_each_byte_this_shows_the_benefit_of_SIMD_optimization_in_csv_parsing_266
user_267,id_267,This_is_a_sample_description_that_is_very_long_and_contains_no_special_characters_so_the_SIMD_parser_can_fast_forward_through_multiple_chunks_without_checking_each_byte_this_shows_the_benefit_of_SIMD_optimization_in_csv_parsing_267
user_268,id_268,This_is_a_sample_description_that_is_very_long_and_contains_no_special_characters_so_the_SIMD_parser_can_fast_forward_through_multiple_chunks_without_checking_each_byte_this_shows_the_benefit_of_SIMD_optimization_in_csv_parsing_268
user_269,id_269,This_is_a_sample_description_that_is_very_long_and_contains_no_special_characters_so_the_SIMD_parser_can_fast_forward_through_multiple_chunks_without_checking_each_byte_this_shows_the_benefit_of_SIMD_optimization_in_csv_parsing_269
user_270,id_270,This_is_a_sample_description_that_is_very_long_and_contains_no_special_characters_so_the_SIMD_parser_can_fast_forward_through_multiple_chunks_without_checking_each_byte_this_shows_the_benefit_of_SIMD_optimization_in_csv_parsing_270
user_271,id_271,This_is_a_sample_description_that_is_very_long_and_contains_no_special_characters_so_the_SIMD_parser_can_fast_forward_through_multiple_chunks_without_checking_each_byte_this_shows_the_benefit_of_SIMD_optimization_in_csv_parsing_271
user_272,id_272,This_is_a_sample_description_that_is_very_long_and_contains_no_special_characters_so_the_SIMD_parser_can_fast_forward_through_multiple_chunks_without_checking_each_byte_this_shows_the_benefit_of_SIMD_optimization_in_csv_parsing_272
user_273,id_273,This_is_a_sample_description_that_is_very_long_and_contains_no_special_characters_so_the_SIMD_parser_can_fast_forward_through_multiple_chunks_without_checking_each_byte_this_shows_the_benefit_of_SIMD_optimization_in_csv_parsing_273
user_274,id_274,This_is_a_sample_description_that_is_very_long_and_contains_no_special_characters_so_the_SIMD_parser_can_fast_forward_through_multiple_chunks_without_checking_each_byte_this_shows_the_benefit_of_SIMD_optimization_in_csv_parsing_274
user_275,id_275,This_is_a_sample_description_that_is_very_long_and_contains_no_special_characters_so_the_SIMD_parser_can_fast_forward_through_multiple_chunks_without_checking_each_byte_this_shows_the_benefit_of_SIMD_optimization_in_csv_parsing_275
user_276,id_276,This_is_a_sample_description_that_is_very_long_and_contains_no_special_characters_so_the_SIMD_parser_can_fast_forward_through_multiple_chunks_without_checking_each_byte_this_shows_the_benefit_of_SIMD_optimization_in_csv_parsing_276
user_277,id_277,This_is_a_sample_description_that_is_very_long_and_contains_no_special_characters_so_the_SIMD_parser_can_fast_forward_through_multiple_chunks_without_checking_each_byte_this_shows_the_benefit_of_SIMD_optimization_in_csv_parsing_277
user_278,id_278,This_is_a_sample_description_that_is_very_long_and_contains_no_special_characters_so_the_SIMD_parser_can_fast_forward_through_multiple_chunks_without_checking_each_byte_this_shows_the_benefit_of_SIMD_optimization_in_csv_parsing_278
user_279,id_279,This_is_a_sample_description_that_is_very_long_and_contains_no_special_characters_so_the_SIMD_parser_can_fast_forward_through_multiple_chunks_without_checking_each_byte_this_shows_the_benefit_of_SIMD_optimization_in_csv_parsing_279
user_280,id_280,This_is_a_sample_description_that_is_very_long_and_contains_no_special_characters_so_the_SIMD_parser_can_fast_forward_through_multiple_chunks_without_checking_each_byte_this_shows_the_benefit_of_SIMD_optimization_in_csv_parsing_280
user_281,id_281,This_is_a_sample_description_that_is_very_long_and_contains_no_special_characters_so_the_SIMD_parser_can_fast_forward_through_multiple_chunks_without_checking_each_byte_this_shows_the_benefit_of_SIMD_optimization_in_csv_parsing_281
user_282,id_282,This_is_a_sample_description_that_is_very_long_and_contains_no_special_characters_so_the_SIMD_parser_can_fast_forward_through_multiple_chunks_without_checking_each_byte_this_shows_the_benefit_of_SIMD_optimization_in_csv_parsing_282
user_283,id_283,This_is_a_sample_description_that_is_very_long_and_contains_no_special_characters_so_the_SIMD_parser_can_fast_forward_through_multiple_chunks_without_checking_each_byte_this_shows_the_benefit_of_SIMD_optimization_in_csv_parsing_283
user_284,id_284,This_is_a_sample_description_that_is_very_long_and_contains_no_special_characters_so_the_SIMD_parser_can_fast_forward_through_multiple_chunks_without_checking_each_byte_this_shows_the_benefit_of_SIMD_optimization_in_csv_parsing_284
user_285,id_285,This_is_a_sample_description_that_is_very_long_and_contains_no_special_characters_so_the_SIMD_parser_can_fast_forward_through_multiple_chunks_without_checking_each_byte_this_shows_the_benefit_of_SIMD_optimization_in_csv_parsing_285
user_286,id_286,This_is_a_sample_description_that_is_very_long_and_contains_no_special_characters_so_the_SIMD_parser_can_fast_forward_through_multiple_chunks_without_checking_each_byte_this_shows_the_benefit_of_SIMD_optimization_in_csv_parsing_286
user_287,id_287,This_is_a_sample_description_that_is_very_long_and_contains_no_special_characters_so_the_SIMD_parser_can_fast_forward_through_multiple_chunks_without_checking_each_byte_this_shows_the_benefit_of_SIMD_optimization_in_csv_parsing_287
user_288,id_288,This_is_a_sample_description_that_is_very_long_and_contains_no_special_characters_so_the_SIMD_parser_can_fast_forward_through_multiple_chunks_without_checking_each_byte_this_shows_the_benefit_of_SIMD_optimization_in_csv_parsing_288
user_289,id_289,This_is_a_sample_description_that_is_very_long_and_contains_no_special_characters_so_the_SIMD_parser_can_fast_forward_through_multiple_chunks_without_checking_each_byte_this_shows_the_benefit_of_SIMD_optimization_in_csv_parsing_289
user_290,id_290,This_is_a_sample_description_that_is_very_long_and_contains_no_special_characters_so_the_SIMD_parser_can_fast_forward_through_multiple_chunks_without_checking_each_byte_this_shows_the_benefit_of_SIMD_optimization_in_csv_parsing_290
user_291,id_291,This_is_a_sample_description_that_is_very_long_and_contains_no_special_characters_so_the_SIMD_parser_can_fast_forward_through_multiple_chunks_without_checking_each_byte_this_shows_the_benefit_of_SIMD_optimization_in_csv_parsing_291
user_292,id_292,This_is_a_sample_description_that_is_very_long_and_contains_no_special_characters_so_the_SIMD_parser_can_fast_forward_through_multiple_chunks_without_checking_each_byte_this_shows_the_benefit_of_SIMD_optimization_in_csv_parsing_292
user_293,id_293,This_is_a_sample_description_that_is_very_long_and_contains_no_special_characters_so_the_SIMD_parser_can_fast_forward_through_multiple_chunks_without_checking_each_byte_this_shows_the_benefit_of_SIMD_optimization_in_csv_parsing_293
user_294,id_294,This_is_a_sample_description_that_is_very_long_and_contains_no_special_characters_so_the_SIMD_parser_can_fast_forward_through_multiple_chunks_without_checking_each_byte_this_shows_the_benefit_of_SIMD_optimization_in_csv_parsing_294
user_295,id_295,This_is_a_sample_description_that_is_very_long_and_contains_no_special_characters_so_the_SIMD_parser_can_fast_forward_through_multiple_chunks_without_checking_each_byte_this_shows_the_benefit_of_SIMD_optimization_in_csv_parsing_295
user_296,id_296,This_is_a_sample_description_that_is_very_long_and_contains_no_special_characters_so_the_SIMD_parser_can_fast_forward_through_multiple_chunks_without_checking_each_byte_this_shows_the_benefit_of_SIMD_optimization_in_csv_parsing_296
user_297,id_297,This_is_a_sample_description_that_is_very_long_and_contains_no_special_characters_so_the_SIMD_parser_can_fast_forward_through_multiple_chunks_without_checking_each_byte_this_shows_the_benefit_of_SIMD_optimization_in_csv_parsing_297
user_298,id_298,This_is_a_sample_description_that_is_very_long_and_contains_no_special_characters_so_the_SIMD_parser_can_fast_forward_through_multiple_chunks_without_checking_each_byte_this_shows_the_benefit_of_SIMD_optimization_in_csv_parsing_298
user_299,id_299,This_is_a_sample_description_that_is_very_long_and_contains_no_special_characters_so_the_SIMD_parser_can_fast_forward_through_multiple_chunks_without_checking_each_byte_this_shows_the_benefit_of_SIMD_optimization_in_csv_parsing_299
user_300,id_300,This_is_a_sample_description_that_is_very_long_and_contains_no_special_characters_so_the_SIMD_parser_can_fast_forward_through_multiple_chunks_without_checking_each_byte_this_shows_the_benefit_of_SIMD_optimization_in_csv_parsing_300
user_301,id_301,This_is_a_sample_description_that_is_very_long_and_contains_no_special_characters_so_the_SIMD_parser_can_fast_forward_through_multiple_chunks_without_checking_each_byte_this_shows_the_benefit_of_SIMD_optimization_in_csv_parsing_301
user_302,id_302,This_is_a_sample_description_that_is_very_long_and_contains_no_special_characters_so_the_SIMD_parser_can_fast_forward_through_multiple_chunks_without_checking_each_byte_this_shows_the_benefit_of_SIMD_optimization_in_csv_parsing_302
user_303,id_303,This_is_a_sample_description_that_is_very_long_and_contains_no_special_characters_so_the_SIMD_parser_can_fast_forward_through_multiple_chunks_without_checking_each_byte_this_shows_the_benefit_of_SIMD_optimization_in_csv_parsing_303
user_304,id_304,This_is_a_sample_description_that_is_very_long_and_contains_no_special_characters_so_the_SIMD_parser_can_fast_forward_through_multiple_chunks_without_checking_each_byte_this_shows_the_benefit_of_SIMD_optimization_in_csv_parsing_304
user_305,id_305,This_is_a_sample_description_that_is_very_long_and_contains_no_special_characters_so_the_SIMD_parser_can_fast_forward_through_multiple_chunks_without_checking_each_byte_this_shows_the_benefit_of_SIMD_optimization_in_csv_parsing_305
user_306,id_306,This_is_a_sample_description_that_is_very_long_and_contains_no_special_characters_so_the_SIMD_parser_can_fast_forward_through_multiple_chunks_without_checking_each_byte_this_shows_the_benefit_of_SIMD_optimization_in_csv_parsing_306
user_307,id_307,This_is_a_sample_description_that_is_very_long_and_contains_no_special_characters_so_the_SIMD_parser_can_fast_forward_through_multiple_chunks_without_checking_each_byte_this_shows_the_benefit_of_SIMD_optimization_in_csv_parsing_307
user_308,id_308,This_is_a_sample_description_that_is_very_long_and_contains_no_special_characters_so_the_SIMD_parser_can_fast_forward_through_multiple_chunks_without_checking_each_byte_this_shows_the_benefit_of_SIMD_optimization_in_csv_parsing_308
user_309,id_309,This_is_a_sample_description_that_is_very_long_and_contains_no_special_characters_so_the_SIMD_parser_can_fast_forward_through_multiple_chunks_without_checking_each_byte_this_shows_the_benefit_of_SIMD_optimization_in_csv_parsing_309
user_310,id_310,This_is_a_sample_description_that_is_very_long_and_contains_no_special_characters_so_the_SIMD_parser_can_fast_forward_through_multiple_chunks_without_checking_each_byte_this_shows_the_benefit_of_SIMD_optimization_in_csv_parsing_310
user_311,id_311,This_is_a_sample_description_that_is_very_long_and_contains_no_special_characters_so_the_SIMD_parser_can_fast_forward_through_multiple_chunks_without_checking_each_byte_this_shows_the_benefit_of_SIMD_optimization_in_csv_parsing_311
user_312,id_312,This_is_a_sample_description_that_is_very_long_and_contains_no_special_characters_so_the_SIMD_parser_can_fast_forward_through_multiple_chunks_without_checking_each_byte_this_shows_the_benefit_of_SIMD_optimization_in_csv_parsing_312
user_313,id_313,This_is_a_sample_description_that_is_very_long_and_contains_no_special_characters_so_the_SIMD_parser_can_fast_forward_through_multiple_chunks_without_checking_each_byte_this_shows_the_benefit_of_SIMD_optimization_in_csv_parsing_313
user_314,id_314,This_is_a_sample_description_that_is_very_long_and_contains_no_special_characters_so_the_SIMD_parser_can_fast_forward_through_multiple_chunks_without_checking_each_byte_this_shows_the_benefit_of_SIMD_optimization_in_csv_parsing_314
user_315,id_315,This_is_a_sample_description_that_is_very_long_and_contains_no_special_characters_so_the_SIMD_parser_can_fast_forward_through_multiple_chunks_without_checking_each_byte_this_shows_the_benefit_of_SIMD_optimization_in_csv_parsing_315
user_316,id_316,This_is_a_sample_description_that_is_very_long_and_contains_no_special_characters_so_the_SIMD_parser_can_fast_forward_through_multiple_chunks_without_checking_each_byte_this_shows_the_benefit_of_SIMD_optimization_in_csv_parsing_316
user_317,id_317,This_is_a_sample_description_that_is_very_long_and_contains_no_special_characters_so_the_SIMD_parser_can_fast_forward_through_multiple_chunks_without_checking_each_byte_this_shows_the_benefit_of_SIMD_optimization_in_csv_parsing_317
user_318,id_318,This_is_a_sample_description_that_is_very_long_and_contains_no_special_characters_so_the_SIMD_parser_can_fast_forward_through_multiple_chunks_without_checking_each_byte_this_shows_the_benefit_of_SIMD_optimization_in_csv_parsing_318
user_319,id_319,This_is_a_sample_description_that_is_very_long_and_contains_no_special_characters_so_the_SIMD_parser_can_fast_forward_through_multiple_chunks_without_checking_each_byte_this_shows_the_benefit_of_SIMD_optimization_in_csv_parsing_319
user_320,id_320,This_is_a_sample_description_that_is_very_long_and_contains_no_special_characters_so_the_SIMD_parser_can_fast_forward_through_multiple_chunks_without_checking_each_byte_this_shows_the_benefit_of_SIMD_optimization_in_csv_parsing_320
user_321,id_321,This_is_a_sample_description_that_is_very_long_and_contains_no_special_characters_so_the_SIMD_parser_can_fast_forward_through_multiple_chunks_without_checking_each_byte_this_shows_the_benefit_of_SIMD_optimization_in_csv_parsing_321
user_322,id_322,This_is_a_sample_description_that_is_very_long_and_contains_no_special_characters_so_the_SIMD_parser_can_fast_forward_through_multiple_chunks_without_checking_each_byte_this_shows_the_benefit_of_SIMD_optimization_in_csv_parsing_322
user_323,id_323,This_is_a_sample_description_that_is_very_long_and_contains_no_special_characters_so_the_SIMD_parser_can_fast_forward_through_multiple_chunks_without_checking_each_byte_this_shows_the_benefit_of_SIMD_optimization_in_csv_parsing_323
user_324,id_324,This_is_a_sample_description_that_is_very_long_and_contains_no_special_characters_so_the_SIMD_parser_can_fast_forward_through_multiple_chunks_without_checking_each_byte_this_shows_the_benefit_of_SIMD_optimization_in_csv_parsing_324
user_325,id_325,This_is_a_sample_description_that_is_very_long_and_contains_no_special_characters_so_the_SIMD_parser_can_fast_forward_through_multiple_chunks_without_checking_each_byte_this_shows_the_benefit_of_SIMD_optimization_in_csv_parsing_325
user_326,id_326,This_is_a_sample_description_that_is_very_long_and_contains_no_special_characters_so_the_SIMD_parser_can_fast_forward_through_multiple_chunks_without_checking_each_byte_this_shows_the_benefit_of_SIMD_optimization_in_csv_parsing_326
user_327,id_327,This_is_a_sample_description_that_is_very_long_and_contains_no_special_characters_so_the_SIMD_parser_can_fast_forward_through_multiple_chunks_without_checking_each_byte_this_shows_the_benefit_of_SIMD_optimization_in_csv_parsing_327
user_328,id_328,This_is_a_sample_description_that_is_very_long_and_contains_no_special_characters_so_the_SIMD_parser_can_fast_forward_through_multiple_chunks_without_checking_each_byte_this_shows_the_benefit_of_SIMD_optimization_in_csv_parsing_328
user_329,id_329,This_is_a_sample_description_that_is_very_long_and_contains_no_special_characters_so_the_SIMD_parser_can_fast_forward_through_multiple_chunks_without_checking_each_byte_this_shows_the_benefit_of_SIMD_optimization_in_csv_parsing_329
user_330,id_330,This_is_a_sample_description_that_is_very_long_and_contains_no_special_characters_so_the_SIMD_parser_can_fast_forward_through_multiple_chunks_without_checking_each_byte_this_shows_the_benefit_of_SIMD_optimization_in_csv_parsing_330
user_331,id_331,This_is_a_sample_description_that_is_very_long_and_contains_no_special_characters_so_the_SIMD_parser_can_fast_forward_through_multiple_chunks_without_checking_each_byte_this_shows_the_benefit_of_SIMD_optimization_in_csv_parsing_331
user_332,id_332,This_is_a_sample_description_that_is_very_long_and_contains_no_special_characters_so_the_SIMD_parser_can_fast_forward_through_multiple_chunks_without_checking_each_byte_this_shows_the_benefit_of_SIMD_optimization_in_csv_parsing_332
user_333,id_333,This_is_a_sample_description_that_is_very_long_and_contains_no_special_characters_so_the_SIMD_parser_can_fast_forward_through_multiple_chunks_without_checking_each_byte_this_shows_the_benefit_of_SIMD_optimization_in_csv_parsing_333
user_334,id_334,This_is_a_sample_description_that_is_very_long_and_contains_no_special_characters_so_the_SIMD_parser_can_fast_forward_through_multiple_chunks_without_checking_each_byte_this_shows_the_benefit_of_SIMD_optimization_in_csv_parsing_334
user_335,id_335,This_is_a_sample_description_that_is_very_long_and_contains_no_special_characters_so_the_SIMD_parser_can_fast_forward_through_multiple_chunks_without_checking_each_byte_this_shows_the_benefit_of_SIMD_optimization_in_csv_parsing_335
user_336,id_336,This_is_a_sample_description_that_is_very_long_and_contains_no_special_characters_so_the_SIMD_parser_can_fast_forward_through_multiple_chunks_without_checking_each_byte_this_shows_the_benefit_of_SIMD_optimization_in_csv_parsing_336
user_337,id_337,This_is_a_sample_description_that_is_very_long_and_contains_no_special_characters_so_the_SIMD_parser_can_fast_forward_through_multiple_chunks_without_checking_each_byte_this_shows_the_benefit_of_SIMD_optimization_in_csv_parsing_337
user_338,id_338,This_is_a_sample_description_that_is_very_long_and_contains_no_special_characters_so_the_SIMD_parser_can_fast_forward_through_multiple_chunks_without_checking_each_byte_this_shows_the_benefit_of_SIMD_optimization_in_csv_parsing_338
user_339,id_339,This_is_a_sample_description_that_is_very_long_and_contains_no_special_characters_so_the_SIMD_parser_can_fast_forward_through_multiple_chunks_without_checking_each_byte_this_shows_the_benefit_of_SIMD_optimization_in_csv_parsing_339
user_340,id_340,This_is_a_sample_description_that_is_very_long_and_contains_no_special_characters_so_the_SIMD_parser_can_fast_forward_through_multiple_chunks_without_checking_each_byte_this_shows_the_benefit_of_SIMD_optimization_in_csv_parsing_340
user_341,id_341,This_is_a_sample_description_that_is_very_long_and_contains_no_special_characters_so_the_SIMD_parser_can_fast_forward_through_multiple_chunks_without_checking_each_byte_this_shows_the_benefit_of_SIMD_optimization_in_csv_parsing_341
user_342,id_342,This_is_a_sample_description_that_is_very_long_and_contains_no_special_characters_so_the_SIMD_parser_can_fast_forward_through_multiple_chunks_without_checking_each_byte_this_shows_the_benefit_of_SIMD_optimization_in_csv_parsing_342
user_343,id_343,This_is_a_sample_description_that_is_very_long_and_contains_no_special_characters_so_the_SIMD_parser_can_fast_forward_through_multiple_chunks_without_checking_each_byte_this_shows_the_benefit_of_SIMD_optimization_in_csv_parsing_343
user_344,id_344,This_is_a_sample_description_that_is_very_long_and_contains_no_special_characters_so_the_SIMD_parser_can_fast_forward_through_multiple_chunks_without_checking_each_byte_this_shows_the_benefit_of_SIMD_optimization_in_csv_parsing_344
user_345,id_345,This_is_a_sample_description_that_is_very_long_and_contains_no_special_characters_so_the_SIMD_parser_can_fast_forward_through_multiple_chunks_without_checking_each_byte_this_shows_the_benefit_of_SIMD_optimization_in_csv_parsing_345
user_346,id_346,This_is_a_sample_description_that_is_very_long_and_contains_no_special_characters_so_the_SIMD_parser_can_fast_forward_through_multiple_chunks_without_checking_each_byte_this_shows_the_benefit_of_SIMD_optimization_in_csv_parsing_346
user_347,id_347,This_is_a_sample_description_that_is_very_long_and_contains_no_special_characters_so_the_SIMD_parser_can_fast_forward_through_multiple_chunks_without_checking_each_byte_this_shows_the_benefit_of_SIMD_optimization_in_csv_parsing_347
user_348,id_348,This_is_a_sample_description_that_is_very_long_and_contains_no_special_characters_so_the_SIMD_parser_can_fast_forward_through_multiple_chunks_without_checking_each_byte_this_shows_the_benefit_of_SIMD_optimization_in_csv_parsing_348
user_349,id_349,This_is_a_sample_description_that_is_very_long_and_contains_no_special_characters_so_the_SIMD_parser_can_fast_forward_through_multiple_chunks_without_checking_each_byte_this_shows_the_benefit_of_SIMD_optimization_in_csv_parsing_349
user_350,id_350,This_is_a_sample_description_that_is_very_long_and_contains_no_special_characters_so_the_SIMD_parser_can_fast_forward_through_multiple_chunks_without_checking_each_byte_this_shows_the_benefit_of_SIMD_optimization_in_csv_parsing_350
user_351,id_351,This_is_a_sample_description_that_is_very_long_and_contains_no_special_characters_so_the_SIMD_parser_can_fast_forward_through_multiple_chunks_without_checking_each_byte_this_shows_the_benefit_of_SIMD_optimization_in_csv_parsing_351
user_352,id_352,This_is_a_sample_description_that_is_very_long_and_contains_no_special_characters_so_the_SIMD_parser_can_fast_forward_through_multiple_chunks_without_checking_each_byte_this_shows_the_benefit_of_SIMD_optimization_in_csv_parsing_352
user_353,id_353,This_is_a_sample_description_that_is_very_long_and_contains_no_special_characters_so_the_SIMD_parser_can_fast_forward_through_multiple_chunks_without_checking_each_byte_this_shows_the_benefit_of_SIMD_optimization_in_csv_parsing_353
user_354,id_354,This_is_a_sample_description_that_is_very_long_and_contains_no_special_characters_so_the_SIMD_parser_can_fast_forward_through_multiple_chunks_without_checking_each_byte_this_shows_the_benefit_of_SIMD_optimization_in_csv_parsing_354
user_355,id_355,This_is_a_sample_description_that_is_very_long_and_contains_no_special_characters_so_the_SIMD_parser_can_fast_forward_through_multiple_chunks_without_checking_each_byte_this_shows_the_benefit_of_SIMD_optimization_in_csv_parsing_355
user_356,id_356,This_is_a_sample_description_that_is_very_long_and_contains_no_special_characters_so_the_SIMD_parser_can_fast_forward_through_multiple_chunks_without_checking_each_byte_this_shows_the_benefit_of_SIMD_optimization_in_csv_parsing_356
user_357,id_357,This_is_a_sample_description_that_is_very_long_and_contains_no_special_characters_so_the_SIMD_parser_can_fast_forward_through_multiple_chunks_without_checking_each_byte_this_shows_the_benefit_of_SIMD_optimization_in_csv_parsing_357
user_358,id_358,This_is_a_sample_description_that_is_very_long_and_contains_no_special_characters_so_the_SIMD_parser_can_fast_forward_through_multiple_chunks_without_checking_each_byte_this_shows_the_benefit_of_SIMD_optimization_in_csv_parsing_358
user_359,id_359,This_is_a_sample_description_that_is_very_long_and_contains_no_special_characters_so_the_SIMD_parser_can_fast_forward_through_multiple_chunks_without_checking_each_byte_this_shows_the_benefit_of_SIMD_optimization_in_csv_parsing_359
user_360,id_360,This_is_a_sample_description_that_is_very_long_and_contains_no_special_characters_so_the_SIMD_parser_can_fast_forward_through_multiple_chunks_without_checking_each_byte_this_shows_the_benefit_of_SIMD_optimization_in_csv_parsing_360
user_361,id_361,This_is_a_sample_description_that_is_very_long_and_contains_no_special_characters_so_the_SIMD_parser_can_fast_forward_through_multiple_chunks_without_checking_each_byte_this_shows_the_benefit_of_SIMD_optimization_in_csv_parsing_361
user_362,id_362,This_is_a_sample_description_that_is_very_long_and_contains_no_special_characters_so_the_SIMD_parser_can_fast_forward_through_multiple_chunks_without_checking_each_byte_this_shows_the_benefit_of_SIMD_optimization_in_csv_parsing_362
user_363,id_363,This_is_a_sample_description_that_is_very_long_and_contains_no_special_characters_so_the_SIMD_parser_can_fast_forward_through_multiple_chunks_without_checking_each_byte_this_shows_the_benefit_of_SIMD_optimization_in_csv_parsing_363
user_364,id_364,This_is_a_sample_description_that_is_very_long_and_contains_no_special_characters_so_the_SIMD_parser_can_fast_forward_through_multiple_chunks_without_checking_each_byte_this_shows_the_benefit_of_SIMD_optimization_in_csv_parsing_364
user_365,id_365,This_is_a_sample_description_that_is_very_long_and_contains_no_special_characters_so_the_SIMD_parser_can_fast_forward_through_multiple_chunks_without_checking_each_byte_this_shows_the_benefit_of_SIMD_optimization_in_csv_parsing_365
user_366,id_366,This_is_a_sample_description_that_is_very_long_and_contains_no_special_characters_so_the_SIMD_parser_can_fast_forward_through_multiple_chunks_without_checking_each_byte_this_shows_the_benefit_of_SIMD_optimization_in_csv_parsing_366
user_367,id_367,This_is_a_sample_description_that_is_very_long_and_contains_no_special_characters_so_the_SIMD_parser_can_fast_forward_through_multiple_chunks_without_checking_each_byte_this_shows_the_benefit_of_SIMD_optimization_in_csv_parsing_367
user_368,id_368,This_is_a_sample_description_that_is_very_long_and_contains_no_special_characters_so_the_SIMD_parser_can_fast_forward_through_multiple_chunks_without_checking_each_byte_this_shows_the_benefit_of_SIMD_optimization_in_csv_parsing_368
user_369,id_369,This_is_a_sample_description_that_is_very_long_and_contains_no_special_characters_so_the_SIMD_parser_can_fast_forward_through_multiple_chunks_without_checking_each_byte_this_shows_the_benefit_of_SIMD_optimization_in_csv_parsing_369
user_370,id_370,This_is_a_sample_description_that_is_very_long_and_contains_no_special_characters_so_the_SIMD_parser_can_fast_forward_through_multiple_chunks_without_checking_each_byte_this_shows_the_benefit_of_SIMD_optimization_in_csv_parsing_370
user_371,id_371,This_is_a_sample_description_that_is_very_long_and_contains_no_special_characters_so_the_SIMD_parser_can_fast_forward_through_multiple_chunks_without_checking_each_byte_this_shows_the_benefit_of_SIMD_optimization_in_csv_parsing_371
user_372,id_372,This_is_a_sample_description_that_is_very_long_and_contains_no_special_characters_so_the_SIMD_parser_can_fast_forward_through_multiple_chunks_without_checking_each_byte_this_shows_the_benefit_of_SIMD_optimization_in_csv_parsing_372
user_373,id_373,This_is_a_sample_description_that_is_very_long_and_contains_no_special_characters_so_the_SIMD_parser_can_fast_forward_through_multiple_chunks_without_checking_each_byte_this_shows_the_benefit_of_SIMD_optimization_in_csv_parsing_373
user_374,id_374,This_is_a_sample_description_that_is_very_long_and_contains_no_special_characters_so_the_SIMD_parser_can_fast_forward_through_multiple_chunks_without_checking_each_byte_this_shows_the_benefit_of_SIMD_optimization_in_csv_parsing_374
user_375,id_375,This_is_a_sample_description_that_is_very_long_and_contains_no_special_characters_so_the_SIMD_parser_can_fast_forward_through_multiple_chunks_without_checking_each_byte_this_shows_the_benefit_of_SIMD_optimization_in_csv_parsing_375
user_376,id_376,This_is_a_sample_description_that_is_very_long_and_contains_no_special_characters_so_the_SIMD_parser_can_fast_forward_through_multiple_chunks_without_checking_each_byte_this_shows_the_benefit_of_SIMD_optimization_in_csv_parsing_376
user_377,id_377,This_is_a_sample_description_that_is_very_long_and_contains_no_special_characters_so_the_SIMD_parser_can_fast_forward_through_multiple_chunks_without_checking_each_byte_this_shows_the_benefit_of_SIMD_optimization_in_csv_parsing_377
user_378,id_378,This_is_a_sample_description_that_is_very_long_and_contains_no_special_characters_so_the_SIMD_parser_can_fast_forward_through_multiple_chunks_without_checking_each_byte_this_shows_the_benefit_of_SIMD_optimization_in_csv_parsing_378
user_379,id_379,This_is_a_sample_description_that_is_very_long_and_contains_no_special_characters_so_the_SIMD_parser_can_fast_forward_through_multiple_chunks_without_checking_each_byte_this_shows_the_benefit_of_SIMD_optimization_in_csv_parsing_379
user_380,id_380,This_is_a_sample_description_that_is_very_long_and_contains_no_special_characters_so_the_SIMD_parser_can_fast_forward_through_multiple_chunks_without_checking_each_byte_this_shows_the_benefit_of_SIMD_optimization_in_csv_parsing_380
user_381,id_381,This_is_a_sample_description_that_is_very_long_and_contains_no_special_characters_so_the_SIMD_parser_can_fast_forward_through_multiple_chunks_without_checking_each_byte_this_shows_the_benefit_of_SIMD_optimization_in_csv_parsing_381
user_382,id_382,This_is_a_sample_description_that_is_very_long_and_contains_no_special_characters_so_the_SIMD_parser_can_fast_forward_through_multiple_chunks_without_checking_each_byte_this_shows_the_benefit_of_SIMD_optimization_in_csv_parsing_382
user_383,id_383,This_is_a_sample_description_that_is_very_long_and_contains_no_special_characters_so_the_SIMD_parser_can_fast_forward_through_multiple_chunks_without_checking_each_byte_this_shows_the_benefit_of_SIMD_optimization_in_csv_parsing_383
user_384,id_384,This_is_a_sample_description_that_is_very_long_and_contains_no_special_characters_so_the_SIMD_parser_can_fast_forward_through_multiple_chunks_without_checking_each_byte_this_shows_the_benefit_of_SIMD_optimization_in_csv_parsing_384
user_385,id_385,This_is_a_sample_description_that_is_very_long_and_contains_no_special_characters_so_the_SIMD_parser_can_fast_forward_through_multiple_chunks_without_checking_each_byte_this_shows_the_benefit_of_SIMD_optimization_in_csv_parsing_385
user_386,id_386,This_is_a_sample_description_that_is_very_long_and_contains_no_special_characters_so_the_SIMD_parser_can_fast_forward_through_multiple_chunks_without_checking_each_byte_this_shows_the_benefit_of_SIMD_optimization_in_csv_parsing_386
user_387,id_387,This_is_a_sample_description_that_is_very_long_and_contains_no_special_characters_so_the_SIMD_parser_can_fast_forward_through_multiple_chunks_without_checking_each_byte_this_shows_the_benefit_of_SIMD_optimization_in_csv_parsing_387
user_388,id_388,This_is_a_sample_description_that_is_very_long_and_contains_no_special_characters_so_the_SIMD_parser_can_fast_forward_through_multiple_chunks_without_checking_each_byte_this_shows_the_benefit_of_SIMD_optimization_in_csv_parsing_388
user_389,id_389,This_is_a_sample_description_that_is_very_long_and_contains_no_special_characters_so_the_SIMD_parser_can_fast_forward_through_multiple_chunks_without_checking_each_byte_this_shows_the_benefit_of_SIMD_optimization_in_csv_parsing_389
user_390,id_390,This_is_a_sample_description_that_is_very_long_and_contains_no_special_characters_so_the_SIMD_parser_can_fast_forward_through_multiple_chunks_without_checking_each_byte_this_shows_the_benefit_of_SIMD_optimization_in_csv_parsing_390
user_391,id_391,This_is_a_sample_description_that_is_very_long_and_contains_no_special_characters_so_the_SIMD_parser_can_fast_forward_through_multiple_chunks_without_checking_each_byte_this_shows_the_benefit_of_SIMD_optimization_in_csv_parsing_391
user_392,id_392,This_is_a_sample_description_that_is_very_long_and_contains_no_special_characters_so_the_SIMD_parser_can_fast_forward_through_multiple_chunks_without_checking_each_byte_this_shows_the_benefit_of_SIMD_optimization_in_csv_parsing_392
user_393,id_393,This_is_a_sample_description_that_is_very_long_and_contains_no_special_characters_so_the_SIMD_parser_can_fast_forward_through_multiple_chunks_without_checking_each_byte_this_shows_the_benefit_of_SIMD_optimization_in_csv_parsing_393
user_394,id_394,This_is_a_sample_description_that_is_very_long_and_contains_no_special_characters_so_the_SIMD_parser_can_fast_forward_through_multiple_chunks_without_checking_each_byte_this_shows_the_benefit_of_SIMD_optimization_in_csv_parsing_394
user_395,id_395,This_is_a_sample_description_that_is_very_long_and_contains_no_special_characters_so_the_SIMD_parser_can_fast_forward_through_multiple_chunks_without_checking_each_byte_this_shows_the_benefit_of_SIMD_optimization_in_csv_parsing_395
user_396,id_396,This_is_a_sample_description_that_is_very_long_and_contains_no_special_characters_so_the_SIMD_parser_can_fast_forward_through_multiple_chunks_without_checking_each_byte_this_shows_the_benefit_of_SIMD_optimization_in_csv_parsing_396
user_397,id_397,This_is_a_sample_description_that_is_very_long_and_contains_no_special_characters_so_the_SIMD_parser_can_fast_forward_through_multiple_chunks_without_checking_each_byte_this_shows_the_benefit_of_SIMD_optimization_in_csv_parsing_397
user_398,id_398,This_is_a_sample_description_that_is_very_long_and_contains_no_special_characters_so_the_SIMD_parser_can_fast_forward_through_multiple_chunks_without_checking_each_byte_this_shows_the_benefit_of_SIMD_optimization_in_csv_parsing_398
user_399,id_399,This_is_a_sample_description_that_is_very_long_and_contains_no_special_characters_so_the_SIMD_parser_can_fast_forward_through_multiple_chunks_without_checking_each_byte_this_shows_the_benefit_of_SIMD_optimization_in_csv_parsing_399
user_400,id_400,This_is_a_sample_description_that_is_very_long_and_contains_no_special_characters_so_the_SIMD_parser_can_fast_forward_through_multiple_chunks_without_checking_each_byte_this_shows_the_benefit_of_SIMD_optimization_in_csv_parsing_400
user_401,id_401,This_is_a_sample_description_that_is_very_long_and_contains_no_special_characters_so_the_SIMD_parser_can_fast_forward_through_multiple_chunks_without_checking_each_byte_this_shows_the_benefit_of_SIMD_optimization_in_csv_parsing_401
user_402,id_402,This_is_a_sample_description_that_is_very_long_and_contains_no_special_characters_so_the_SIMD_parser_can_fast_forward_through_multiple_chunks_without_checking_each_byte_this_shows_the_benefit_of_SIMD_optimization_in_csv_parsing_402
user_403,id_403,This_is_a_sample_description_that_is_very_long_and_contains_no_special_characters_so_the_SIMD_parser_can_fast_forward_through_multiple_chunks_without_checking_each_byte_this_shows_the_benefit_of_SIMD_optimization_in_csv_parsing_403
user_404,id_404,This_is_a_sample_description_that_is_very_long_and_contains_no_special_characters_so_the_SIMD_parser_can_fast_forward_through_multiple_chunks_without_checking_each_byte_this_shows_the_benefit_of_SIMD_optimization_in_csv_parsing_404
user_405,id_405,This_is_a_sample_description_that_is_very_long_and_contains_no_special_characters_so_the_SIMD_parser_can_fast_forward_through_multiple_chunks_without_checking_each_byte_this_shows_the_benefit_of_SIMD_optimization_in_csv_parsing_405
user_406,id_406,This_is_a_sample_description_that_is_very_long_and_contains_no_special_characters_so_the_SIMD_parser_can_fast_forward_through_multiple_chunks_without_checking_each_byte_this_shows_the_benefit_of_SIMD_optimization_in_csv_parsing_406
user_407,id_407,This_is_a_sample_description_that_is_very_long_and_contains_no_special_characters_so_the_SIMD_parser_can_fast_forward_through_multiple_chunks_without_checking_each_byte_this_shows_the_benefit_of_SIMD_optimization_in_csv_parsing_407
user_408,id_408,This_is_a_sample_description_that_is_very_long_and_contains_no_special_characters_so_the_SIMD_parser_can_fast_forward_through_multiple_chunks_without_checking_each_byte_this_shows_the_benefit_of_SIMD_optimization_in_csv_parsing_408
user_409,id_409,This_is_a_sample_description_that_is_very_long_and_contains_no_special_characters_so_the_SIMD_parser_can_fast_forward_through_multiple_chunks_without_checking_each_byte_this_shows_the_benefit_of_SIMD_optimization_in_csv_parsing_409
user_410,id_410,This_is_a_sample_description_that_is_very_long_and_contains_no_special_characters_so_the_SIMD_parser_can_fast_forward_through_multiple_chunks_without_checking_each_byte_this_shows_the_benefit_of_SIMD_optimization_in_csv_parsing_410
user_411,id_411,This_is_a_sample_description_that_is_very_long_and_contains_no_special_characters_so_the_SIMD_parser_can_fast_forward_through_multiple_chunks_without_checking_each_byte_this_shows_the_benefit_of_SIMD_optimization_in_csv_parsing_411
user_412,id_412,This_is_a_sample_description_that_is_very_long_and_contains_no_special_characters_so_the_SIMD_parser_can_fast_forward_through_multiple_chunks_without_checking_each_byte_this_shows_the_benefit_of_SIMD_optimization_in_csv_parsing_412
user_413,id_413,This_is_a_sample_description_that_is_very_long_and_contains_no_special_characters_so_the_SIMD_parser_can_fast_forward_through_multiple_chunks_without_checking_each_byte_this_shows_the_benefit_of_SIMD_optimization_in_csv_parsing_413
user_414,id_414,This_is_a_sample_description_that_is_very_long_and_contains_no_special_characters_so_the_SIMD_parser_can_fast_forward_through_multiple_chunks_without_checking_each_byte_this_shows_the_benefit_of_SIMD_optimization_in_csv_parsing_414
user_415,id_415,This_is_a_sample_description_that_is_very_long_and_contains_no_special_characters_so_the_SIMD_parser_can_fast_forward_through_multiple_chunks_without_checking_each_byte_this_shows_the_benefit_of_SIMD_optimization_in_csv_parsing_415
user_416,id_416,This_is_a_sample_description_that_is_very_long_and_contains_no_special_characters_so_the_SIMD_parser_can_fast_forward_through_multiple_chunks_without_checking_each_byte_this_shows_the_benefit_of_SIMD_optimization_in_csv_parsing_416
user_417,id_417,This_is_a_sample_description_that_is_very_long_and_contains_no_special_characters_so_the_SIMD_parser_can_fast_forward_through_multiple_chunks_without_checking_each_byte_this_shows_the_benefit_of_SIMD_optimization_in_csv_parsing_417
user_418,id_418,This_is_a_sample_description_that_is_very_long_and_contains_no_special_characters_so_the_SIMD_parser_can_fast_forward_through_multiple_chunks_without_checking_each_byte_this_shows_the_benefit_of_SIMD_optimization_in_csv_parsing_418
user_419,id_419,This_is_a_sample_description_that_is_very_long_and_contains_no_special_characters_so_the_SIMD_parser_can_fast_forward_through_multiple_chunks_without_checking_each_byte_this_shows_the_benefit_of_SIMD_optimization_in_csv_parsing_419
user_420,id_420,This_is_a_sample_description_that_is_very_long_and_contains_no_special_characters_so_the_SIMD_parser_can_fast_forward_through_multiple_chunks_without_checking_each_byte_this_shows_the_benefit_of_SIMD_optimization_in_csv_parsing_420
user_421,id_421,This_is_a_sample_description_that_is_very_long_and_contains_no_special_characters_so_the_SIMD_parser_can_fast_forward_through_multiple_chunks_without_checking_each_byte_this_shows_the_benefit_of_SIMD_optimization_in_csv_parsing_421
user_422,id_422,This_is_a_sample_description_that_is_very_long_and_contains_no_special_characters_so_the_SIMD_parser_can_fast_forward_through_multiple_chunks_without_checking_each_byte_this_shows_the_benefit_of_SIMD_optimization_in_csv_parsing_422
user_423,id_423,This_is_a_sample_description_that_is_very_long_and_contains_no_special_characters_so_the_SIMD_parser_can_fast_forward_through_multiple_chunks_without_checking_each_byte_this_shows_the_benefit_of_SIMD_optimization_in_csv_parsing_423
user_424,id_424,This_is_a_sample_description_that_is_very_long_and_contains_no_special_characters_so_the_SIMD_parser_can_fast_forward_through_multiple_chunks_without_checking_each_byte_this_shows_the_benefit_of_SIMD_optimization_in_csv_parsing_424
user_425,id_425,This_is_a_sample_description_that_is_very_long_and_contains_no_special_characters_so_the_SIMD_parser_can_fast_forward_through_multiple_chunks_without_checking_each_byte_this_shows_the_benefit_of_SIMD_optimization_in_csv_parsing_425
user_426,id_426,This_is_a_sample_description_that_is_very_long_and_contains_no_special_characters_so_the_SIMD_parser_can_fast_forward_through_multiple_chunks_without_checking_each_byte_this_shows_the_benefit_of_SIMD_optimization_in_csv_parsing_426
user_427,id_427,This_is_a_sample_description_that_is_very_long_and_contains_no_special_characters_so_the_SIMD_parser_can_fast_forward_through_multiple_chunks_without_checking_each_byte_this_shows_the_benefit_of_SIMD_optimization_in_csv_parsing_427
user_428,id_428,This_is_a_sample_description_that_is_very_long_and_contains_no_special_characters_so_the_SIMD_parser_can_fast_forward_through_multiple_chunks_without_checking_each_byte_this_shows_the_benefit_of_SIMD_optimization_in_csv_parsing_428
user_429,id_429,This_is_a_sample_description_that_is_very_long_and_contains_no_special_characters_so_the_SIMD_parser_can_fast_forward_through_multiple_chunks_without_checking_each_byte_this_shows_the_benefit_of_SIMD_optimization_in_csv_parsing_429
user_430,id_430,This_is_a_sample_description_that_is_very_long_and_contains_no_special_characters_so_the_SIMD_parser_can_fast_forward_through_multiple_chunks_without_checking_each_byte_this_shows_the_benefit_of_SIMD_optimization_in_csv_parsing_430
user_431,id_431,This_is_a_sample_description_that_is_very_long_and_contains_no_special_characters_so_the_SIMD_parser_can_fast_forward_through_multiple_chunks_without_checking_each_byte_this_shows_the_benefit_of_SIMD_optimization_in_csv_parsing_431
user_432,id_432,This_is_a_sample_description_that_is_very_long_and_contains_no_special_characters_so_the_SIMD_parser_can_fast_forward_through_multiple_chunks_without_checking_each_byte_this_shows_the_benefit_of_SIMD_optimization_in_csv_parsing_432
user_433,id_433,This_is_a_sample_description_that_is_very_long_and_contains_no_special_characters_so_the_SIMD_parser_can_fast_forward_through_multiple_chunks_without_checking_each_byte_this_shows_the_benefit_of_SIMD_optimization_in_csv_parsing_433
user_434,id_434,This_is_a_sample_description_that_is_very_long_and_contains_no_special_characters_so_the_SIMD_parser_can_fast_forward_through_multiple_chunks_without_checking_each_byte_this_shows_the_benefit_of_SIMD_optimization_in_csv_parsing_434
user_435,id_435,This_is_a_sample_description_that_is_very_long_and_contains_no_special_characters_so_the_SIMD_parser_can_fast_forward_through_multiple_chunks_without_checking_each_byte_this_shows_the_benefit_of_SIMD_optimization_in_csv_parsing_435
user_436,id_436,This_is_a_sample_description_that_is_very_long_and_contains_no_special_characters_so_the_SIMD_parser_can_fast_forward_through_multiple_chunks_without_checking_each_byte_this_shows_the_benefit_of_SIMD_optimization_in_csv_parsing_436
user_437,id_437,This_is_a_sample_description_that_is_very_long_and_contains_no_special_characters_so_the_SIMD_parser_can_fast_forward_through_multiple_chunks_without_checking_each_byte_this_shows_the_benefit_of_SIMD_optimization_in_csv_parsing_437
user_438,id_438,This_is_a_sample_description_that_is_very_long_and_contains_no_special_characters_so_the_SIMD_parser_can_fast_forward_through_multiple_chunks_without_checking_each_byte_this_shows_the_benefit_of_SIMD_optimization_in_csv_parsing_438
user_439,id_439,This_is_a_sample_description_that_is_very_long_and_contains_no_special_characters_so_the_SIMD_parser_can_fast_forward_through_multiple_chunks_without_checking_each_byte_this_shows_the_benefit_of_SIMD_optimization_in_csv_parsing_439
user_440,id_440,This_is_a_sample_description_that_is_very_long_and_contains_no_special_characters_so_the_SIMD_parser_can_fast_forward_through_multiple_chunks_without_checking_each_byte_this_shows_the_benefit_of_SIMD_optimization_in_csv_parsing_440
user_441,id_441,This_is_a_sample_description_that_is_very_long_and_contains_no_special_characters_so_the_SIMD_parser_can_fast_forward_through_multiple_chunks_without_checking_each_byte_this_shows_the_benefit_of_SIMD_optimization_in_csv_parsing_441
user_442,id_442,This_is_a_sample_description_that_is_very_long_and_contains_no_special_characters_so_the_SIMD_parser_can_fast_forward_through_multiple_chunks_without_checking_each_byte_this_shows_the_benefit_of_SIMD_optimization_in_csv_parsing_442
user_443,id_443,This_is_a_sample_description_that_is_very_long_and_contains_no_special_characters_so_the_SIMD_parser_can_fast_forward_through_multiple_chunks_without_checking_each_byte_this_shows_the_benefit_of_SIMD_optimization_in_csv_parsing_443
user_444,id_444,This_is_a_sample_description_that_is_very_long_and_contains_no_special_characters_so_the_SIMD_parser_can_fast_forward_through_multiple_chunks_without_checking_each_byte_this_shows_the_benefit_of_SIMD_optimization_in_csv_parsing_444
user_445,id_445,This_is_a_sample_description_that_is_very_long_and_contains_no_special_characters_so_the_SIMD_parser_can_fast_forward_through_multiple_chunks_without_checking_each_byte_this_shows_the_benefit_of_SIMD_optimization_in_csv_parsing_445
user_446,id_446,This_is_a_sample_description_that_is_very_long_and_contains_no_special_characters_so_the_SIMD_parser_can_fast_forward_through_multiple_chunks_without_checking_each_byte_this_shows_the_benefit_of_SIMD_optimization_in_csv_parsing_446
user_447,id_447,This_is_a_sample_description_that_is_very_long_and_contains_no_special_characters_so_the_SIMD_parser_can_fast_forward_through_multiple_chunks_without_checking_each_byte_this_shows_the_benefit_of_SIMD_optimization_in_csv_parsing_447
user_448,id_448,This_is_a_sample_description_that_is_very_long_and_contains_no_special_characters_so_the_SIMD_parser_can_fast_forward_through_multiple_chunks_without_checking_each_byte_this_shows_the_benefit_of_SIMD_optimization_in_csv_parsing_448
user_449,id_449,This_is_a_sample_description_that_is_very_long_and_contains_no_special_characters_so_the_SIMD_parser_can_fast_forward_through_multiple_chunks_without_checking_each_byte_this_shows_the_benefit_of_SIMD_optimization_in_csv_parsing_449
user_450,id_450,This_is_a_sample_description_that_is_very_long_and_contains_no_special_characters_so_the_SIMD_parser_can_fast_forward_through_multiple_chunks_without_checking_each_byte_this_shows_the_benefit_of_SIMD_optimization_in_csv_parsing_450
user_451,id_451,This_is_a_sample_description_that_is_very_long_and_contains_no_special_characters_so_the_SIMD_parser_can_fast_forward_through_multiple_chunks_without_checking_each_byte_this_shows_the_benefit_of_SIMD_optimization_in_csv_parsing_451
user_452,id_452,This_is_a_sample_description_that_is_very_long_and_contains_no_special_characters_so_the_SIMD_parser_can_fast_forward_through_multiple_chunks_without_checking_each_byte_this_shows_the_benefit_of_SIMD_optimization_in_csv_parsing_452
user_453,id_453,This_is_a_sample_description_that_is_very_long_and_contains_no_special_characters_so_the_SIMD_parser_can_fast_forward_through_multiple_chunks_without_checking_each_byte_this_shows_the_benefit_of_SIMD_optimization_in_csv_parsing_453
user_454,id_454,This_is_a_sample_description_that_is_very_long_and_contains_no_special_characters_so_the_SIMD_parser_can_fast_forward_through_multiple_chunks_without_checking_each_byte_this_shows_the_benefit_of_SIMD_optimization_in_csv_parsing_454
user_455,id_455,This_is_a_sample_description_that_is_very_long_and_contains_no_special_characters_so_the_SIMD_parser_can_fast_forward_through_multiple_chunks_without_checking_each_byte_this_shows_the_benefit_of_SIMD_optimization_in_csv_parsing_455
user_456,id_456,This_is_a_sample_description_that_is_very_long_and_contains_no_special_characters_so_the_SIMD_parser_can_fast_forward_through_multiple_chunks_without_checking_each_byte_this_shows_the_benefit_of_SIMD_optimization_in_csv_parsing_456
user_457,id_457,This_is_a_sample_description_that_is_very_long_and_contains_no_special_characters_so_the_SIMD_parser_can_fast_forward_through_multiple_chunks_without_checking_each_byte_this_shows_the_benefit_of_SIMD_optimization_in_csv_parsing_457
user_458,id_458,This_is_a_sample_description_that_is_very_long_and_contains_no_special_characters_so_the_SIMD_parser_can_fast_forward_through_multiple_chunks_without_checking_each_byte_this_shows_the_benefit_of_SIMD_optimization_in_csv_parsing_458
user_459,id_459,This_is_a_sample_description_that_is_very_long_and_contains_no_special_characters_so_the_SIMD_parser_can_fast_forward_through_multiple_chunks_without_checking_each_byte_this_shows_the_benefit_of_SIMD_optimization_in_csv_parsing_459
user_460,id_460,This_is_a_sample_description_that_is_very_long_and_contains_no_special_characters_so_the_SIMD_parser_can_fast_forward_through_multiple_chunks_without_checking_each_byte_this_shows_the_benefit_of_SIMD_optimization_in_csv_parsing_460
user_461,id_461,This_is_a_sample_description_that_is_very_long_and_contains_no_special_characters_so_the_SIMD_parser_can_fast_forward_through_multiple_chunks_without_checking_each_byte_this_shows_the_benefit_of_SIMD_optimization_in_csv_parsing_461
user_462,id_462,This_is_a_sample_description_that_is_very_long_and_contains_no_special_characters_so_the_SIMD_parser_can_fast_forward_through_multiple_chunks_without_checking_each_byte_this_shows_the_benefit_of_SIMD_optimization_in_csv_parsing_462
user_463,id_463,This_is_a_sample_description_that_is_very_long_and_contains_no_special_characters_so_the_SIMD_parser_can_fast_forward_through_multiple_chunks_without_checking_each_byte_this_shows_the_benefit_of_SIMD_optimization_in_csv_parsing_463
user_464,id_464,This_is_a_sample_description_that_is_very_long_and_contains_no_special_characters_so_the_SIMD_parser_can_fast_forward_through_multiple_chunks_without_checking_each_byte_this_shows_the_benefit_of_SIMD_optimization_in_csv_parsing_464
user_465,id_465,This_is_a_sample_description_that_is_very_long_and_contains_no_special_characters_so_the_SIMD_parser_can_fast_forward_through_multiple_chunks_without_checking_each_byte_this_shows_the_benefit_of_SIMD_optimization_in_csv_parsing_465
user_466,id_466,This_is_a_sample_description_that_is_very_long_and_contains_no_special_characters_so_the_SIMD_parser_can_fast_forward_through_multiple_chunks_without_checking_each_byte_this_shows_the_benefit_of_SIMD_optimization_in_csv_parsing_466
user_467,id_467,This_is_a_sample_description_that_is_very_long_and_contains_no_special_characters_so_the_SIMD_parser_can_fast_forward_through_multiple_chunks_without_checking_each_byte_this_shows_the_benefit_of_SIMD_optimization_in_csv_parsing_467
user_468,id_468,This_is_a_sample_description_that_is_very_long_and_contains_no_special_characters_so_the_SIMD_parser_can_fast_forward_through_multiple_chunks_without_checking_each_byte_this_shows_the_benefit_of_SIMD_optimization_in_csv_parsing_468
user_469,id_469,This_is_a_sample_description_that_is_very_long_and_contains_no_special_characters_so_the_SIMD_parser_can_fast_forward_through_multiple_chunks_without_checking_each_byte_this_shows_the_benefit_of_SIMD_optimization_in_csv_parsing_469
user_470,id_470,This_is_a_sample_description_that_is_very_long_and_contains_no_special_characters_so_the_SIMD_parser_can_fast_forward_through_multiple_chunks_without_checking_each_byte_this_shows_the_benefit_of_SIMD_optimization_in_csv_parsing_470
user_471,id_471,This_is_a_sample_description_that_is_very_long_and_contains_no_special_characters_so_the_SIMD_parser_can_fast_forward_through_multiple_chunks_without_checking_each_byte_this_shows_the_benefit_of_SIMD_optimization_in_csv_parsing_471
user_472,id_472,This_is_a_sample_description_that_is_very_long_and_contains_no_special_characters_so_the_SIMD_parser_can_fast_forward_through_multiple_chunks_without_checking_each_byte_this_shows_the_benefit_of_SIMD_optimization_in_csv_parsing_472
user_473,id_473,This_is_a_sample_description_that_is_very_long_and_contains_no_special_characters_so_the_SIMD_parser_can_fast_forward_through_multiple_chunks_without_checking_each_byte_this_shows_the_benefit_of_SIMD_optimization_in_csv_parsing_473
user_474,id_474,This_is_a_sample_description_that_is_very_long_and_contains_no_special_characters_so_the_SIMD_parser_can_fast_forward_through_multiple_chunks_without_checking_each_byte_this_shows_the_benefit_of_SIMD_optimization_in_csv_parsing_474
user_475,id_475,This_is_a_sample_description_that_is_very_long_and_contains_no_special_characters_so_the_SIMD_parser_can_fast_forward_through_multiple_chunks_without_checking_each_byte_this_shows_the_benefit_of_SIMD_optimization_in_csv_parsing_475
user_476,id_476,This_is_a_sample_description_that_is_very_long_and_contains_no_special_characters_so_the_SIMD_parser_can_fast_forward_through_multiple_chunks_without_checking_each_byte_this_shows_the_benefit_of_SIMD_optimization_in_csv_parsing_476
user_477,id_477,This_is_a_sample_description_that_is_very_long_and_contains_no_special_characters_so_the_SIMD_parser_can_fast_forward_through_multiple_chunks_without_checking_each_byte_this_shows_the_benefit_of_SIMD_optimization_in_csv_parsing_477
user_478,id_478,This_is_a_sample_description_that_is_very_long_and_contains_no_special_characters_so_the_SIMD_parser_can_fast_forward_through_multiple_chunks_without_checking_each_byte_this_shows_the_benefit_of_SIMD_optimization_in_csv_parsing_478
user_479,id_479,This_is_a_sample_description_that_is_very_long_and_contains_no_special_characters_so_the_SIMD_parser_can_fast_forward_through_multiple_chunks_without_checking_each_byte_this_shows_the_benefit_of_SIMD_optimization_in_csv_parsing_479
user_480,id_480,This_is_a_sample_description_that_is_very_long_and_contains_no_special_characters_so_the_SIMD_parser_can_fast_forward_through_multiple_chunks_without_checking_each_byte_this_shows_the_benefit_of_SIMD_optimization_in_csv_parsing_480
user_481,id_481,This_is_a_sample_description_that_is_very_long_and_contains_no_special_characters_so_the_SIMD_parser_can_fast_forward_through_multiple_chunks_without_checking_each_byte_this_shows_the_benefit_of_SIMD_optimization_in_csv_parsing_481
user_482,id_482,This_is_a_sample_description_that_is_very_long_and_contains_no_special_characters_so_the_SIMD_parser_can_fast_forward_through_multiple_chunks_without_checking_each_byte_this_shows_the_benefit_of_SIMD_optimization_in_csv_parsing_482
user_483,id_483,This_is_a_sample_description_that_is_very_long_and_contains_no_special_characters_so_the_SIMD_parser_can_fast_forward_through_multiple_chunks_without_checking_each_byte_this_shows_the_benefit_of_SIMD_optimization_in_csv_parsing_483
user_484,id_484,This_is_a_sample_description_that_is_very_long_and_contains_no_special_characters_so_the_SIMD_parser_can_fast_forward_through_multiple_chunks_without_checking_each_byte_this_shows_the_benefit_of_SIMD_optimization_in_csv_parsing_484
user_485,id_485,This_is_a_sample_description_that_is_very_long_and_contains_no_special_characters_so_the_SIMD_parser_can_fast_forward_through_multiple_chunks_without_checking_each_byte_this_shows_the_benefit_of_SIMD_optimization_in_csv_parsing_485
user_486,id_486,This_is_a_sample_description_that_is_very_long_and_contains_no_special_characters_so_the_SIMD_parser_can_fast_forward_through_multiple_chunks_without_checking_each_byte_this_shows_the_benefit_of_SIMD_optimization_in_csv_parsing_486
user_487,id_487,This_is_a_sample_description_that_is_very_long_and_contains_no_special_characters_so_the_SIMD_parser_can_fast_forward_through_multiple_chunks_without_checking_each_byte_this_shows_the_benefit_of_SIMD_optimization_in_csv_parsing_487
user_488,id_488,This_is_a_sample_description_that_is_very_long_and_contains_no_special_characters_so_the_SIMD_parser_can_fast_forward_through_multiple_chunks_without_checking_each_byte_this_shows_the_benefit_of_SIMD_optimization_in_csv_parsing_488
user_489,id_489,This_is_a_sample_description_that_is_very_long_and_contains_no_special_characters_so_the_SIMD_parser_can_fast_forward_through_multiple_chunks_without_checking_each_byte_this_shows_the_benefit_of_SIMD_optimization_in_csv_parsing_489
user_490,id_490,This_is_a_sample_description_that_is_very_long_and_contains_no_special_characters_so_the_SIMD_parser_can_fast_forward_through_multiple_chunks_without_checking_each_byte_this_shows_the_benefit_of_SIMD_optimization_in_csv_parsing_490
user_491,id_491,This_is_a_sample_description_that_is_very_long_and_contains_no_special_characters_so_the_SIMD_parser_can_fast_forward_through_multiple_chunks_without_checking_each_byte_this_shows_the_benefit_of_SIMD_optimization_in_csv_parsing_491
user_492,id_492,This_is_a_sample_description_that_is_very_long_and_contains_no_special_characters_so_the_SIMD_parser_can_fast_forward_through_multiple_chunks_without_checking_each_byte_this_shows_the_benefit_of_SIMD_optimization_in_csv_parsing_492
user_493,id_493,This_is_a_sample_description_that_is_very_long_and_contains_no_special_characters_so_the_SIMD_parser_can_fast_forward_through_multiple_chunks_without_checking_each_byte_this_shows_the_benefit_of_SIMD_optimization_in_csv_parsing_493
user_494,id_494,This_is_a_sample_description_that_is_very_long_and_contains_no_special_characters_so_the_SIMD_parser_can_fast_forward_through_multiple_chunks_without_checking_each_byte_this_shows_the_benefit_of_SIMD_optimization_in_csv_parsing_494
user_495,id_495,This_is_a_sample_description_that_is_very_long_and_contains_no_special_characters_so_the_SIMD_parser_can_fast_forward_through_multiple_chunks_without_checking_each_byte_this_shows_the_benefit_of_SIMD_optimization_in_csv_parsing_495
user_496,id_496,This_is_a_sample_description_that_is_very_long_and_contains_no_special_characters_so_the_SIMD_parser_can_fast_forward_through_multiple_chunks_without_checking_each_byte_this_shows_the_benefit_of_SIMD_optimization_in_csv_parsing_496
user_497,id_497,This_is_a_sample_description_that_is_very_long_and_contains_no_special_characters_so_the_SIMD_parser_can_fast_forward_through_multiple_chunks_without_checking_each_byte_this_shows_the_benefit_of_SIMD_optimization_in_csv_parsing_497
user_498,id_498,This_is_a_sample_description_that_is_very_long_and_contains_no_special_characters_so_the_SIMD_parser_can_fast_forward_through_multiple_chunks_without_checking_each_byte_this_shows_the_benefit_of_SIMD_optimization_in_csv_parsing_498
user_499,id_499,This_is_a_sample_description_that_is_very_long_and_contains_no_special_characters_so_the_SIMD_parser_can_fast_forward_through_multiple_chunks_without_checking_each_byte_this_shows_the_benefit_of_SIMD_optimization_in_csv_parsing_499
user_500,id_500,This_is_a_sample_description_that_is_very_long_and_contains_no_special_characters_so_the_SIMD_parser_can_fast_forward_through_multiple_chunks_without_checking_each_byte_this_shows_the_benefit_of_SIMD_optimization_in_csv_parsing_500
user_501,id_501,This_is_a_sample_description_that_is_very_long_and_contains_no_special_characters_so_the_SIMD_parser_can_fast_forward_through_multiple_chunks_without_checking_each_byte_this_shows_the_benefit_of_SIMD_optimization_in_csv_parsing_501
user_502,id_502,This_is_a_sample_description_that_is_very_long_and_contains_no_special_characters_so_the_SIMD_parser_can_fast_forward_through_multiple_chunks_without_checking_each_byte_this_shows_the_benefit_of_SIMD_optimization_in_csv_parsing_502
user_503,id_503,This_is_a_sample_description_that_is_very_long_and_contains_no_special_characters_so_the_SIMD_parser_can_fast_forward_through_multiple_chunks_without_checking_each_byte_this_shows_the_benefit_of_SIMD_optimization_in_csv_parsing_503
user_504,id_504,This_is_a_sample_description_that_is_very_long_and_contains_no_special_characters_so_the_SIMD_parser_can_fast_forward_through_multiple_chunks_without_checking_each_byte_this_shows_the_benefit_of_SIMD_optimization_in_csv_parsing_504
user_505,id_505,This_is_a_sample_description_that_is_very_long_and_contains_no_special_characters_so_the_SIMD_parser_can_fast_forward_through_multiple_chunks_without_checking_each_byte_this_shows_the_benefit_of_SIMD_optimization_in_csv_parsing_505
user_506,id_506,This_is_a_sample_description_that_is_very_long_and_contains_no_special_characters_so_the_SIMD_parser_can_fast_forward_through_multiple_chunks_without_checking_each_byte_this_shows_the_benefit_of_SIMD_optimization_in_csv_parsing_506
user_507,id_507,This_is_a_sample_description_that_is_very_long_and_contains_no_special_characters_so_the_SIMD_parser_can_fast_forward_through_multiple_chunks_without_checking_each_byte_this_shows_the_benefit_of_SIMD_optimization_in_csv_parsing_507
user_508,id_508,This_is_a_sample_description_that_is_very_long_and_contains_no_special_characters_so_the_SIMD_parser_can_fast_forward_through_multiple_chunks_without_checking_each_byte_this_shows_the_benefit_of_SIMD_optimization_in_csv_parsing_508
user_509,id_509,This_is_a_sample_description_that_is_very_long_and_contains_no_special_characters_so_the_SIMD_parser_can_fast_forward_through_multiple_chunks_without_checking_each_byte_this_shows_the_benefit_of_SIMD_optimization_in_csv_parsing_509
user_510,id_510,This_is_a_sample_description_that_is_very_long_and_contains_no_special_characters_so_the_SIMD_parser_can_fast_forward_through_multiple_chunks_without_checking_each_byte_this_shows_the_benefit_of_SIMD_optimization_in_csv_parsing_510
user_511,id_511,This_is_a_sample_description_that_is_very_long_and_contains_no_special_characters_so_the_SIMD_parser_can_fast_forward_through_multiple_chunks_without_checking_each_byte_this_shows_the_benefit_of_SIMD_optimization_in_csv_parsing_511
user_512,id_512,This_is_a_sample_description_that_is_very_long_and_contains_no_special_characters_so_the_SIMD_parser_can_fast_forward_through_multiple_chunks_without_checking_each_byte_this_shows_the_benefit_of_SIMD_optimization_in_csv_parsing_512
user_513,id_513,This_is_a_sample_description_that_is_very_long_and_contains_no_special_characters_so_the_SIMD_parser_can_fast_forward_through_multiple_chunks_without_checking_each_byte_this_shows_the_benefit_of_SIMD_optimization_in_csv_parsing_513
user_514,id_514,This_is_a_sample_description_that_is_very_long_and_contains_no_special_characters_so_the_SIMD_parser_can_fast_forward_through_multiple_chunks_without_checking_each_byte_this_shows_the_benefit_of_SIMD_optimization_in_csv_parsing_514
user_515,id_515,This_is_a_sample_description_that_is_very_long_and_contains_no_special_characters_so_the_SIMD_parser_can_fast_forward_through_multiple_chunks_without_checking_each_byte_this_shows_the_benefit_of_SIMD_optimization_in_csv_parsing_515
user_516,id_516,This_is_a_sample_description_that_is_very_long_and_contains_no_special_characters_so_the_SIMD_parser_can_fast_forward_through_multiple_chunks_without_checking_each_byte_this_shows_the_benefit_of_SIMD_optimization_in_csv_parsing_516
user_517,id_517,This_is_a_sample_description_that_is_very_long_and_contains_no_special_characters_so_the_SIMD_parser_can_fast_forward_through_multiple_chunks_without_checking_each_byte_this_shows_the_benefit_of_SIMD_optimization_in_csv_parsing_517
user_518,id_518,This_is_a_sample_description_that_is_very_long_and_contains_no_special_characters_so_the_SIMD_parser_can_fast_forward_through_multiple_chunks_without_checking_each_byte_this_shows_the_benefit_of_SIMD_optimization_in_csv_parsing_518
user_519,id_519,This_is_a_sample_description_that_is_very_long_and_contains_no_special_characters_so_the_SIMD_parser_can_fast_forward_through_multiple_chunks_without_checking_each_byte_this_shows_the_benefit_of_SIMD_optimization_in_csv_parsing_519
user_520,id_520,This_is_a_sample_description_that_is_very_long_and_contains_no_special_characters_so_the_SIMD_parser_can_fast_forward_through_multiple_chunks_without_checking_each_byte_this_shows_the_benefit_of_SIMD_optimization_in_csv_parsing_520
user_521,id_521,This_is_a_sample_description_that_is_very_long_and_contains_no_special_characters_so_the_SIMD_parser_can_fast_forward_through_multiple_chunks_without_checking_each_byte_this_shows_the_benefit_of_SIMD_optimization_in_csv_parsing_521
user_522,id_522,This_is_a_sample_description_that_is_very_long_and_contains_no_special_characters_so_the_SIMD_parser_can_fast_forward_through_multiple_chunks_without_checking_each_byte_this_shows_the_benefit_of_SIMD_optimization_in_csv_parsing_522
user_523,id_523,This_is_a_sample_description_that_is_very_long_and_contains_no_special_characters_so_the_SIMD_parser_can_fast_forward_through_multiple_chunks_without_checking_each_byte_this_shows_the_benefit_of_SIMD_optimization_in_csv_parsing_523
user_524,id_524,This_is_a_sample_description_that_is_very_long_and_contains_no_special_characters_so_the_SIMD_parser_can_fast_forward_through_multiple_chunks_without_checking_each_byte_this_shows_the_benefit_of_SIMD_optimization_in_csv_parsing_524
user_525,id_525,This_is_a_sample_description_that_is_very_long_and_contains_no_special_characters_so_the_SIMD_parser_can_fast_forward_through_multiple_chunks_without_checking_each_byte_this_shows_the_benefit_of_SIMD_optimization_in_csv_parsing_525
user_526,id_526,This_is_a_sample_description_that_is_very_long_and_contains_no_special_characters_so_the_SIMD_parser_can_fast_forward_through_multiple_chunks_without_checking_each_byte_this_shows_the_benefit_of_SIMD_optimization_in_csv_parsing_526
user_527,id_527,This_is_a_sample_description_that_is_very_long_and_contains_no_special_characters_so_the_SIMD_parser_can_fast_forward_through_multiple_chunks_without_checking_each_byte_this_shows_the_benefit_of_SIMD_optimization_in_csv_parsing_527
user_528,id_528,This_is_a_sample_description_that_is_very_long_and_contains_no_special_characters_so_the_SIMD_parser_can_fast_forward_through_multiple_chunks_without_checking_each_byte_this_shows_the_benefit_of_SIMD_optimization_in_csv_parsing_528
user_529,id_529,This_is_a_sample_description_that_is_very_long_and_contains_no_special_characters_so_the_SIMD_parser_can_fast_forward_through_multiple_chunks_without_checking_each_byte_this_shows_the_benefit_of_SIMD_optimization_in_csv_parsing_529
user_530,id_530,This_is_a_sample_description_that_is_very_long_and_contains_no_special_characters_so_the_SIMD_parser_can_fast_forward_through_multiple_chunks_without_checking_each_byte_this_shows_the_benefit_of_SIMD_optimization_in_csv_parsing_530
user_531,id_531,This_is_a_sample_description_that_is_very_long_and_contains_no_special_characters_so_the_SIMD_parser_can_fast_forward_through_multiple_chunks_without_checking_each_byte_this_shows_the_benefit_of_SIMD_optimization_in_csv_parsing_531
user_532,id_532,This_is_a_sample_description_that_is_very_long_and_contains_no_special_characters_so_the_SIMD_parser_can_fast_forward_through_multiple_chunks_without_checking_each_byte_this_shows_the_benefit_of_SIMD_optimization_in_csv_parsing_532
user_533,id_533,This_is_a_sample_description_that_is_very_long_and_contains_no_special_characters_so_the_SIMD_parser_can_fast_forward_through_multiple_chunks_without_checking_each_byte_this_shows_the_benefit_of_SIMD_optimization_in_csv_parsing_533
user_534,id_534,This_is_a_sample_description_that_is_very_long_and_contains_no_special_characters_so_the_SIMD_parser_can_fast_forward_through_multiple_chunks_without_checking_each_byte_this_shows_the_benefit_of_SIMD_optimization_in_csv_parsing_534
user_535,id_535,This_is_a_sample_description_that_is_very_long_and_contains_no_special_characters_so_the_SIMD_parser_can_fast_forward_through_multiple_chunks_without_checking_each_byte_this_shows_the_benefit_of_SIMD_optimization_in_csv_parsing_535
user_536,id_536,This_is_a_sample_description_that_is_very_long_and_contains_no_special_characters_so_the_SIMD_parser_can_fast_forward_through_multiple_chunks_without_checking_each_byte_this_shows_the_benefit_of_SIMD_optimization_in_csv_parsing_536
user_537,id_537,This_is_a_sample_description_that_is_very_long_and_contains_no_special_characters_so_the_SIMD_parser_can_fast_forward_through_multiple_chunks_without_checking_each_byte_this_shows_the_benefit_of_SIMD_optimization_in_csv_parsing_537
user_538,id_538,This_is_a_sample_description_that_is_very_long_and_contains_no_special_characters_so_the_SIMD_parser_can_fast_forward_through_multiple_chunks_without_checking_each_byte_this_shows_the_benefit_of_SIMD_optimization_in_csv_parsing_538
user_539,id_539,This_is_a_sample_description_that_is_very_long_and_contains_no_special_characters_so_the_SIMD_parser_can_fast_forward_through_multiple_chunks_without_checking_each_byte_this_shows_the_benefit_of_SIMD_optimization_in_csv_parsing_539
user_540,id_540,This_is_a_sample_description_that_is_very_long_and_contains_no_special_characters_so_the_SIMD_parser_can_fast_forward_through_multiple_chunks_without_checking_each_byte_this_shows_the_benefit_of_SIMD_optimization_in_csv_parsing_540
user_541,id_541,This_is_a_sample_description_that_is_very_long_and_contains_no_special_characters_so_the_SIMD_parser_can_fast_forward_through_multiple_chunks_without_checking_each_byte_this_shows_the_benefit_of_SIMD_optimization_in_csv_parsing_541
user_542,id_542,This_is_a_sample_description_that_is_very_long_and_contains_no_special_characters_so_the_SIMD_parser_can_fast_forward_through_multiple_chunks_without_checking_each_byte_this_shows_the_benefit_of_SIMD_optimization_in_csv_parsing_542
user_543,id_543,This_is_a_sample_description_that_is_very_long_and_contains_no_special_characters_so_the_SIMD_parser_can_fast_forward_through_multiple_chunks_without_checking_each_byte_this_shows_the_benefit_of_SIMD_optimization_in_csv_parsing_543
user_544,id_544,This_is_a_sample_description_that_is_very_long_and_contains_no_special_characters_so_the_SIMD_parser_can_fast_forward_through_multiple_chunks_without_checking_each_byte_this_shows_the_benefit_of_SIMD_optimization_in_csv_parsing_544
user_545,id_545,This_is_a_sample_description_that_is_very_long_and_contains_no_special_characters_so_the_SIMD_parser_can_fast_forward_through_multiple_chunks_without_checking_each_byte_this_shows_the_benefit_of_SIMD_optimization_in_csv_parsing_545
user_546,id_546,This_is_a_sample_description_that_is_very_long_and_contains_no_special_characters_so_the_SIMD_parser_can_fast_forward_through_multiple_chunks_without_checking_each_byte_this_shows_the_benefit_of_SIMD_optimization_in_csv_parsing_546
user_547,id_547,This_is_a_sample_description_that_is_very_long_and_contains_no_special_characters_so_the_SIMD_parser_can_fast_forward_through_multiple_chunks_without_checking_each_byte_this_shows_the_benefit_of_SIMD_optimization_in_csv_parsing_547
user_548,id_548,This_is_a_sample_description_that_is_very_long_and_contains_no_special_characters_so_the_SIMD_parser_can_fast_forward_through_multiple_chunks_without_checking_each_byte_this_shows_the_benefit_of_SIMD_optimization_in_csv_parsing_548
user_549,id_549,This_is_a_sample_description_that_is_very_long_and_contains_no_special_characters_so_the_SIMD_parser_can_fast_forward_through_multiple_chunks_without_checking_each_byte_this_shows_the_benefit_of_SIMD_optimization_in_csv_parsing_549
user_550,id_550,This_is_a_sample_description_that_is_very_long_and_contains_no_special_characters_so_the_SIMD_parser_can_fast_forward_through_multiple_chunks_without_checking_each_byte_this_shows_the_benefit_of_SIMD_optimization_in_csv_parsing_550
user_551,id_551,This_is_a_sample_description_that_is_very_long_and_contains_no_special_characters_so_the_SIMD_parser_can_fast_forward_through_multiple_chunks_without_checking_each_byte_this_shows_the_benefit_of_SIMD_optimization_in_csv_parsing_551
user_552,id_552,This_is_a_sample_description_that_is_very_long_and_contains_no_special_characters_so_the_SIMD_parser_can_fast_forward_through_multiple_chunks_without_checking_each_byte_this_shows_the_benefit_of_SIMD_optimization_in_csv_parsing_552
user_553,id_553,This_is_a_sample_description_that_is_very_long_and_contains_no_special_characters_so_the_SIMD_parser_can_fast_forward_through_multiple_chunks_without_checking_each_byte_this_shows_the_benefit_of_SIMD_optimization_in_csv_parsing_553
user_554,id_554,This_is_a_sample_description_that_is_very_long_and_contains_no_special_characters_so_the_SIMD_parser_can_fast_forward_through_multiple_chunks_without_checking_each_byte_this_shows_the_benefit_of_SIMD_optimization_in_csv_parsing_554
user_555,id_555,This_is_a_sample_description_that_is_very_long_and_contains_no_special_characters_so_the_SIMD_parser_can_fast_forward_through_multiple_chunks_without_checking_each_byte_this_shows_the_benefit_of_SIMD_optimization_in_csv_parsing_555
user_556,id_556,This_is_a_sample_description_that_is_very_long_and_contains_no_special_characters_so_the_SIMD_parser_can_fast_forward_through_multiple_chunks_without_checking_each_byte_this_shows_the_benefit_of_SIMD_optimization_in_csv_parsing_556
user_557,id_557,This_is_a_sample_description_that_is_very_long_and_contains_no_special_characters_so_the_SIMD_parser_can_fast_forward_through_multiple_chunks_without_checking_each_byte_this_shows_the_benefit_of_SIMD_optimization_in_csv_parsing_557
user_558,id_558,This_is_a_sample_description_that_is_very_long_and_contains_no_special_characters_so_the_SIMD_parser_can_fast_forward_through_multiple_chunks_without_checking_each_byte_this_shows_the_benefit_of_SIMD_optimization_in_csv_parsing_558
user_559,id_559,This_is_a_sample_description_that_is_very_long_and_contains_no_special_characters_so_the_SIMD_parser_can_fast_forward_through_multiple_chunks_without_checking_each_byte_this_shows_the_benefit_of_SIMD_optimization_in_csv_parsing_559
user_560,id_560,This_is_a_sample_description_that_is_very_long_and_contains_no_special_characters_so_the_SIMD_parser_can_fast_forward_through_multiple_chunks_without_checking_each_byte_this_shows_the_benefit_of_SIMD_optimization_in_csv_parsing_560
user_561,id_561,This_is_a_sample_description_that_is_very_long_and_contains_no_special_characters_so_the_SIMD_parser_can_fast_forward_through_multiple_chunks_without_checking_each_byte_this_shows_the_benefit_of_SIMD_optimization_in_csv_parsing_561
user_562,id_562,This_is_a_sample_description_that_is_very_long_and_contains_no_special_characters_so_the_SIMD_parser_can_fast_forward_through_multiple_chunks_without_checking_each_byte_this_shows_the_benefit_of_SIMD_optimization_in_csv_parsing_562
user_563,id_563,This_is_a_sample_description_that_is_very_long_and_contains_no_special_characters_so_the_SIMD_parser_can_fast_forward_through_multiple_chunks_without_checking_each_byte_this_shows_the_benefit_of_SIMD_optimization_in_csv_parsing_563
user_564,id_564,This_is_a_sample_description_that_is_very_long_and_contains_no_special_characters_so_the_SIMD_parser_can_fast_forward_through_multiple_chunks_without_checking_each_byte_this_shows_the_benefit_of_SIMD_optimization_in_csv_parsing_564
user_565,id_565,This_is_a_sample_description_that_is_very_long_and_contains_no_special_characters_so_the_SIMD_parser_can_fast_forward_through_multiple_chunks_without_checking_each_byte_this_shows_the_benefit_of_SIMD_optimization_in_csv_parsing_565
user_566,id_566,This_is_a_sample_description_that_is_very_long_and_contains_no_special_characters_so_the_SIMD_parser_can_fast_forward_through_multiple_chunks_without_checking_each_byte_this_shows_the_benefit_of_SIMD_optimization_in_csv_parsing_566
user_567,id_567,This_is_a_sample_description_that_is_very_long_and_contains_no_special_characters_so_the_SIMD_parser_can_fast_forward_through_multiple_chunks_without_checking_each_byte_this_shows_the_benefit_of_SIMD_optimization_in_csv_parsing_567
user_568,id_568,This_is_a_sample_description_that_is_very_long_and_contains_no_special_characters_so_the_SIMD_parser_can_fast_forward_through_multiple_chunks_without_checking_each_byte_this_shows_the_benefit_of_SIMD_optimization_in_csv_parsing_568
user_569,id_569,This_is_a_sample_description_that_is_very_long_and_contains_no_special_characters_so_the_SIMD_parser_can_fast_forward_through_multiple_chunks_without_checking_each_byte_this_shows_the_benefit_of_SIMD_optimization_in_csv_parsing_569
user_570,id_570,This_is_a_sample_description_that_is_very_long_and_contains_no_special_characters_so_the_SIMD_parser_can_fast_forward_through_multiple_chunks_without_checking_each_byte_this_shows_the_benefit_of_SIMD_optimization_in_csv_parsing_570
user_571,id_571,This_is_a_sample_description_that_is_very_long_and_contains_no_special_characters_so_the_SIMD_parser_can_fast_forward_through_multiple_chunks_without_checking_each_byte_this_shows_the_benefit_of_SIMD_optimization_in_csv_parsing_571
user_572,id_572,This_is_a_sample_description_that_is_very_long_and_contains_no_special_characters_so_the_SIMD_parser_can_fast_forward_through_multiple_chunks_without_checking_each_byte_this_shows_the_benefit_of_SIMD_optimization_in_csv_parsing_572
user_573,id_573,This_is_a_sample_description_that_is_very_long_and_contains_no_special_characters_so_the_SIMD_parser_can_fast_forward_through_multiple_chunks_without_checking_each_byte_this_shows_the_benefit_of_SIMD_optimization_in_csv_parsing_573
user_574,id_574,This_is_a_sample_description_that_is_very_long_and_contains_no_special_characters_so_the_SIMD_parser_can_fast_forward_through_multiple_chunks_without_checking_each_byte_this_shows_the_benefit_of_SIMD_optimization_in_csv_parsing_574
user_575,id_575,This_is_a_sample_description_that_is_very_long_and_contains_no_special_characters_so_the_SIMD_parser_can_fast_forward_through_multiple_chunks_without_checking_each_byte_this_shows_the_benefit_of_SIMD_optimization_in_csv_parsing_575
user_576,id_576,This_is_a_sample_description_that_is_very_long_and_contains_no_special_characters_so_the_SIMD_parser_can_fast_forward_through_multiple_chunks_without_checking_each_byte_this_shows_the_benefit_of_SIMD_optimization_in_csv_parsing_576
user_577,id_577,This_is_a_sample_description_that_is_very_long_and_contains_no_special_characters_so_the_SIMD_parser_can_fast_forward_through_multiple_chunks_without_checking_each_byte_this_shows_the_benefit_of_SIMD_optimization_in_csv_parsing_577
user_578,id_578,This_is_a_sample_description_that_is_very_long_and_contains_no_special_characters_so_the_SIMD_parser_can_fast_forward_through_multiple_chunks_without_checking_each_byte_this_shows_the_benefit_of_SIMD_optimization_in_csv_parsing_578
user_579,id_579,This_is_a_sample_description_that_is_very_long_and_contains_no_special_characters_so_the_SIMD_parser_can_fast_forward_through_multiple_chunks_without_checking_each_byte_this_shows_the_benefit_of_SIMD_optimization_in_csv_parsing_579
user_580,id_580,This_is_a_sample_description_that_is_very_long_and_contains_no_special_characters_so_the_SIMD_parser_can_fast_forward_through_multiple_chunks_without_checking_each_byte_this_shows_the_benefit_of_SIMD_optimization_in_csv_parsing_580
user_581,id_581,This_is_a_sample_description_that_is_very_long_and_contains_no_special_characters_so_the_SIMD_parser_can_fast_forward_through_multiple_chunks_without_checking_each_byte_this_shows_the_benefit_of_SIMD_optimization_in_csv_parsing_581
user_582,id_582,This_is_a_sample_description_that_is_very_long_and_contains_no_special_characters_so_the_SIMD_parser_can_fast_forward_through_multiple_chunks_without_checking_each_byte_this_shows_the_benefit_of_SIMD_optimization_in_csv_parsing_582
user_583,id_583,This_is_a_sample_description_that_is_very_long_and_contains_no_special_characters_so_the_SIMD_parser_can_fast_forward_through_multiple_chunks_without_checking_each_byte_this_shows_the_benefit_of_SIMD_optimization_in_csv_parsing_583
user_584,id_584,This_is_a_sample_description_that_is_very_long_and_contains_no_special_characters_so_the_SIMD_parser_can_fast_forward_through_multiple_chunks_without_checking_each_byte_this_shows_the_benefit_of_SIMD_optimization_in_csv_parsing_584
user_585,id_585,This_is_a_sample_description_that_is_very_long_and_contains_no_special_characters_so_the_SIMD_parser_can_fast_forward_through_multiple_chunks_without_checking_each_byte_this_shows_the_benefit_of_SIMD_optimization_in_csv_parsing_585
user_586,id_586,This_is_a_sample_description_that_is_very_long_and_contains_no_special_characters_so_the_SIMD_parser_can_fast_forward_through_multiple_chunks_without_checking_each_byte_this_shows_the_benefit_of_SIMD_optimization_in_csv_parsing_586
user_587,id_587,This_is_a_sample_description_that_is_very_long_and_contains_no_special_characters_so_the_SIMD_parser_can_fast_forward_through_multiple_chunks_without_checking_each_byte_this_shows_the_benefit_of_SIMD_optimization_in_csv_parsing_587
user_588,id_588,This_is_a_sample_description_that_is_very_long_and_contains_no_special_characters_so_the_SIMD_parser_can_fast_forward_through_multiple_chunks_without_checking_each_byte_this_shows_the_benefit_of_SIMD_optimization_in_csv_parsing_588
user_589,id_589,This_is_a_sample_description_that_is_very_long_and_contains_no_special_characters_so_the_SIMD_parser_can_fast_forward_through_multiple_chunks_without_checking_each_byte_this_shows_the_benefit_of_SIMD_optimization_in_csv_parsing_589
user_590,id_590,This_is_a_sample_description_that_is_very_long_and_contains_no_special_characters_so_the_SIMD_parser_can_fast_forward_through_multiple_chunks_without_checking_each_byte_this_shows_the_benefit_of_SIMD_optimization_in_csv_parsing_590
user_591,id_591,This_is_a_sample_description_that_is_very_long_and_contains_no_special_characters_so_the_SIMD_parser_can_fast_forward_through_multiple_chunks_without_checking_each_byte_this_shows_the_benefit_of_SIMD_optimization_in_csv_parsing_591
user_592,id_592,This_is_a_sample_description_that_is_very_long_and_contains_no_special_characters_so_the_SIMD_parser_can_fast_forward_through_multiple_chunks_without_checking_each_byte_this_shows_the_benefit_of_SIMD_optimization_in_csv_parsing_592
user_593,id_593,This_is_a_sample_description_that_is_very_long_and_contains_no_special_characters_so_the_SIMD_parser_can_fast_forward_through_multiple_chunks_without_checking_each_byte_this_shows_the_benefit_of_SIMD_optimization_in_csv_parsing_593
user_594,id_594,This_is_a_sample_description_that_is_very_long_and_contains_no_special_characters_so_the_SIMD_parser_can_fast_forward_through_multiple_chunks_without_checking_each_byte_this_shows_the_benefit_of_SIMD_optimization_in_csv_parsing_594
user_595,id_595,This_is_a_sample_description_that_is_very_long_and_contains_no_special_characters_so_the_SIMD_parser_can_fast_forward_through_multiple_chunks_without_checking_each_byte_this_shows_the_benefit_of_SIMD_optimization_in_csv_parsing_595
user_596,id_596,This_is_a_sample_description_that_is_very_long_and_contains_no_special_characters_so_the_SIMD_parser_can_fast_forward_through_multiple_chunks_without_checking_each_byte_this_shows_the_benefit_of_SIMD_optimization_in_csv_parsing_596
user_597,id_597,This_is_a_sample_description_that_is_very_long_and_contains_no_special_characters_so_the_SIMD_parser_can_fast_forward_through_multiple_chunks_without_checking_each_byte_this_shows_the_benefit_of_SIMD_optimization_in_csv_parsing_597
user_598,id_598,This_is_a_sample_description_that_is_very_long_and_contains_no_special_characters_so_the_SIMD_parser_can_fast_forward_through_multiple_chunks_without_checking_each_byte_this_shows_the_benefit_of_SIMD_optimization_in_csv_parsing_598
user_599,id_599,This_is_a_sample_description_that_is_very_long_and_contains_no_special_characters_so_the_SIMD_parser_can_fast_forward_through_multiple_chunks_without_checking_each_byte_this_shows_the_benefit_of_SIMD_optimization_in_csv_parsing_599
user_600,id_600,This_is_a_sample_description_that_is_very_long_and_contains_no_special_characters_so_the_SIMD_parser_can_fast_forward_through_multiple_chunks_without_checking_each_byte_this_shows_the_benefit_of_SIMD_optimization_in_csv_parsing_600
user_601,id_601,This_is_a_sample_description_that_is_very_long_and_contains_no_special_characters_so_the_SIMD_parser_can_fast_forward_through_multiple_chunks_without_checking_each_byte_this_shows_the_benefit_of_SIMD_optimization_in_csv_parsing_601
user_602,id_602,This_is_a_sample_description_that_is_very_long_and_contains_no_special_characters_so_the_SIMD_parser_can_fast_forward_through_multiple_chunks_without_checking_each_byte_this_shows_the_benefit_of_SIMD_optimization_in_csv_parsing_602
user_603,id_603,This_is_a_sample_description_that_is_very_long_and_contains_no_special_characters_so_the_SIMD_parser_can_fast_forward_through_multiple_chunks_without_checking_each_byte_this_shows_the_benefit_of_SIMD_optimization_in_csv_parsing_603
user_604,id_604,This_is_a_sample_description_that_is_very_long_and_contains_no_special_characters_so_the_SIMD_parser_can_fast_forward_through_multiple_chunks_without_checking_each_byte_this_shows_the_benefit_of_SIMD_optimization_in_csv_parsing_604
user_605,id_605,This_is_a_sample_description_that_is_very_long_and_contains_no_special_characters_so_the_SIMD_parser_can_fast_forward_through_multiple_chunks_without_checking_each_byte_this_shows_the_benefit_of_SIMD_optimization_in_csv_parsing_605
user_606,id_606,This_is_a_sample_description_that_is_very_long_and_contains_no_special_characters_so_the_SIMD_parser_can_fast_forward_through_multiple_chunks_without_checking_each_byte_this_shows_the_benefit_of_SIMD_optimization_in_csv_parsing_606
user_607,id_607,This_is_a_sample_description_that_is_very_long_and_contains_no_special_characters_so_the_SIMD_parser_can_fast_forward_through_multiple_chunks_without_checking_each_byte_this_shows_the_benefit_of_SIMD_optimization_in_csv_parsing_607
user_608,id_608,This_is_a_sample_description_that_is_very_long_and_contains_no_special_characters_so_the_SIMD_parser_can_fast_forward_through_multiple_chunks_without_checking_each_byte_this_shows_the_benefit_of_SIMD_optimization_in_csv_parsing_608
user_609,id_609,This_is_a_sample_description_that_is_very_long_and_contains_no_special_characters_so_the_SIMD_parser_can_fast_forward_through_multiple_chunks_without_checking_each_byte_this_shows_the_benefit_of_SIMD_optimization_in_csv_parsing_609
user_610,id_610,This_is_a_sample_description_that_is_very_long_and_contains_no_special_characters_so_the_SIMD_parser_can_fast_forward_through_multiple_chunks_without_checking_each_byte_this_shows_the_benefit_of_SIMD_optimization_in_csv_parsing_610
user_611,id_611,This_is_a_sample_description_that_is_very_long_and_contains_no_special_characters_so_the_SIMD_parser_can_fast_forward_through_multiple_chunks_without_checking_each_byte_this_shows_the_benefit_of_SIMD_optimization_in_csv_parsing_611
user_612,id_612,This_is_a_sample_description_that_is_very_long_and_contains_no_special_characters_so_the_SIMD_parser_can_fast_forward_through_multiple_chunks_without_checking_each_byte_this_shows_the_benefit_of_SIMD_optimization_in_csv_parsing_612
user_613,id_613,This_is_a_sample_description_that_is_very_long_and_contains_no_special_characters_so_the_SIMD_parser_can_fast_forward_through_multiple_chunks_without_checking_each_byte_this_shows_the_benefit_of_SIMD_optimization_in_csv_parsing_613
user_614,id_614,This_is_a_sample_description_that_is_very_long_and_contains_no_special_characters_so_the_SIMD_parser_can_fast_forward_through_multiple_chunks_without_checking_each_byte_this_shows_the_benefit_of_SIMD_optimization_in_csv_parsing_614
user_615,id_615,This_is_a_sample_description_that_is_very_long_and_contains_no_special_characters_so_the_SIMD_parser_can_fast_forward_through_multiple_chunks_without_checking_each_byte_this_shows_the_benefit_of_SIMD_optimization_in_csv_parsing_615
user_616,id_616,This_is_a_sample_description_that_is_very_long_and_contains_no_special_characters_so_the_SIMD_parser_can_fast_forward_through_multiple_chunks_without_checking_each_byte_this_shows_the_benefit_of_SIMD_optimization_in_csv_parsing_616
user_617,id_617,This_is_a_sample_description_that_is_very_long_and_contains_no_special_characters_so_the_SIMD_parser_can_fast_forward_through_multiple_chunks_without_checking_each_byte_this_shows_the_benefit_of_SIMD_optimization_in_csv_parsing_617
user_618,id_618,This_is_a_sample_description_that_is_very_long_and_contains_no_special_characters_so_the_SIMD_parser_can_fast_forward_through_multiple_chunks_without_checking_each_byte_this_shows_the_benefit_of_SIMD_optimization_in_csv_parsing_618
user_619,id_619,This_is_a_sample_description_that_is_very_long_and_contains_no_special_characters_so_the_SIMD_parser_can_fast_forward_through_multiple_chunks_without_checking_each_byte_this_shows_the_benefit_of_SIMD_optimization_in_csv_parsing_619
user_620,id_620,This_is_a_sample_description_that_is_very_long_and_contains_no_special_characters_so_the_SIMD_parser_can_fast_forward_through_multiple_chunks_without_checking_each_byte_this_shows_the_benefit_of_SIMD_optimization_in_csv_parsing_620
user_621,id_621,This_is_a_sample_description_that_is_very_long_and_contains_no_special_characters_so_the_SIMD_parser_can_fast_forward_through_multiple_chunks_without_checking_each_byte_this_shows_the_benefit_of_SIMD_optimization_in_csv_parsing_621
user_622,id_622,This_is_a_sample_description_that_is_very_long_and_contains_no_special_characters_so_the_SIMD_parser_can_fast_forward_through_multiple_chunks_without_checking_each_byte_this_shows_the_benefit_of_SIMD_optimization_in_csv_parsing_622
user_623,id_623,This_is_a_sample_description_that_is_very_long_and_contains_no_special_characters_so_the_SIMD_parser_can_fast_forward_through_multiple_chunks_without_checking_each_byte_this_shows_the_benefit_of_SIMD_optimization_in_csv_parsing_623
user_624,id_624,This_is_a_sample_description_that_is_very_long_and_contains_no_special_characters_so_the_SIMD_parser_can_fast_forward_through_multiple_chunks_without_checking_each_byte_this_shows_the_benefit_of_SIMD_optimization_in_csv_parsing_624
user_625,id_625,This_is_a_sample_description_that_is_very_long_and_contains_no_special_characters_so_the_SIMD_parser_can_fast_forward_through_multiple_chunks_without_checking_each_byte_this_shows_the_benefit_of_SIMD_optimization_in_csv_parsing_625
user_626,id_626,This_is_a_sample_description_that_is_very_long_and_contains_no_special_characters_so_the_SIMD_parser_can_fast_forward_through_multiple_chunks_without_checking_each_byte_this_shows_the_benefit_of_SIMD_optimization_in_csv_parsing_626
user_627,id_627,This_is_a_sample_description_that_is_very_long_and_contains_no_special_characters_so_the_SIMD_parser_can_fast_forward_through_multiple_chunks_without_checking_each_byte_this_shows_the_benefit_of_SIMD_optimization_in_csv_parsing_627
user_628,id_628,This_is_a_sample_description_that_is_very_long_and_contains_no_special_characters_so_the_SIMD_parser_can_fast_forward_through_multiple_chunks_without_checking_each_byte_this_shows_the_benefit_of_SIMD_optimization_in_csv_parsing_628
user_629,id_629,This_is_a_sample_description_that_is_very_long_and_contains_no_special_characters_so_the_SIMD_parser_can_fast_forward_through_multiple_chunks_without_checking_each_byte_this_shows_the_benefit_of_SIMD_optimization_in_csv_parsing_629
user_630,id_630,This_is_a_sample_description_that_is_very_long_and_contains_no_special_characters_so_the_SIMD_parser_can_fast_forward_through_multiple_chunks_without_checking_each_byte_this_shows_the_benefit_of_SIMD_optimization_in_csv_parsing_630
user_631,id_631,This_is_a_sample_description_that_is_very_long_and_contains_no_special_characters_so_the_SIMD_parser_can_fast_forward_through_multiple_chunks_without_checking_each_byte_this_shows_the_benefit_of_SIMD_optimization_in_csv_parsing_631
user_632,id_632,This_is_a_sample_description_that_is_very_long_and_contains_no_special_characters_so_the_SIMD_parser_can_fast_forward_through_multiple_chunks_without_checking_each_byte_this_shows_the_benefit_of_SIMD_optimization_in_csv_parsing_632
user_633,id_633,This_is_a_sample_description_that_is_very_long_and_contains_no_special_characters_so_the_SIMD_parser_can_fast_forward_through_multiple_chunks_without_checking_each_byte_this_shows_the_benefit_of_SIMD_optimization_in_csv_parsing_633
user_634,id_634,This_is_a_sample_description_that_is_very_long_and_contains_no_special_characters_so_the_SIMD_parser_can_fast_forward_through_multiple_chunks_without_checking_each_byte_this_shows_the_benefit_of_SIMD_optimization_in_csv_parsing_634
user_635,id_635,This_is_a_sample_description_that_is_very_long_and_contains_no_special_characters_so_the_SIMD_parser_can_fast_forward_through_multiple_chunks_without_checking_each_byte_this_shows_the_benefit_of_SIMD_optimization_in_csv_parsing_635
user_636,id_636,This_is_a_sample_description_that_is_very_long_and_contains_no_special_characters_so_the_SIMD_parser_can_fast_forward_through_multiple_chunks_without_checking_each_byte_this_shows_the_benefit_of_SIMD_optimization_in_csv_parsing_636
user_637,id_637,This_is_a_sample_description_that_is_very_long_and_contains_no_special_characters_so_the_SIMD_parser_can_fast_forward_through_multiple_chunks_without_checking_each_byte_this_shows_the_benefit_of_SIMD_optimization_in_csv_parsing_637
user_638,id_638,This_is_a_sample_description_that_is_very_long_and_contains_no_special_characters_so_the_SIMD_parser_can_fast_forward_through_multiple_chunks_without_checking_each_byte_this_shows_the_benefit_of_SIMD_optimization_in_csv_parsing_638
user_639,id_639,This_is_a_sample_description_that_is_very_long_and_contains_no_special_characters_so_the_SIMD_parser_can_fast_forward_through_multiple_chunks_without_checking_each_byte_this_shows_the_benefit_of_SIMD_optimization_in_csv_parsing_639
user_640,id_640,This_is_a_sample_description_that_is_very_long_and_contains_no_special_characters_so_the_SIMD_parser_can_fast_forward_through_multiple_chunks_without_checking_each_byte_this_shows_the_benefit_of_SIMD_optimization_in_csv_parsing_640
user_641,id_641,This_is_a_sample_description_that_is_very_long_and_contains_no_special_characters_so_the_SIMD_parser_can_fast_forward_through_multiple_chunks_without_checking_each_byte_this_shows_the_benefit_of_SIMD_optimization_in_csv_parsing_641
user_642,id_642,This_is_a_sample_description_that_is_very_long_and_contains_no_special_characters_so_the_SIMD_parser_can_fast_forward_through_multiple_chunks_without_checking_each_byte_this_shows_the_benefit_of_SIMD_optimization_in_csv_parsing_642
user_643,id_643,This_is_a_sample_description_that_is_very_long_and_contains_no_special_characters_so_the_SIMD_parser_can_fast_forward_through_multiple_chunks_without_checking_each_byte_this_shows_the_benefit_of_SIMD_optimization_in_csv_parsing_643
user_644,id_644,This_is_a_sample_description_that_is_very_long_and_contains_no_special_characters_so_the_SIMD_parser_can_fast_forward_through_multiple_chunks_without_checking_each_byte_this_shows_the_benefit_of_SIMD_optimization_in_csv_parsing_644
user_645,id_645,This_is_a_sample_description_that_is_very_long_and_contains_no_special_characters_so_the_SIMD_parser_can_fast_forward_through_multiple_chunks_without_checking_each_byte_this_shows_the_benefit_of_SIMD_optimization_in_csv_parsing_645
user_646,id_646,This_is_a_sample_description_that_is_very_long_and_contains_no_special_characters_so_the_SIMD_parser_can_fast_forward_through_multiple_chunks_without_checking_each_byte_this_shows_the_benefit_of_SIMD_optimization_in_csv_parsing_646
user_647,id_647,This_is_a_sample_description_that_is_very_long_and_contains_no_special_characters_so_the_SIMD_parser_can_fast_forward_through_multiple_chunks_without_checking_each_byte_this_shows_the_benefit_of_SIMD_optimization_in_csv_parsing_647
user_648,id_648,This_is_a_sample_description_that_is_very_long_and_contains_no_special_characters_so_the_SIMD_parser_can_fast_forward_through_multiple_chunks_without_checking_each_byte_this_shows_the_benefit_of_SIMD_optimization_in_csv_parsing_648
user_649,id_649,This_is_a_sample_description_that_is_very_long_and_contains_no_special_characters_so_the_SIMD_parser_can_fast_forward_through_multiple_chunks_without_checking_each_byte_this_shows_the_benefit_of_SIMD_optimization_in_csv_parsing_649
user_650,id_650,This_is_a_sample_description_that_is_very_long_and_contains_no_special_characters_so_the_SIMD_parser_can_fast_forward_through_multiple_chunks_without_checking_each_byte_this_shows_the_benefit_of_SIMD_optimization_in_csv_parsing_650
user_651,id_651,This_is_a_sample_description_that_is_very_long_and_contains_no_special_characters_so_the_SIMD_parser_can_fast_forward_through_multiple_chunks_without_checking_each_byte_this_shows_the_benefit_of_SIMD_optimization_in_csv_parsing_651
user_652,id_652,This_is_a_sample_description_that_is_very_long_and_contains_no_special_characters_so_the_SIMD_parser_can_fast_forward_through_multiple_chunks_without_checking_each_byte_this_shows_the_benefit_of_SIMD_optimization_in_csv_parsing_652
user_653,id_653,This_is_a_sample_description_that_is_very_long_and_contains_no_special_characters_so_the_SIMD_parser_can_fast_forward_through_multiple_chunks_without_checking_each_byte_this_shows_the_benefit_of_SIMD_optimization_in_csv_parsing_653
user_654,id_654,This_is_a_sample_description_that_is_very_long_and_contains_no_special_characters_so_the_SIMD_parser_can_fast_forward_through_multiple_chunks_without_checking_each_byte_this_shows_the_benefit_of_SIMD_optimization_in_csv_parsing_654
user_655,id_655,This_is_a_sample_description_that_is_very_long_and_contains_no_special_characters_so_the_SIMD_parser_can_fast_forward_through_multiple_chunks_without_checking_each_byte_this_shows_the_benefit_of_SIMD_optimization_in_csv_parsing_655
user_656,id_656,This_is_a_sample_description_that_is_very_long_and_contains_no_special_characters_so_the_SIMD_parser_can_fast_forward_through_multiple_chunks_without_checking_each_byte_this_shows_the_benefit_of_SIMD_optimization_in_csv_parsing_656
user_657,id_657,This_is_a_sample_description_that_is_very_long_and_contains_no_special_characters_so_the_SIMD_parser_can_fast_forward_through_multiple_chunks_without_checking_each_byte_this_shows_the_benefit_of_SIMD_optimization_in_csv_parsing_657
user_658,id_658,This_is_a_sample_description_that_is_very_long_and_contains_no_special_characters_so_the_SIMD_parser_can_fast_forward_through_multiple_chunks_without_checking_each_byte_this_shows_the_benefit_of_SIMD_optimization_in_csv_parsing_658
user_659,id_659,This_is_a_sample_description_that_is_very_long_and_contains_no_special_characters_so_the_SIMD_parser_can_fast_forward_through_multiple_chunks_without_checking_each_byte_this_shows_the_benefit_of_SIMD_optimization_in_csv_parsing_659
user_660,id_660,This_is_a_sample_description_that_is_very_long_and_contains_no_special_characters_so_the_SIMD_parser_can_fast_forward_through_multiple_chunks_without_checking_each_byte_this_shows_the_benefit_of_SIMD_optimization_in_csv_parsing_660
user_661,id_661,This_is_a_sample_description_that_is_very_long_and_contains_no_special_characters_so_the_SIMD_parser_can_fast_forward_through_multiple_chunks_without_checking_each_byte_this_shows_the_benefit_of_SIMD_optimization_in_csv_parsing_661
user_662,id_662,This_is_a_sample_description_that_is_very_long_and_contains_no_special_characters_so_the_SIMD_parser_can_fast_forward_through_multiple_chunks_without_checking_each_byte_this_shows_the_benefit_of_SIMD_optimization_in_csv_parsing_662
user_663,id_663,This_is_a_sample_description_that_is_very_long_and_contains_no_special_characters_so_the_SIMD_parser_can_fast_forward_through_multiple_chunks_without_checking_each_byte_this_shows_the_benefit_of_SIMD_optimization_in_csv_parsing_663
user_664,id_664,This_is_a_sample_description_that_is_very_long_and_contains_no_special_characters_so_the_SIMD_parser_can_fast_forward_through_multiple_chunks_without_checking_each_byte_this_shows_the_benefit_of_SIMD_optimization_in_csv_parsing_664
user_665,id_665,This_is_a_sample_description_that_is_very_long_and_contains_no_special_characters_so_the_SIMD_parser_can_fast_forward_through_multiple_chunks_without_checking_each_byte_this_shows_the_benefit_of_SIMD_optimization_in_csv_parsing_665
user_666,id_666,This_is_a_sample_description_that_is_very_long_and_contains_no_special_characters_so_the_SIMD_parser_can_fast_forward_through_multiple_chunks_without_checking_each_byte_this_shows_the_benefit_of_SIMD_optimization_in_csv_parsing_666
user_667,id_667,This_is_a_sample_description_that_is_very_long_and_contains_no_special_characters_so_the_SIMD_parser_can_fast_forward_through_multiple_chunks_without_checking_each_byte_this_shows_the_benefit_of_SIMD_optimization_in_csv_parsing_667
user_668,id_668,This_is_a_sample_description_that_is_very_long_and_contains_no_special_characters_so_the_SIMD_parser_can_fast_forward_through_multiple_chunks_without_checking_each_byte_this_shows_the_benefit_of_SIMD_optimization_in_csv_parsing_668
user_669,id_669,This_is_a_sample_description_that_is_very_long_and_contains_no_special_characters_so_the_SIMD_parser_can_fast_forward_through_multiple_chunks_without_checking_each_byte_this_shows_the_benefit_of_SIMD_optimization_in_csv_parsing_669
user_670,id_670,This_is_a_sample_description_that_is_very_long_and_contains_no_special_characters_so_the_SIMD_parser_can_fast_forward_through_multiple_chunks_without_checking_each_byte_this_shows_the_benefit_of_SIMD_optimization_in_csv_parsing_670
user_671,id_671,This_is_a_sample_description_that_is_very_long_and_contains_no_special_characters_so_the_SIMD_parser_can_fast_forward_through_multiple_chunks_without_checking_each_byte_this_shows_the_benefit_of_SIMD_optimization_in_csv_parsing_671
user_672,id_672,This_is_a_sample_description_that_is_very_long_and_contains_no_special_characters_so_the_SIMD_parser_can_fast_forward_through_multiple_chunks_without_checking_each_byte_this_shows_the_benefit_of_SIMD_optimization_in_csv_parsing_672
user_673,id_673,This_is_a_sample_description_that_is_very_long_and_contains_no_special_characters_so_the_SIMD_parser_can_fast_forward_through_multiple_chunks_without_checking_each_byte_this_shows_the_benefit_of_SIMD_optimization_in_csv_parsing_673
user_674,id_674,This_is_a_sample_description_that_is_very_long_and_contains_no_special_characters_so_the_SIMD_parser_can_fast_forward_through_multiple_chunks_without_checking_each_byte_this_shows_the_benefit_of_SIMD_optimization_in_csv_parsing_674
user_675,id_675,This_is_a_sample_description_that_is_very_long_and_contains_no_special_characters_so_the_SIMD_parser_can_fast_forward_through_multiple_chunks_without_checking_each_byte_this_shows_the_benefit_of_SIMD_optimization_in_csv_parsing_675
user_676,id_676,This_is_a_sample_description_that_is_very_long_and_contains_no_special_characters_so_the_SIMD_parser_can_fast_forward_through_multiple_chunks_without_checking_each_byte_this_shows_the_benefit_of_SIMD_optimization_in_csv_parsing_676
user_677,id_677,This_is_a_sample_description_that_is_very_long_and_contains_no_special_characters_so_the_SIMD_parser_can_fast_forward_through_multiple_chunks_without_checking_each_byte_this_shows_the_benefit_of_SIMD_optimization_in_csv_parsing_677
user_678,id_678,This_is_a_sample_description_that_is_very_long_and_contains_no_special_characters_so_the_SIMD_parser_can_fast_forward_through_multiple_chunks_without_checking_each_byte_this_shows_the_benefit_of_SIMD_optimization_in_csv_parsing_678
user_679,id_679,This_is_a_sample_description_that_is_very_long_and_contains_no_special_characters_so_the_SIMD_parser_can_fast_forward_through_multiple_chunks_without_checking_each_byte_this_shows_the_benefit_of_SIMD_optimization_in_csv_parsing_679
user_680,id_680,This_is_a_sample_description_that_is_very_long_and_contains_no_special_characters_so_the_SIMD_parser_can_fast_forward_through_multiple_chunks_without_checking_each_byte_this_shows_the_benefit_of_SIMD_optimization_in_csv_parsing_680
user_681,id_681,This_is_a_sample_description_that_is_very_long_and_contains_no_special_characters_so_the_SIMD_parser_can_fast_forward_through_multiple_chunks_without_checking_each_byte_this_shows_the_benefit_of_SIMD_optimization_in_csv_parsing_681
user_682,id_682,This_is_a_sample_description_that_is_very_long_and_contains_no_special_characters_so_the_SIMD_parser_can_fast_forward_through_multiple_chunks_without_checking_each_byte_this_shows_the_benefit_of_SIMD_optimization_in_csv_parsing_682
user_683,id_683,This_is_a_sample_description_that_is_very_long_and_contains_no_special_characters_so_the_SIMD_parser_can_fast_forward_through_multiple_chunks_without_checking_each_byte_this_shows_the_benefit_of_SIMD_optimization_in_csv_parsing_683
user_684,id_684,This_is_a_sample_description_that_is_very_long_and_contains_no_special_characters_so_the_SIMD_parser_can_fast_forward_through_multiple_chunks_without_checking_each_byte_this_shows_the_benefit_of_SIMD_optimization_in_csv_parsing_684
user_685,id_685,This_is_a_sample_description_that_is_very_long_and_contains_no_special_characters_so_the_SIMD_parser_can_fast_forward_through_multiple_chunks_without_checking_each_byte_this_shows_the_benefit_of_SIMD_optimization_in_csv_parsing_685
user_686,id_686,This_is_a_sample_description_that_is_very_long_and_contains_no_special_characters_so_the_SIMD_parser_can_fast_forward_through_multiple_chunks_without_checking_each_byte_this_shows_the_benefit_of_SIMD_optimization_in_csv_parsing_686
user_687,id_687,This_is_a_sample_description_that_is_very_long_and_contains_no_special_characters_so_the_SIMD_parser_can_fast_forward_through_multiple_chunks_without_checking_each_byte_this_shows_the_benefit_of_SIMD_optimization_in_csv_parsing_687
user_688,id_688,This_is_a_sample_description_that_is_very_long_and_contains_no_special_characters_so_the_SIMD_parser_can_fast_forward_through_multiple_chunks_without_checking_each_byte_this_shows_the_benefit_of_SIMD_optimization_in_csv_parsing_688
user_689,id_689,This_is_a_sample_description_that_is_very_long_and_contains_no_special_characters_so_the_SIMD_parser_can_fast_forward_through_multiple_chunks_without_checking_each_byte_this_shows_the_benefit_of_SIMD_optimization_in_csv_parsing_689
user_690,id_690,This_is_a_sample_description_that_is_very_long_and_contains_no_special_characters_so_the_SIMD_parser_can_fast_forward_through_multiple_chunks_without_checking_each_byte_this_shows_the_benefit_of_SIMD_optimization_in_csv_parsing_690
user_691,id_691,This_is_a_sample_description_that_is_very_long_and_contains_no_special_characters_so_the_SIMD_parser_can_fast_forward_through_multiple_chunks_without_checking_each_byte_this_shows_the_benefit_of_SIMD_optimization_in_csv_parsing_691
user_692,id_692,This_is_a_sample_description_that_is_very_long_and_contains_no_special_characters_so_the_SIMD_parser_can_fast_forward_through_multiple_chunks_without_checking_each_byte_this_shows_the_benefit_of_SIMD_optimization_in_csv_parsing_692
user_693,id_693,This_is_a_sample_description_that_is_very_long_and_contains_no_special_characters_so_the_SIMD_parser_can_fast_forward_through_multiple_chunks_without_checking_each_byte_this_shows_the_benefit_of_SIMD_optimization_in_csv_parsing_693
user_694,id_694,This_is_a_sample_description_that_is_very_long_and_contains_no_special_characters_so_the_SIMD_parser_can_fast_forward_through_multiple_chunks_without_checking_each_byte_this_shows_the_benefit_of_SIMD_optimization_in_csv_parsing_694
user_695,id_695,This_is_a_sample_description_that_is_very_long_and_contains_no_special_characters_so_the_SIMD_parser_can_fast_forward_through_multiple_chunks_without_checking_each_byte_this_shows_the_benefit_of_SIMD_optimization_in_csv_parsing_695
user_696,id_696,This_is_a_sample_description_that_is_very_long_and_contains_no_special_characters_so_the_SIMD_parser_can_fast_forward_through_multiple_chunks_without_checking_each_byte_this_shows_the_benefit_of_SIMD_optimization_in_csv_parsing_696
user_697,id_697,This_is_a_sample_description_that_is_very_long_and_contains_no_special_characters_so_the_SIMD_parser_can_fast_forward_through_multiple_chunks_without_checking_each_byte_this_shows_the_benefit_of_SIMD_optimization_in_csv_parsing_697
user_698,id_698,This_is_a_sample_description_that_is_very_long_and_contains_no_special_characters_so_the_SIMD_parser_can_fast_forward_through_multiple_chunks_without_checking_each_byte_this_shows_the_benefit_of_SIMD_optimization_in_csv_parsing_698
user_699,id_699,This_is_a_sample_description_that_is_very_long_and_contains_no_special_characters_so_the_SIMD_parser_can_fast_forward_through_multiple_chunks_without_checking_each_byte_this_shows_the_benefit_of_SIMD_optimization_in_csv_parsing_699
user_700,id_700,This_is_a_sample_description_that_is_very_long_and_contains_no_special_characters_so_the_SIMD_parser_can_fast_forward_through_multiple_chunks_without_checking_each_byte_this_shows_the_benefit_of_SIMD_optimization_in_csv_parsing_700
user_701,id_701,This_is_a_sample_description_that_is_very_long_and_contains_no_special_characters_so_the_SIMD_parser_can_fast_forward_through_multiple_chunks_without_checking_each_byte_this_shows_the_benefit_of_SIMD_optimization_in_csv_parsing_701
user_702,id_702,This_is_a_sample_description_that_is_very_long_and_contains_no_special_characters_so_the_SIMD_parser_can_fast_forward_through_multiple_chunks_without_checking_each_byte_this_shows_the_benefit_of_SIMD_optimization_in_csv_parsing_702
user_703,id_703,This_is_a_sample_description_that_is_very_long_and_contains_no_special_characters_so_the_SIMD_parser_can_fast_forward_through_multiple_chunks_without_checking_each_byte_this_shows_the_benefit_of_SIMD_optimization_in_csv_parsing_703
user_704,id_704,This_is_a_sample_description_that_is_very_long_and_contains_no_special_characters_so_the_SIMD_parser_can_fast_forward_through_multiple_chunks_without_checking_each_byte_this_shows_the_benefit_of_SIMD_optimization_in_csv_parsing_704
user_705,id_705,This_is_a_sample_description_that_is_very_long_and_contains_no_special_characters_so_the_SIMD_parser_can_fast_forward_through_multiple_chunks_without_checking_each_byte_this_shows_the_benefit_of_SIMD_optimization_in_csv_parsing_705
user_706,id_706,This_is_a_sample_description_that_is_very_long_and_contains_no_special_characters_so_the_SIMD_parser_can_fast_forward_through_multiple_chunks_without_checking_each_byte_this_shows_the_benefit_of_SIMD_optimization_in_csv_parsing_706
user_707,id_707,This_is_a_sample_description_that_is_very_long_and_contains_no_special_characters_so_the_SIMD_parser_can_fast_forward_through_multiple_chunks_without_checking_each_byte_this_shows_the_benefit_of_SIMD_optimization_in_csv_parsing_707
user_708,id_708,This_is_a_sample_description_that_is_very_long_and_contains_no_special_characters_so_the_SIMD_parser_can_fast_forward_through_multiple_chunks_without_checking_each_byte_this_shows_the_benefit_of_SIMD_optimization_in_csv_parsing_708
user_709,id_709,This_is_a_sample_description_that_is_very_long_and_contains_no_special_characters_so_the_SIMD_parser_can_fast_forward_through_multiple_chunks_without_checking_each_byte_this_shows_the_benefit_of_SIMD_optimization_in_csv_parsing_709
user_710,id_710,This_is_a_sample_description_that_is_very_long_and_contains_no_special_characters_so_the_SIMD_parser_can_fast_forward_through_multiple_chunks_without_checking_each_byte_this_shows_the_benefit_of_SIMD_optimization_in_csv_parsing_710
user_711,id_711,This_is_a_sample_description_that_is_very_long_and_contains_no_special_characters_so_the_SIMD_parser_can_fast_forward_through_multiple_chunks_without_checking_each_byte_this_shows_the_benefit_of_SIMD_optimization_in_csv_parsing_711
user_712,id_712,This_is_a_sample_description_that_is_very_long_and_contains_no_special_characters_so_the_SIMD_parser_can_fast_forward_through_multiple_chunks_without_checking_each_byte_this_shows_the_benefit_of_SIMD_optimization_in_csv_parsing_712
user_713,id_713,This_is_a_sample_description_that_is_very_long_and_contains_no_special_characters_so_the_SIMD_parser_can_fast_forward_through_multiple_chunks_without_checking_each_byte_this_shows_the_benefit_of_SIMD_optimization_in_csv_parsing_713
user_714,id_714,This_is_a_sample_description_that_is_very_long_and_contains_no_special_characters_so_the_SIMD_parser_can_fast_forward_through_multiple_chunks_without_checking_each_byte_this_shows_the_benefit_of_SIMD_optimization_in_csv_parsing_714
user_715,id_715,This_is_a_sample_description_that_is_very_long_and_contains_no_special_characters_so_the_SIMD_parser_can_fast_forward_through_multiple_chunks_without_checking_each_byte_this_shows_the_benefit_of_SIMD_optimization_in_csv_parsing_715
user_716,id_716,This_is_a_sample_description_that_is_very_long_and_contains_no_special_characters_so_the_SIMD_parser_can_fast_forward_through_multiple_chunks_without_checking_each_byte_this_shows_the_benefit_of_SIMD_optimization_in_csv_parsing_716
user_717,id_717,This_is_a_sample_description_that_is_very_long_and_contains_no_special_characters_so_the_SIMD_parser_can_fast_forward_through_multiple_chunks_without_checking_each_byte_this_shows_the_benefit_of_SIMD_optimization_in_csv_parsing_717
user_718,id_718,This_is_a_sample_description_that_is_very_long_and_contains_no_special_characters_so_the_SIMD_parser_can_fast_forward_through_multiple_chunks_without_checking_each_byte_this_shows_the_benefit_of_SIMD_optimization_in_csv_parsing_718
user_719,id_719,This_is_a_sample_description_that_is_very_long_and_contains_no_special_characters_so_the_SIMD_parser_can_fast_forward_through_multiple_chunks_without_checking_each_byte_this_shows_the_benefit_of_SIMD_optimization_in_csv_parsing_719
user_720,id_720,This_is_a_sample_description_that_is_very_long_and_contains_no_special_characters_so_the_SIMD_parser_can_fast_forward_through_multiple_chunks_without_checking_each_byte_this_shows_the_benefit_of_SIMD_optimization_in_csv_parsing_720
user_721,id_721,This_is_a_sample_description_that_is_very_long_and_contains_no_special_characters_so_the_SIMD_parser_can_fast_forward_through_multiple_chunks_without_checking_each_byte_this_shows_the_benefit_of_SIMD_optimization_in_csv_parsing_721
user_722,id_722,This_is_a_sample_description_that_is_very_long_and_contains_no_special_characters_so_the_SIMD_parser_can_fast_forward_through_multiple_chunks_without_checking_each_byte_this_shows_the_benefit_of_SIMD_optimization_in_csv_parsing_722
user_723,id_723,This_is_a_sample_description_that_is_very_long_and_contains_no_special_characters_so_the_SIMD_parser_can_fast_forward_through_multiple_chunks_without_checking_each_byte_this_shows_the_benefit_of_SIMD_optimization_in_csv_parsing_723
user_724,id_724,This_is_a_sample_description_that_is_very_long_and_contains_no_special_characters_so_the_SIMD_parser_can_fast_forward_through_multiple_chunks_without_checking_each_byte_this_shows_the_benefit_of_SIMD_optimization_in_csv_parsing_724
user_725,id_725,This_is_a_sample_description_that_is_very_long_and_contains_no_special_characters_so_the_SIMD_parser_can_fast_forward_through_multiple_chunks_without_checking_each_byte_this_shows_the_benefit_of_SIMD_optimization_in_csv_parsing_725
user_726,id_726,This_is_a_sample_description_that_is_very_long_and_contains_no_special_characters_so_the_SIMD_parser_can_fast_forward_through_multiple_chunks_without_checking_each_byte_this_shows_the_benefit_of_SIMD_optimization_in_csv_parsing_726
user_727,id_727,This_is_a_sample_description_that_is_very_long_and_contains_no_special_characters_so_the_SIMD_parser_can_fast_forward_through_multiple_chunks_without_checking_each_byte_this_shows_the_benefit_of_SIMD_optimization_in_csv_parsing_727
user_728,id_728,This_is_a_sample_description_that_is_very_long_and_contains_no_special_characters_so_the_SIMD_parser_can_fast_forward_through_multiple_chunks_without_checking_each_byte_this_shows_the_benefit_of_SIMD_optimization_in_csv_parsing_728
user_729,id_729,This_is_a_sample_description_that_is_very_long_and_contains_no_special_characters_so_the_SIMD_parser_can_fast_forward_through_multiple_chunks_without_checking_each_byte_this_shows_the_benefit_of_SIMD_optimization_in_csv_parsing_729
user_730,id_730,This_is_a_sample_description_that_is_very_long_and_contains_no_special_characters_so_the_SIMD_parser_can_fast_forward_through_multiple_chunks_without_checking_each_byte_this_shows_the_benefit_of_SIMD_optimization_in_csv_parsing_730
user_731,id_731,This_is_a_sample_description_that_is_very_long_and_contains_no_special_characters_so_the_SIMD_parser_can_fast_forward_through_multiple_chunks_without_checking_each_byte_this_shows_the_benefit_of_SIMD_optimization_in_csv_parsing_731
user_732,id_732,This_is_a_sample_description_that_is_very_long_and_contains_no_special_characters_so_the_SIMD_parser_can_fast_forward_through_multiple_chunks_without_checking_each_byte_this_shows_the_benefit_of_SIMD_optimization_in_csv_parsing_732
user_733,id_733,This_is_a_sample_description_that_is_very_long_and_contains_no_special_characters_so_the_SIMD_parser_can_fast_forward_through_multiple_chunks_without_checking_each_byte_this_shows_the_benefit_of_SIMD_optimization_in_csv_parsing_733
user_734,id_734,This_is_a_sample_description_that_is_very_long_and_contains_no_special_characters_so_the_SIMD_parser_can_fast_forward_through_multiple_chunks_without_checking_each_byte_this_shows_the_benefit_of_SIMD_optimization_in_csv_parsing_734
user_735,id_735,This_is_a_sample_description_that_is_very_long_and_contains_no_special_characters_so_the_SIMD_parser_can_fast_forward_through_multiple_chunks_without_checking_each_byte_this_shows_the_benefit_of_SIMD_optimization_in_csv_parsing_735
user_736,id_736,This_is_a_sample_description_that_is_very_long_and_contains_no_special_characters_so_the_SIMD_parser_can_fast_forward_through_multiple_chunks_without_checking_each_byte_this_shows_the_benefit_of_SIMD_optimization_in_csv_parsing_736
user_737,id_737,This_is_a_sample_description_that_is_very_long_and_contains_no_special_characters_so_the_SIMD_parser_can_fast_forward_through_multiple_chunks_without_checking_each_byte_this_shows_the_benefit_of_SIMD_optimization_in_csv_parsing_737
user_738,id_738,This_is_a_sample_description_that_is_very_long_and_contains_no_special_characters_so_the_SIMD_parser_can_fast_forward_through_multiple_chunks_without_checking_each_byte_this_shows_the_benefit_of_SIMD_optimization_in_csv_parsing_738
user_739,id_739,This_is_a_sample_description_that_is_very_long_and_contains_no_special_characters_so_the_SIMD_parser_can_fast_forward_through_multiple_chunks_without_checking_each_byte_this_shows_the_benefit_of_SIMD_optimization_in_csv_parsing_739
user_740,id_740,This_is_a_sample_description_that_is_very_long_and_contains_no_special_characters_so_the_SIMD_parser_can_fast_forward_through_multiple_chunks_without_checking_each_byte_this_shows_the_benefit_of_SIMD_optimization_in_csv_parsing_740
user_741,id_741,This_is_a_sample_description_that_is_very_long_and_contains_no_special_characters_so_the_SIMD_parser_can_fast_forward_through_multiple_chunks_without_checking_each_byte_this_shows_the_benefit_of_SIMD_optimization_in_csv_parsing_741
user_742,id_742,This_is_a_sample_description_that_is_very_long_and_contains_no_special_characters_so_the_SIMD_parser_can_fast_forward_through_multiple_chunks_without_checking_each_byte_this_shows_the_benefit_of_SIMD_optimization_in_csv_parsing_742
user_743,id_743,This_is_a_sample_description_that_is_very_long_and_contains_no_special_characters_so_the_SIMD_parser_can_fast_forward_through_multiple_chunks_without_checking_each_byte_this_shows_the_benefit_of_SIMD_optimization_in_csv_parsing_743
user_744,id_744,This_is_a_sample_description_that_is_very_long_and_contains_no_special_characters_so_the_SIMD_parser_can_fast_forward_through_multiple_chunks_without_checking_each_byte_this_shows_the_benefit_of_SIMD_optimization_in_csv_parsing_744
user_745,id_745,This_is_a_sample_description_that_is_very_long_and_contains_no_special_characters_so_the_SIMD_parser_can_fast_forward_through_multiple_chunks_without_checking_each_byte_this_shows_the_benefit_of_SIMD_optimization_in_csv_parsing_745
user_746,id_746,This_is_a_sample_description_that_is_very_long_and_contains_no_special_characters_so_the_SIMD_parser_can_fast_forward_through_multiple_chunks_without_checking_each_byte_this_shows_the_benefit_of_SIMD_optimization_in_csv_parsing_746
user_747,id_747,This_is_a_sample_description_that_is_very_long_and_contains_no_special_characters_so_the_SIMD_parser_can_fast_forward_through_multiple_chunks_without_checking_each_byte_this_shows_the_benefit_of_SIMD_optimization_in_csv_parsing_747
user_748,id_748,This_is_a_sample_description_that_is_very_long_and_contains_no_special_characters_so_the_SIMD_parser_can_fast_forward_through_multiple_chunks_without_checking_each_byte_this_shows_the_benefit_of_SIMD_optimization_in_csv_parsing_748
user_749,id_749,This_is_a_sample_description_that_is_very_long_and_contains_no_special_characters_so_the_SIMD_parser_can_fast_forward_through_multiple_chunks_without_checking_each_byte_this_shows_the_benefit_of_SIMD_optimization_in_csv_parsing_749
user_750,id_750,This_is_a_sample_description_that_is_very_long_and_contains_no_special_characters_so_the_SIMD_parser_can_fast_forward_through_multiple_chunks_without_checking_each_byte_this_shows_the_benefit_of_SIMD_optimization_in_csv_parsing_750
user_751,id_751,This_is_a_sample_description_that_is_very_long_and_contains_no_special_characters_so_the_SIMD_parser_can_fast_forward_through_multiple_chunks_without_checking_each_byte_this_shows_the_benefit_of_SIMD_optimization_in_csv_parsing_751
user_752,id_752,This_is_a_sample_description_that_is_very_long_and_contains_no_special_characters_so_the_SIMD_parser_can_fast_forward_through_multiple_chunks_without_checking_each_byte_this_shows_the_benefit_of_SIMD_optimization_in_csv_parsing_752
user_753,id_753,This_is_a_sample_description_that_is_very_long_and_contains_no_special_characters_so_the_SIMD_parser_can_fast_forward_through_multiple_chunks_without_checking_each_byte_this_shows_the_benefit_of_SIMD_optimization_in_csv_parsing_753
user_754,id_754,This_is_a_sample_description_that_is_very_long_and_contains_no_special_characters_so_the_SIMD_parser_can_fast_forward_through_multiple_chunks_without_checking_each_byte_this_shows_the_benefit_of_SIMD_optimization_in_csv_parsing_754
user_755,id_755,This_is_a_sample_description_that_is_very_long_and_contains_no_special_characters_so_the_SIMD_parser_can_fast_forward_through_multiple_chunks_without_checking_each_byte_this_shows_the_benefit_of_SIMD_optimization_in_csv_parsing_755
user_756,id_756,This_is_a_sample_description_that_is_very_long_and_contains_no_special_characters_so_the_SIMD_parser_can_fast_forward_through_multiple_chunks_without_checking_each_byte_this_shows_the_benefit_of_SIMD_optimization_in_csv_parsing_756
user_757,id_757,This_is_a_sample_description_that_is_very_long_and_contains_no_special_characters_so_the_SIMD_parser_can_fast_forward_through_multiple_chunks_without_checking_each_byte_this_shows_the_benefit_of_SIMD_optimization_in_csv_parsing_757
user_758,id_758,This_is_a_sample_description_that_is_very_long_and_contains_no_special_characters_so_the_SIMD_parser_can_fast_forward_through_multiple_chunks_without_checking_each_byte_this_shows_the_benefit_of_SIMD_optimization_in_csv_parsing_758
user_759,id_759,This_is_a_sample_description_that_is_very_long_and_contains_no_special_characters_so_the_SIMD_parser_can_fast_forward_through_multiple_chunks_without_checking_each_byte_this_shows_the_benefit_of_SIMD_optimization_in_csv_parsing_759
user_760,id_760,This_is_a_sample_description_that_is_very_long_and_contains_no_special_characters_so_the_SIMD_parser_can_fast_forward_through_multiple_chunks_without_checking_each_byte_this_shows_the_benefit_of_SIMD_optimization_in_csv_parsing_760
user_761,id_761,This_is_a_sample_description_that_is_very_long_and_contains_no_special_characters_so_the_SIMD_parser_can_fast_forward_through_multiple_chunks_without_checking_each_byte_this_shows_the_benefit_of_SIMD_optimization_in_csv_parsing_761
user_762,id_762,This_is_a_sample_description_that_is_very_long_and_contains_no_special_characters_so_the_SIMD_parser_can_fast_forward_through_multiple_chunks_without_checking_each_byte_this_shows_the_benefit_of_SIMD_optimization_in_csv_parsing_762
user_763,id_763,This_is_a_sample_description_that_is_very_long_and_contains_no_special_characters_so_the_SIMD_parser_can_fast_forward_through_multiple_chunks_without_checking_each_byte_this_shows_the_benefit_of_SIMD_optimization_in_csv_parsing_763
user_764,id_764,This_is_a_sample_description_that_is_very_long_and_contains_no_special_characters_so_the_SIMD_parser_can_fast_forward_through_multiple_chunks_without_checking_each_byte_this_shows_the_benefit_of_SIMD_optimization_in_csv_parsing_764
user_765,id_765,This_is_a_sample_description_that_is_very_long_and_contains_no_special_characters_so_the_SIMD_parser_can_fast_forward_through_multiple_chunks_without_checking_each_byte_this_shows_the_benefit_of_SIMD_optimization_in_csv_parsing_765
user_766,id_766,This_is_a_sample_description_that_is_very_long_and_contains_no_special_characters_so_the_SIMD_parser_can_fast_forward_through_multiple_chunks_without_checking_each_byte_this_shows_the_benefit_of_SIMD_optimization_in_csv_parsing_766
user_767,id_767,This_is_a_sample_description_that_is_very_long_and_contains_no_special_characters_so_the_SIMD_parser_can_fast_forward_through_multiple_chunks_without_checking_each_byte_this_shows_the_benefit_of_SIMD_optimization_in_csv_parsing_767
user_768,id_768,This_is_a_sample_description_that_is_very_long_and_contains_no_special_characters_so_the_SIMD_parser_can_fast_forward_through_multiple_chunks_without_checking_each_byte_this_shows_the_benefit_of_SIMD_optimization_in_csv_parsing_768
user_769,id_769,This_is_a_sample_description_that_is_very_long_and_contains_no_special_characters_so_the_SIMD_parser_can_fast_forward_through_multiple_chunks_without_checking_each_byte_this_shows_the_benefit_of_SIMD_optimization_in_csv_parsing_769
user_770,id_770,This_is_a_sample_description_that_is_very_long_and_contains_no_special_characters_so_the_SIMD_parser_can_fast_forward_through_multiple_chunks_without_checking_each_byte_this_shows_the_benefit_of_SIMD_optimization_in_csv_parsing_770
user_771,id_771,This_is_a_sample_description_that_is_very_long_and_contains_no_special_characters_so_the_SIMD_parser_can_fast_forward_through_multiple_chunks_without_checking_each_byte_this_shows_the_benefit_of_SIMD_optimization_in_csv_parsing_771
user_772,id_772,This_is_a_sample_description_that_is_very_long_and_contains_no_special_characters_so_the_SIMD_parser_can_fast_forward_through_multiple_chunks_without_checking_each_byte_this_shows_the_benefit_of_SIMD_optimization_in_csv_parsing_772
user_773,id_773,This_is_a_sample_description_that_is_very_long_and_contains_no_special_characters_so_the_SIMD_parser_can_fast_forward_through_multiple_chunks_without_checking_each_byte_this_shows_the_benefit_of_SIMD_optimization_in_csv_parsing_773
user_774,id_774,This_is_a_sample_description_that_is_very_long_and_contains_no_special_characters_so_the_SIMD_parser_can_fast_forward_through_multiple_chunks_without_checking_each_byte_this_shows_the_benefit_of_SIMD_optimization_in_csv_parsing_774
user_775,id_775,This_is_a_sample_description_that_is_very_long_and_contains_no_special_characters_so_the_SIMD_parser_can_fast_forward_through_multiple_chunks_without_checking_each_byte_this_shows_the_benefit_of_SIMD_optimization_in_csv_parsing_775
user_776,id_776,This_is_a_sample_description_that_is_very_long_and_contains_no_special_characters_so_the_SIMD_parser_can_fast_forward_through_multiple_chunks_without_checking_each_byte_this_shows_the_benefit_of_SIMD_optimization_in_csv_parsing_776
user_777,id_777,This_is_a_sample_description_that_is_very_long_and_contains_no_special_characters_so_the_SIMD_parser_can_fast_forward_through_multiple_chunks_without_checking_each_byte_this_shows_the_benefit_of_SIMD_optimization_in_csv_parsing_777
user_778,id_778,This_is_a_sample_description_that_is_very_long_and_contains_no_special_characters_so_the_SIMD_parser_can_fast_forward_through_multiple_chunks_without_checking_each_byte_this_shows_the_benefit_of_SIMD_optimization_in_csv_parsing_778
user_779,id_779,This_is_a_sample_description_that_is_very_long_and_contains_no_special_characters_so_the_SIMD_parser_can_fast_forward_through_multiple_chunks_without_checking_each_byte_this_shows_the_benefit_of_SIMD_optimization_in_csv_parsing_779
user_780,id_780,This_is_a_sample_description_that_is_very_long_and_contains_no_special_characters_so_the_SIMD_parser_can_fast_forward_through_multiple_chunks_without_checking_each_byte_this_shows_the_benefit_of_SIMD_optimization_in_csv_parsing_780
user_781,id_781,This_is_a_sample_description_that_is_very_long_and_contains_no_special_characters_so_the_SIMD_parser_can_fast_forward_through_multiple_chunks_without_checking_each_byte_this_shows_the_benefit_of_SIMD_optimization_in_csv_parsing_781
user_782,id_782,This_is_a_sample_description_that_is_very_long_and_contains_no_special_characters_so_the_SIMD_parser_can_fast_forward_through_multiple_chunks_without_checking_each_byte_this_shows_the_benefit_of_SIMD_optimization_in_csv_parsing_782
user_783,id_783,This_is_a_sample_description_that_is_very_long_and_contains_no_special_characters_so_the_SIMD_parser_can_fast_forward_through_multiple_chunks_without_checking_each_byte_this_shows_the_benefit_of_SIMD_optimization_in_csv_parsing_783
user_784,id_784,This_is_a_sample_description_that_is_very_long_and_contains_no_special_characters_so_the_SIMD_parser_can_fast_forward_through_multiple_chunks_without_checking_each_byte_this_shows_the_benefit_of_SIMD_optimization_in_csv_parsing_784
user_785,id_785,This_is_a_sample_description_that_is_very_long_and_contains_no_special_characters_so_the_SIMD_parser_can_fast_forward_through_multiple_chunks_without_checking_each_byte_this_shows_the_benefit_of_SIMD_optimization_in_csv_parsing_785
user_786,id_786,This_is_a_sample_description_that_is_very_long_and_contains_no_special_characters_so_the_SIMD_parser_can_fast_forward_through_multiple_chunks_without_checking_each_byte_this_shows_the_benefit_of_SIMD_optimization_in_csv_parsing_786
user_787,id_787,This_is_a_sample_description_that_is_very_long_and_contains_no_special_characters_so_the_SIMD_parser_can_fast_forward_through_multiple_chunks_without_checking_each_byte_this_shows_the_benefit_of_SIMD_optimization_in_csv_parsing_787
user_788,id_788,This_is_a_sample_description_that_is_very_long_and_contains_no_special_characters_so_the_SIMD_parser_can_fast_forward_through_multiple_chunks_without_checking_each_byte_this_shows_the_benefit_of_SIMD_optimization_in_csv_parsing_788
user_789,id_789,This_is_a_sample_description_that_is_very_long_and_contains_no_special_characters_so_the_SIMD_parser_can_fast_forward_through_multiple_chunks_without_checking_each_byte_this_shows_the_benefit_of_SIMD_optimization_in_csv_parsing_789
user_790,id_790,This_is_a_sample_description_that_is_very_long_and_contains_no_special_characters_so_the_SIMD_parser_can_fast_forward_through_multiple_chunks_without_checking_each_byte_this_shows_the_benefit_of_SIMD_optimization_in_csv_parsing_790
user_791,id_791,This_is_a_sample_description_that_is_very_long_and_contains_no_special_characters_so_the_SIMD_parser_can_fast_forward_through_multiple_chunks_without_checking_each_byte_this_shows_the_benefit_of_SIMD_optimization_in_csv_parsing_791
user_792,id_792,This_is_a_sample_description_that_is_very_long_and_contains_no_special_characters_so_the_SIMD_parser_can_fast_forward_through_multiple_chunks_without_checking_each_byte_this_shows_the_benefit_of_SIMD_optimization_in_csv_parsing_792
user_793,id_793,This_is_a_sample_description_that_is_very_long_and_contains_no_special_characters_so_the_SIMD_parser_can_fast_forward_through_multiple_chunks_without_checking_each_byte_this_shows_the_benefit_of_SIMD_optimization_in_csv_parsing_793
user_794,id_794,This_is_a_sample_description_that_is_very_long_and_contains_no_special_characters_so_the_SIMD_parser_can_fast_forward_through_multiple_chunks_without_checking_each_byte_this_shows_the_benefit_of_SIMD_optimization_in_csv_parsing_794
user_795,id_795,This_is_a_sample_description_that_is_very_long_and_contains_no_special_characters_so_the_SIMD_parser_can_fast_forward_through_multiple_chunks_without_checking_each_byte_this_shows_the_benefit_of_SIMD_optimization_in_csv_parsing_795
user_796,id_796,This_is_a_sample_description_that_is_very_long_and_contains_no_special_characters_so_the_SIMD_parser_can_fast_forward_through_multiple_chunks_without_checking_each_byte_this_shows_the_benefit_of_SIMD_optimization_in_csv_parsing_796
user_797,id_797,This_is_a_sample_description_that_is_very_long_and_contains_no_special_characters_so_the_SIMD_parser_can_fast_forward_through_multiple_chunks_without_checking_each_byte_this_shows_the_benefit_of_SIMD_optimization_in_csv_parsing_797
user_798,id_798,This_is_a_sample_description_that_is_very_long_and_contains_no_special_characters_so_the_SIMD_parser_can_fast_forward_through_multiple_chunks_without_checking_each_byte_this_shows_the_benefit_of_SIMD_optimization_in_csv_parsing_798
user_799,id_799,This_is_a_sample_description_that_is_very_long_and_contains_no_special_characters_so_the_SIMD_parser_can_fast_forward_through_multiple_chunks_without_checking_each_byte_this_shows_the_benefit_of_SIMD_optimization_in_csv_parsing_799
user_800,id_800,This_is_a_sample_description_that_is_very_long_and_contains_no_special_characters_so_the_SIMD_parser_can_fast_forward_through_multiple_chunks_without_checking_each_byte_this_shows_the_benefit_of_SIMD_optimization_in_csv_parsing_800
user_801,id_801,This_is_a_sample_description_that_is_very_long_and_contains_no_special_characters_so_the_SIMD_parser_can_fast_forward_through_multiple_chunks_without_checking_each_byte_this_shows_the_benefit_of_SIMD_optimization_in_csv_parsing_801
user_802,id_802,This_is_a_sample_description_that_is_very_long_and_contains_no_special_characters_so_the_SIMD_parser_can_fast_forward_through_multiple_chunks_without_checking_each_byte_this_shows_the_benefit_of_SIMD_optimization_in_csv_parsing_802
user_803,id_803,This_is_a_sample_description_that_is_very_long_and_contains_no_special_characters_so_the_SIMD_parser_can_fast_forward_through_multiple_chunks_without_checking_each_byte_this_shows_the_benefit_of_SIMD_optimization_in_csv_parsing_803
user_804,id_804,This_is_a_sample_description_that_is_very_long_and_contains_no_special_characters_so_the_SIMD_parser_can_fast_forward_through_multiple_chunks_without_checking_each_byte_this_shows_the_benefit_of_SIMD_optimization_in_csv_parsing_804
user_805,id_805,This_is_a_sample_description_that_is_very_long_and_contains_no_special_characters_so_the_SIMD_parser_can_fast_forward_through_multiple_chunks_without_checking_each_byte_this_shows_the_benefit_of_SIMD_optimization_in_csv_parsing_805
user_806,id_806,This_is_a_sample_description_that_is_very_long_and_contains_no_special_characters_so_the_SIMD_parser_can_fast_forward_through_multiple_chunks_without_checking_each_byte_this_shows_the_benefit_of_SIMD_optimization_in_csv_parsing_806
user_807,id_807,This_is_a_sample_description_that_is_very_long_and_contains_no_special_characters_so_the_SIMD_parser_can_fast_forward_through_multiple_chunks_without_checking_each_byte_this_shows_the_benefit_of_SIMD_optimization_in_csv_parsing_807
user_808,id_808,This_is_a_sample_description_that_is_very_long_and_contains_no_special_characters_so_the_SIMD_parser_can_fast_forward_through_multiple_chunks_without_checking_each_byte_this_shows_the_benefit_of_SIMD_optimization_in_csv_parsing_808
user_809,id_809,This_is_a_sample_description_that_is_very_long_and_contains_no_special_characters_so_the_SIMD_parser_can_fast_forward_through_multiple_chunks_without_checking_each_byte_this_shows_the_benefit_of_SIMD_optimization_in_csv_parsing_809
user_810,id_810,This_is_a_sample_description_that_is_very_long_and_contains_no_special_characters_so_the_SIMD_parser_can_fast_forward_through_multiple_chunks_without_checking_each_byte_this_shows_the_benefit_of_SIMD_optimization_in_csv_parsing_810
user_811,id_811,This_is_a_sample_description_that_is_very_long_and_contains_no_special_characters_so_the_SIMD_parser_can_fast_forward_through_multiple_chunks_without_checking_each_byte_this_shows_the_benefit_of_SIMD_optimization_in_csv_parsing_811
user_812,id_812,This_is_a_sample_description_that_is_very_long_and_contains_no_special_characters_so_the_SIMD_parser_can_fast_forward_through_multiple_chunks_without_checking_each_byte_this_shows_the_benefit_of_SIMD_optimization_in_csv_parsing_812
user_813,id_813,This_is_a_sample_description_that_is_very_long_and_contains_no_special_characters_so_the_SIMD_parser_can_fast_forward_through_multiple_chunks_without_checking_each_byte_this_shows_the_benefit_of_SIMD_optimization_in_csv_parsing_813
user_814,id_814,This_is_a_sample_description_that_is_very_long_and_contains_no_special_characters_so_the_SIMD_parser_can_fast_forward_through_multiple_chunks_without_checking_each_byte_this_shows_the_benefit_of_SIMD_optimization_in_csv_parsing_814
user_815,id_815,This_is_a_sample_description_that_is_very_long_and_contains_no_special_characters_so_the_SIMD_parser_can_fast_forward_through_multiple_chunks_without_checking_each_byte_this_shows_the_benefit_of_SIMD_optimization_in_csv_parsing_815
user_816,id_816,This_is_a_sample_description_that_is_very_long_and_contains_no_special_characters_so_the_SIMD_parser_can_fast_forward_through_multiple_chunks_without_checking_each_byte_this_shows_the_benefit_of_SIMD_optimization_in_csv_parsing_816
user_817,id_817,This_is_a_sample_description_that_is_very_long_and_contains_no_special_characters_so_the_SIMD_parser_can_fast_forward_through_multiple_chunks_without_checking_each_byte_this_shows_the_benefit_of_SIMD_optimization_in_csv_parsing_817
user_818,id_818,This_is_a_sample_description_that_is_very_long_and_contains_no_special_characters_so_the_SIMD_parser_can_fast_forward_through_multiple_chunks_without_checking_each_byte_this_shows_the_benefit_of_SIMD_optimization_in_csv_parsing_818
user_819,id_819,This_is_a_sample_description_that_is_very_long_and_contains_no_special_characters_so_the_SIMD_parser_can_fast_forward_through_multiple_chunks_without_checking_each_byte_this_shows_the_benefit_of_SIMD_optimization_in_csv_parsing_819
user_820,id_820,This_is_a_sample_description_that_is_very_long_and_contains_no_special_characters_so_the_SIMD_parser_can_fast_forward_through_multiple_chunks_without_checking_each_byte_this_shows_the_benefit_of_SIMD_optimization_in_csv_parsing_820
user_821,id_821,This_is_a_sample_description_that_is_very_long_and_contains_no_special_characters_so_the_SIMD_parser_can_fast_forward_through_multiple_chunks_without_checking_each_byte_this_shows_the_benefit_of_SIMD_optimization_in_csv_parsing_821
user_822,id_822,This_is_a_sample_description_that_is_very_long_and_contains_no_special_characters_so_the_SIMD_parser_can_fast_forward_through_multiple_chunks_without_checking_each_byte_this_shows_the_benefit_of_SIMD_optimization_in_csv_parsing_822
user_823,id_823,This_is_a_sample_description_that_is_very_long_and_contains_no_special_characters_so_the_SIMD_parser_can_fast_forward_through_multiple_chunks_without_checking_each_byte_this_shows_the_benefit_of_SIMD_optimization_in_csv_parsing_823
user_824,id_824,This_is_a_sample_description_that_is_very_long_and_contains_no_special_characters_so_the_SIMD_parser_can_fast_forward_through_multiple_chunks_without_checking_each_byte_this_shows_the_benefit_of_SIMD_optimization_in_csv_parsing_824
user_825,id_825,This_is_a_sample_description_that_is_very_long_and_contains_no_special_characters_so_the_SIMD_parser_can_fast_forward_through_multiple_chunks_without_checking_each_byte_this_shows_the_benefit_of_SIMD_optimization_in_csv_parsing_825
user_826,id_826,This_is_a_sample_description_that_is_very_long_and_contains_no_special_characters_so_the_SIMD_parser_can_fast_forward_through_multiple_chunks_without_checking_each_byte_this_shows_the_benefit_of_SIMD_optimization_in_csv_parsing_826
user_827,id_827,This_is_a_sample_description_that_is_very_long_and_contains_no_special_characters_so_the_SIMD_parser_can_fast_forward_through_multiple_chunks_without_checking_each_byte_this_shows_the_benefit_of_SIMD_optimization_in_csv_parsing_827
user_828,id_828,This_is_a_sample_description_that_is_very_long_and_contains_no_special_characters_so_the_SIMD_parser_can_fast_forward_through_multiple_chunks_without_checking_each_byte_this_shows_the_benefit_of_SIMD_optimization_in_csv_parsing_828
user_829,id_829,This_is_a_sample_description_that_is_very_long_and_contains_no_special_characters_so_the_SIMD_parser_can_fast_forward_through_multiple_chunks_without_checking_each_byte_this_shows_the_benefit_of_SIMD_optimization_in_csv_parsing_829
user_830,id_830,This_is_a_sample_description_that_is_very_long_and_contains_no_special_characters_so_the_SIMD_parser_can_fast_forward_through_multiple_chunks_without_checking_each_byte_this_shows_the_benefit_of_SIMD_optimization_in_csv_parsing_830
user_831,id_831,This_is_a_sample_description_that_is_very_long_and_contains_no_special_characters_so_the_SIMD_parser_can_fast_forward_through_multiple_chunks_without_checking_each_byte_this_shows_the_benefit_of_SIMD_optimization_in_csv_parsing_831
user_832,id_832,This_is_a_sample_description_that_is_very_long_and_contains_no_special_characters_so_the_SIMD_parser_can_fast_forward_through_multiple_chunks_without_checking_each_byte_this_shows_the_benefit_of_SIMD_optimization_in_csv_parsing_832
user_833,id_833,This_is_a_sample_description_that_is_very_long_and_contains_no_special_characters_so_the_SIMD_parser_can_fast_forward_through_multiple_chunks_without_checking_each_byte_this_shows_the_benefit_of_SIMD_optimization_in_csv_parsing_833
user_834,id_834,This_is_a_sample_description_that_is_very_long_and_contains_no_special_characters_so_the_SIMD_parser_can_fast_forward_through_multiple_chunks_without_checking_each_byte_this_shows_the_benefit_of_SIMD_optimization_in_csv_parsing_834
user_835,id_835,This_is_a_sample_description_that_is_very_long_and_contains_no_special_characters_so_the_SIMD_parser_can_fast_forward_through_multiple_chunks_without_checking_each_byte_this_shows_the_benefit_of_SIMD_optimization_in_csv_parsing_835
user_836,id_836,This_is_a_sample_description_that_is_very_long_and_contains_no_special_characters_so_the_SIMD_parser_can_fast_forward_through_multiple_chunks_without_checking_each_byte_this_shows_the_benefit_of_SIMD_optimization_in_csv_parsing_836
user_837,id_837,This_is_a_sample_description_that_is_very_long_and_contains_no_special_characters_so_the_SIMD_parser_can_fast_forward_through_multiple_chunks_without_checking_each_byte_this_shows_the_benefit_of_SIMD_optimization_in_csv_parsing_837
user_838,id_838,This_is_a_sample_description_that_is_very_long_and_contains_no_special_characters_so_the_SIMD_parser_can_fast_forward_through_multiple_chunks_without_checking_each_byte_this_shows_the_benefit_of_SIMD_optimization_in_csv_parsing_838
user_839,id_839,This_is_a_sample_description_that_is_very_long_and_contains_no_special_characters_so_the_SIMD_parser_can_fast_forward_through_multiple_chunks_without_checking_each_byte_this_shows_the_benefit_of_SIMD_optimization_in_csv_parsing_839
user_840,id_840,This_is_a_sample_description_that_is_very_long_and_contains_no_special_characters_so_the_SIMD_parser_can_fast_forward_through_multiple_chunks_without_checking_each_byte_this_shows_the_benefit_of_SIMD_optimization_in_csv_parsing_840
user_841,id_841,This_is_a_sample_description_that_is_very_long_and_contains_no_special_characters_so_the_SIMD_parser_can_fast_forward_through_multiple_chunks_without_checking_each_byte_this_shows_the_benefit_of_SIMD_optimization_in_csv_parsing_841
user_842,id_842,This_is_a_sample_description_that_is_very_long_and_contains_no_special_characters_so_the_SIMD_parser_can_fast_forward_through_multiple_chunks_without_checking_each_byte_this_shows_the_benefit_of_SIMD_optimization_in_csv_parsing_842
user_843,id_843,This_is_a_sample_description_that_is_very_long_and_contains_no_special_characters_so_the_SIMD_parser_can_fast_forward_through_multiple_chunks_without_checking_each_byte_this_shows_the_benefit_of_SIMD_optimization_in_csv_parsing_843
user_844,id_844,This_is_a_sample_description_that_is_very_long_and_contains_no_special_characters_so_the_SIMD_parser_can_fast_forward_through_multiple_chunks_without_checking_each_byte_this_shows_the_benefit_of_SIMD_optimization_in_csv_parsing_844
user_845,id_845,This_is_a_sample_description_that_is_very_long_and_contains_no_special_characters_so_the_SIMD_parser_can_fast_forward_through_multiple_chunks_without_checking_each_byte_this_shows_the_benefit_of_SIMD_optimization_in_csv_parsing_845
user_846,id_846,This_is_a_sample_description_that_is_very_long_and_contains_no_special_characters_so_the_SIMD_parser_can_fast_forward_through_multiple_chunks_without_checking_each_byte_this_shows_the_benefit_of_SIMD_optimization_in_csv_parsing_846
user_847,id_847,This_is_a_sample_description_that_is_very_long_and_contains_no_special_characters_so_the_SIMD_parser_can_fast_forward_through_multiple_chunks_without_checking_each_byte_this_shows_the_benefit_of_SIMD_optimization_in_csv_parsing_847
user_848,id_848,This_is_a_sample_description_that_is_very_long_and_contains_no_special_characters_so_the_SIMD_parser_can_fast_forward_through_multiple_chunks_without_checking_each_byte_this_shows_the_benefit_of_SIMD_optimization_in_csv_parsing_848
user_849,id_849,This_is_a_sample_description_that_is_very_long_and_contains_no_special_characters_so_the_SIMD_parser_can_fast_forward_through_multiple_chunks_without_checking_each_byte_this_shows_the_benefit_of_SIMD_optimization_in_csv_parsing_849
user_850,id_850,This_is_a_sample_description_that_is_very_long_and_contains_no_special_characters_so_the_SIMD_parser_can_fast_forward_through_multiple_chunks_without_checking_each_byte_this_shows_the_benefit_of_SIMD_optimization_in_csv_parsing_850
user_851,id_851,This_is_a_sample_description_that_is_very_long_and_contains_no_special_characters_so_the_SIMD_parser_can_fast_forward_through_multiple_chunks_without_checking_each_byte_this_shows_the_benefit_of_SIMD_optimization_in_csv_parsing_851
user_852,id_852,This_is_a_sample_description_that_is_very_long_and_contains_no_special_characters_so_the_SIMD_parser_can_fast_forward_through_multiple_chunks_without_checking_each_byte_this_shows_the_benefit_of_SIMD_optimization_in_csv_parsing_852
user_853,id_853,This_is_a_sample_description_that_is_very_long_and_contains_no_special_characters_so_the_SIMD_parser_can_fast_forward_through_multiple_chunks_without_checking_each_byte_this_shows_the_benefit_of_SIMD_optimization_in_csv_parsing_853
user_854,id_854,This_is_a_sample_description_that_is_very_long_and_contains_no_special_characters_so_the_SIMD_parser_can_fast_forward_through_multiple_chunks_without_checking_each_byte_this_shows_the_benefit_of_SIMD_optimization_in_csv_parsing_854
user_855,id_855,This_is_a_sample_description_that_is_very_long_and_contains_no_special_characters_so_the_SIMD_parser_can_fast_forward_through_multiple_chunks_without_checking_each_byte_this_shows_the_benefit_of_SIMD_optimization_in_csv_parsing_855
user_856,id_856,This_is_a_sample_description_that_is_very_long_and_contains_no_special_characters_so_the_SIMD_parser_can_fast_forward_through_multiple_chunks_without_checking_each_byte_this_shows_the_benefit_of_SIMD_optimization_in_csv_parsing_856
user_857,id_857,This_is_a_sample_description_that_is_very_long_and_contains_no_special_characters_so_the_SIMD_parser_can_fast_forward_through_multiple_chunks_without_checking_each_byte_this_shows_the_benefit_of_SIMD_optimization_in_csv_parsing_857
user_858,id_858,This_is_a_sample_description_that_is_very_long_and_contains_no_special_characters_so_the_SIMD_parser_can_fast_forward_through_multiple_chunks_without_checking_each_byte_this_shows_the_benefit_of_SIMD_optimization_in_csv_parsing_858
user_859,id_859,This_is_a_sample_description_that_is_very_long_and_contains_no_special_characters_so_the_SIMD_parser_can_fast_forward_through_multiple_chunks_without_checking_each_byte_this_shows_the_benefit_of_SIMD_optimization_in_csv_parsing_859
user_860,id_860,This_is_a_sample_description_that_is_very_long_and_contains_no_special_characters_so_the_SIMD_parser_can_fast_forward_through_multiple_chunks_without_checking_each_byte_this_shows_the_benefit_of_SIMD_optimization_in_csv_parsing_860
user_861,id_861,This_is_a_sample_description_that_is_very_long_and_contains_no_special_characters_so_the_SIMD_parser_can_fast_forward_through_multiple_chunks_without_checking_each_byte_this_shows_the_benefit_of_SIMD_optimization_in_csv_parsing_861
user_862,id_862,This_is_a_sample_description_that_is_very_long_and_contains_no_special_characters_so_the_SIMD_parser_can_fast_forward_through_multiple_chunks_without_checking_each_byte_this_shows_the_benefit_of_SIMD_optimization_in_csv_parsing_862
user_863,id_863,This_is_a_sample_description_that_is_very_long_and_contains_no_special_characters_so_the_SIMD_parser_can_fast_forward_through_multiple_chunks_without_checking_each_byte_this_shows_the_benefit_of_SIMD_optimization_in_csv_parsing_863
user_864,id_864,This_is_a_sample_description_that_is_very_long_and_contains_no_special_characters_so_the_SIMD_parser_can_fast_forward_through_multiple_chunks_without_checking_each_byte_this_shows_the_benefit_of_SIMD_optimization_in_csv_parsing_864
user_865,id_865,This_is_a_sample_description_that_is_very_long_and_contains_no_special_characters_so_the_SIMD_parser_can_fast_forward_through_multiple_chunks_without_checking_each_byte_this_shows_the_benefit_of_SIMD_optimization_in_csv_parsing_865
user_866,id_866,This_is_a_sample_description_that_is_very_long_and_contains_no_special_characters_so_the_SIMD_parser_can_fast_forward_through_multiple_chunks_without_checking_each_byte_this_shows_the_benefit_of_SIMD_optimization_in_csv_parsing_866
user_867,id_867,This_is_a_sample_description_that_is_very_long_and_contains_no_special_characters_so_the_SIMD_parser_can_fast_forward_through_multiple_chunks_without_checking_each_byte_this_shows_the_benefit_of_SIMD_optimization_in_csv_parsing_867
user_868,id_868,This_is_a_sample_description_that_is_very_long_and_contains_no_special_characters_so_the_SIMD_parser_can_fast_forward_through_multiple_chunks_without_checking_each_byte_this_shows_the_benefit_of_SIMD_optimization_in_csv_parsing_868
user_869,id_869,This_is_a_sample_description_that_is_very_long_and_contains_no_special_characters_so_the_SIMD_parser_can_fast_forward_through_multiple_chunks_without_checking_each_byte_this_shows_the_benefit_of_SIMD_optimization_in_csv_parsing_869
user_870,id_870,This_is_a_sample_description_that_is_very_long_and_contains_no_special_characters_so_the_SIMD_parser_can_fast_forward_through_multiple_chunks_without_checking_each_byte_this_shows_the_benefit_of_SIMD_optimization_in_csv_parsing_870
user_871,id_871,This_is_a_sample_description_that_is_very_long_and_contains_no_special_characters_so_the_SIMD_parser_can_fast_forward_through_multiple_chunks_without_checking_each_byte_this_shows_the_benefit_of_SIMD_optimization_in_csv_parsing_871
user_872,id_872,This_is_a_sample_description_that_is_very_long_and_contains_no_special_characters_so_the_SIMD_parser_can_fast_forward_through_multiple_chunks_without_checking_each_byte_this_shows_the_benefit_of_SIMD_optimization_in_csv_parsing_872
user_873,id_873,This_is_a_sample_description_that_is_very_long_and_contains_no_special_characters_so_the_SIMD_parser_can_fast_forward_through_multiple_chunks_without_checking_each_byte_this_shows_the_benefit_of_SIMD_optimization_in_csv_parsing_873
user_874,id_874,This_is_a_sample_description_that_is_very_long_and_contains_no_special_characters_so_the_SIMD_parser_can_fast_forward_through_multiple_chunks_without_checking_each_byte_this_shows_the_benefit_of_SIMD_optimization_in_csv_parsing_874
user_875,id_875,This_is_a_sample_description_that_is_very_long_and_contains_no_special_characters_so_the_SIMD_parser_can_fast_forward_through_multiple_chunks_without_checking_each_byte_this_shows_the_benefit_of_SIMD_optimization_in_csv_parsing_875
user_876,id_876,This_is_a_sample_description_that_is_very_long_and_contains_no_special_characters_so_the_SIMD_parser_can_fast_forward_through_multiple_chunks_without_checking_each_byte_this_shows_the_benefit_of_SIMD_optimization_in_csv_parsing_876
user_877,id_877,This_is_a_sample_description_that_is_very_long_and_contains_no_special_characters_so_the_SIMD_parser_can_fast_forward_through_multiple_chunks_without_checking_each_byte_this_shows_the_benefit_of_SIMD_optimization_in_csv_parsing_877
user_878,id_878,This_is_a_sample_description_that_is_very_long_and_contains_no_special_characters_so_the_SIMD_parser_can_fast_forward_through_multiple_chunks_without_checking_each_byte_this_shows_the_benefit_of_SIMD_optimization_in_csv_parsing_878
user_879,id_879,This_is_a_sample_description_that_is_very_long_and_contains_no_special_characters_so_the_SIMD_parser_can_fast_forward_through_multiple_chunks_without_checking_each_byte_this_shows_the_benefit_of_SIMD_optimization_in_csv_parsing_879
user_880,id_880,This_is_a_sample_description_that_is_very_long_and_contains_no_special_characters_so_the_SIMD_parser_can_fast_forward_through_multiple_chunks_without_checking_each_byte_this_shows_the_benefit_of_SIMD_optimization_in_csv_parsing_880
user_881,id_881,This_is_a_sample_description_that_is_very_long_and_contains_no_special_characters_so_the_SIMD_parser_can_fast_forward_through_multiple_chunks_without_checking_each_byte_this_shows_the_benefit_of_SIMD_optimization_in_csv_parsing_881
user_882,id_882,This_is_a_sample_description_that_is_very_long_and_contains_no_special_characters_so_the_SIMD_parser_can_fast_forward_through_multiple_chunks_without_checking_each_byte_this_shows_the_benefit_of_SIMD_optimization_in_csv_parsing_882
user_883,id_883,This_is_a_sample_description_that_is_very_long_and_contains_no_special_characters_so_the_SIMD_parser_can_fast_forward_through_multiple_chunks_without_checking_each_byte_this_shows_the_benefit_of_SIMD_optimization_in_csv_parsing_883
user_884,id_884,This_is_a_sample_description_that_is_very_long_and_contains_no_special_characters_so_the_SIMD_parser_can_fast_forward_through_multiple_chunks_without_checking_each_byte_this_shows_the_benefit_of_SIMD_optimization_in_csv_parsing_884
user_885,id_885,This_is_a_sample_description_that_is_very_long_and_contains_no_special_characters_so_the_SIMD_parser_can_fast_forward_through_multiple_chunks_without_checking_each_byte_this_shows_the_benefit_of_SIMD_optimization_in_csv_parsing_885
user_886,id_886,This_is_a_sample_description_that_is_very_long_and_contains_no_special_characters_so_the_SIMD_parser_can_fast_forward_through_multiple_chunks_without_checking_each_byte_this_shows_the_benefit_of_SIMD_optimization_in_csv_parsing_886
user_887,id_887,This_is_a_sample_description_that_is_very_long_and_contains_no_special_characters_so_the_SIMD_parser_can_fast_forward_through_multiple_chunks_without_checking_each_byte_this_shows_the_benefit_of_SIMD_optimization_in_csv_parsing_887
user_888,id_888,This_is_a_sample_description_that_is_very_long_and_contains_no_special_characters_so_the_SIMD_parser_can_fast_forward_through_multiple_chunks_without_checking_each_byte_this_shows_the_benefit_of_SIMD_optimization_in_csv_parsing_888
user_889,id_889,This_is_a_sample_description_that_is_very_long_and_contains_no_special_characters_so_the_SIMD_parser_can_fast_forward_through_multiple_chunks_without_checking_each_byte_this_shows_the_benefit_of_SIMD_optimization_in_csv_parsing_889
user_890,id_890,This_is_a_sample_description_that_is_very_long_and_contains_no_special_characters_so_the_SIMD_parser_can_fast_forward_through_multiple_chunks_without_checking_each_byte_this_shows_the_benefit_of_SIMD_optimization_in_csv_parsing_890
user_891,id_891,This_is_a_sample_description_that_is_very_long_and_contains_no_special_characters_so_the_SIMD_parser_can_fast_forward_through_multiple_chunks_without_checking_each_byte_this_shows_the_benefit_of_SIMD_optimization_in_csv_parsing_891
user_892,id_892,This_is_a_sample_description_that_is_very_long_and_contains_no_special_characters_so_the_SIMD_parser_can_fast_forward_through_multiple_chunks_without_checking_each_byte_this_shows_the_benefit_of_SIMD_optimization_in_csv_parsing_892
user_893,id_893,This_is_a_sample_description_that_is_very_long_and_contains_no_special_characters_so_the_SIMD_parser_can_fast_forward_through_multiple_chunks_without_checking_each_byte_this_shows_the_benefit_of_SIMD_optimization_in_csv_parsing_893
user_894,id_894,This_is_a_sample_description_that_is_very_long_and_contains_no_special_characters_so_the_SIMD_parser_can_fast_forward_through_multiple_chunks_without_checking_each_byte_this_shows_the_benefit_of_SIMD_optimization_in_csv_parsing_894
user_895,id_895,This_is_a_sample_description_that_is_very_long_and_contains_no_special_characters_so_the_SIMD_parser_can_fast_forward_through_multiple_chunks_without_checking_each_byte_this_shows_the_benefit_of_SIMD_optimization_in_csv_parsing_895
user_896,id_896,This_is_a_sample_description_that_is_very_long_and_contains_no_special_characters_so_the_SIMD_parser_can_fast_forward_through_multiple_chunks_without_checking_each_byte_this_shows_the_benefit_of_SIMD_optimization_in_csv_parsing_896
user_897,id_897,This_is_a_sample_description_that_is_very_long_and_contains_no_special_characters_so_the_SIMD_parser_can_fast_forward_through_multiple_chunks_without_checking_each_byte_this_shows_the_benefit_of_SIMD_optimization_in_csv_parsing_897
user_898,id_898,This_is_a_sample_description_that_is_very_long_and_contains_no_special_characters_so_the_SIMD_parser_can_fast_forward_through_multiple_chunks_without_checking_each_byte_this_shows_the_benefit_of_SIMD_optimization_in_csv_parsing_898
user_899,id_899,This_is_a_sample_description_that_is_very_long_and_contains_no_special_characters_so_the_SIMD_parser_can_fast_forward_through_multiple_chunks_without_checking_each_byte_this_shows_the_benefit_of_SIMD_optimization_in_csv_parsing_899
user_900,id_900,This_is_a_sample_description_that_is_very_long_and_contains_no_special_characters_so_the_SIMD_parser_can_fast_forward_through_multiple_chunks_without_checking_each_byte_this_shows_the_benefit_of_SIMD_optimization_in_csv_parsing_900
user_901,id_901,This_is_a_sample_description_that_is_very_long_and_contains_no_special_characters_so_the_SIMD_parser_can_fast_forward_through_multiple_chunks_without_checking_each_byte_this_shows_the_benefit_of_SIMD_optimization_in_csv_parsing_901
user_902,id_902,This_is_a_sample_description_that_is_very_long_and_contains_no_special_characters_so_the_SIMD_parser_can_fast_forward_through_multiple_chunks_without_checking_each_byte_this_shows_the_benefit_of_SIMD_optimization_in_csv_parsing_902
user_903,id_903,This_is_a_sample_description_that_is_very_long_and_contains_no_special_characters_so_the_SIMD_parser_can_fast_forward_through_multiple_chunks_without_checking_each_byte_this_shows_the_benefit_of_SIMD_optimization_in_csv_parsing_903
user_904,id_904,This_is_a_sample_description_that_is_very_long_and_contains_no_special_characters_so_the_SIMD_parser_can_fast_forward_through_multiple_chunks_without_checking_each_byte_this_shows_the_benefit_of_SIMD_optimization_in_csv_parsing_904
user_905,id_905,This_is_a_sample_description_that_is_very_long_and_contains_no_special_characters_so_the_SIMD_parser_can_fast_forward_through_multiple_chunks_without_checking_each_byte_this_shows_the_benefit_of_SIMD_optimization_in_csv_parsing_905
user_906,id_906,This_is_a_sample_description_that_is_very_long_and_contains_no_special_characters_so_the_SIMD_parser_can_fast_forward_through_multiple_chunks_without_checking_each_byte_this_shows_the_benefit_of_SIMD_optimization_in_csv_parsing_906
user_907,id_907,This_is_a_sample_description_that_is_very_long_and_contains_no_special_characters_so_the_SIMD_parser_can_fast_forward_through_multiple_chunks_without_checking_each_byte_this_shows_the_benefit_of_SIMD_optimization_in_csv_parsing_907
user_908,id_908,This_is_a_sample_description_that_is_very_long_and_contains_no_special_characters_so_the_SIMD_parser_can_fast_forward_through_multiple_chunks_without_checking_each_byte_this_shows_the_benefit_of_SIMD_optimization_in_csv_parsing_908
user_909,id_909,This_is_a_sample_description_that_is_very_long_and_contains_no_special_characters_so_the_SIMD_parser_can_fast_forward_through_multiple_chunks_without_checking_each_byte_this_shows_the_benefit_of_SIMD_optimization_in_csv_parsing_909
user_910,id_910,This_is_a_sample_description_that_is_very_long_and_contains_no_special_characters_so_the_SIMD_parser_can_fast_forward_through_multiple_chunks_without_checking_each_byte_this_shows_the_benefit_of_SIMD_optimization_in_csv_parsing_910
user_911,id_911,This_is_a_sample_description_that_is_very_long_and_contains_no_special_characters_so_the_SIMD_parser_can_fast_forward_through_multiple_chunks_without_checking_each_byte_this_shows_the_benefit_of_SIMD_optimization_in_csv_parsing_911
user_912,id_912,This_is_a_sample_description_that_is_very_long_and_contains_no_special_characters_so_the_SIMD_parser_can_fast_forward_through_multiple_chunks_without_checking_each_byte_this_shows_the_benefit_of_SIMD_optimization_in_csv_parsing_912
user_913,id_913,This_is_a_sample_description_that_is_very_long_and_contains_no_special_characters_so_the_SIMD_parser_can_fast_forward_through_multiple_chunks_without_checking_each_byte_this_shows_the_benefit_of_SIMD_optimization_in_csv_parsing_913
user_914,id_914,This_is_a_sample_description_that_is_very_long_and_contains_no_special_characters_so_the_SIMD_parser_can_fast_forward_through_multiple_chunks_without_checking_each_byte_this_shows_the_benefit_of_SIMD_optimization_in_csv_parsing_914
user_915,id_915,This_is_a_sample_description_that_is_very_long_and_contains_no_special_characters_so_the_SIMD_parser_can_fast_forward_through_multiple_chunks_without_checking_each_byte_this_shows_the_benefit_of_SIMD_optimization_in_csv_parsing_915
user_916,id_916,This_is_a_sample_description_that_is_very_long_and_contains_no_special_characters_so_the_SIMD_parser_can_fast_forward_through_multiple_chunks_without_checking_each_byte_this_shows_the_benefit_of_SIMD_optimization_in_csv_parsing_916
user_917,id_917,This_is_a_sample_description_that_is_very_long_and_contains_no_special_characters_so_the_SIMD_parser_can_fast_forward_through_multiple_chunks_without_checking_each_byte_this_shows_the_benefit_of_SIMD_optimization_in_csv_parsing_917
user_918,id_918,This_is_a_sample_description_that_is_very_long_and_contains_no_special_characters_so_the_SIMD_parser_can_fast_forward_through_multiple_chunks_without_checking_each_byte_this_shows_the_benefit_of_SIMD_optimization_in_csv_parsing_918
user_919,id_919,This_is_a_sample_description_that_is_very_long_and_contains_no_special_characters_so_the_SIMD_parser_can_fast_forward_through_multiple_chunks_without_checking_each_byte_this_shows_the_benefit_of_SIMD_optimization_in_csv_parsing_919
user_920,id_920,This_is_a_sample_description_that_is_very_long_and_contains_no_special_characters_so_the_SIMD_parser_can_fast_forward_through_multiple_chunks_without_checking_each_byte_this_shows_the_benefit_of_SIMD_optimization_in_csv_parsing_920
user_921,id_921,This_is_a_sample_description_that_is_very_long_and_contains_no_special_characters_so_the_SIMD_parser_can_fast_forward_through_multiple_chunks_without_checking_each_byte_this_shows_the_benefit_of_SIMD_optimization_in_csv_parsing_921
user_922,id_922,This_is_a_sample_description_that_is_very_long_and_contains_no_special_characters_so_the_SIMD_parser_can_fast_forward_through_multiple_chunks_without_checking_each_byte_this_shows_the_benefit_of_SIMD_optimization_in_csv_parsing_922
user_923,id_923,This_is_a_sample_description_that_is_very_long_and_contains_no_special_characters_so_the_SIMD_parser_can_fast_forward_through_multiple_chunks_without_checking_each_byte_this_shows_the_benefit_of_SIMD_optimization_in_csv_parsing_923
user_924,id_924,This_is_a_sample_description_that_is_very_long_and_contains_no_special_characters_so_the_SIMD_parser_can_fast_forward_through_multiple_chunks_without_checking_each_byte_this_shows_the_benefit_of_SIMD_optimization_in_csv_parsing_924
user_925,id_925,This_is_a_sample_description_that_is_very_long_and_contains_no_special_characters_so_the_SIMD_parser_can_fast_forward_through_multiple_chunks_without_checking_each_byte_this_shows_the_benefit_of_SIMD_optimization_in_csv_parsing_925
user_926,id_926,This_is_a_sample_description_that_is_very_long_and_contains_no_special_characters_so_the_SIMD_parser_can_fast_forward_through_multiple_chunks_without_checking_each_byte_this_shows_the_benefit_of_SIMD_optimization_in_csv_parsing_926
user_927,id_927,This_is_a_sample_description_that_is_very_long_and_contains_no_special_characters_so_the_SIMD_parser_can_fast_forward_through_multiple_chunks_without_checking_each_byte_this_shows_the_benefit_of_SIMD_optimization_in_csv_parsing_927
user_928,id_928,This_is_a_sample_description_that_is_very_long_and_contains_no_special_characters_so_the_SIMD_parser_can_fast_forward_through_multiple_chunks_without_checking_each_byte_this_shows_the_benefit_of_SIMD_optimization_in_csv_parsing_928
user_929,id_929,This_is_a_sample_description_that_is_very_long_and_contains_no_special_characters_so_the_SIMD_parser_can_fast_forward_through_multiple_chunks_without_checking_each_byte_this_shows_the_benefit_of_SIMD_optimization_in_csv_parsing_929
user_930,id_930,This_is_a_sample_description_that_is_very_long_and_contains_no_special_characters_so_the_SIMD_parser_can_fast_forward_through_multiple_chunks_without_checking_each_byte_this_shows_the_benefit_of_SIMD_optimization_in_csv_parsing_930
user_931,id_931,This_is_a_sample_description_that_is_very_long_and_contains_no_special_characters_so_the_SIMD_parser_can_fast_forward_through_multiple_chunks_without_checking_each_byte_this_shows_the_benefit_of_SIMD_optimization_in_csv_parsing_931
user_932,id_932,This_is_a_sample_description_that_is_very_long_and_contains_no_special_characters_so_the_SIMD_parser_can_fast_forward_through_multiple_chunks_without_checking_each_byte_this_shows_the_benefit_of_SIMD_optimization_in_csv_parsing_932
user_933,id_933,This_is_a_sample_description_that_is_very_long_and_contains_no_special_characters_so_the_SIMD_parser_can_fast_forward_through_multiple_chunks_without_checking_each_byte_this_shows_the_benefit_of_SIMD_optimization_in_csv_parsing_933
user_934,id_934,This_is_a_sample_description_that_is_very_long_and_contains_no_special_characters_so_the_SIMD_parser_can_fast_forward_through_multiple_chunks_without_checking_each_byte_this_shows_the_benefit_of_SIMD_optimization_in_csv_parsing_934
user_935,id_935,This_is_a_sample_description_that_is_very_long_and_contains_no_special_characters_so_the_SIMD_parser_can_fast_forward_through_multiple_chunks_without_checking_each_byte_this_shows_the_benefit_of_SIMD_optimization_in_csv_parsing_935
user_936,id_936,This_is_a_sample_description_that_is_very_long_and_contains_no_special_characters_so_the_SIMD_parser_can_fast_forward_through_multiple_chunks_without_checking_each_byte_this_shows_the_benefit_of_SIMD_optimization_in_csv_parsing_936
user_937,id_937,This_is_a_sample_description_that_is_very_long_and_contains_no_special_characters_so_the_SIMD_parser_can_fast_forward_through_multiple_chunks_without_checking_each_byte_this_shows_the_benefit_of_SIMD_optimization_in_csv_parsing_937
user_938,id_938,This_is_a_sample_description_that_is_very_long_and_contains_no_special_characters_so_the_SIMD_parser_can_fast_forward_through_multiple_chunks_without_checking_each_byte_this_shows_the_benefit_of_SIMD_optimization_in_csv_parsing_938
user_939,id_939,This_is_a_sample_description_that_is_very_long_and_contains_no_special_characters_so_the_SIMD_parser_can_fast_forward_through_multiple_chunks_without_checking_each_byte_this_shows_the_benefit_of_SIMD_optimization_in_csv_parsing_939
user_940,id_940,This_is_a_sample_description_that_is_very_long_and_contains_no_special_characters_so_the_SIMD_parser_can_fast_forward_through_multiple_chunks_without_checking_each_byte_this_shows_the_benefit_of_SIMD_optimization_in_csv_parsing_940
user_941,id_941,This_is_a_sample_description_that_is_very_long_and_contains_no_special_characters_so_the_SIMD_parser_can_fast_forward_through_multiple_chunks_without_checking_each_byte_this_shows_the_benefit_of_SIMD_optimization_in_csv_parsing_941
user_942,id_942,This_is_a_sample_description_that_is_very_long_and_contains_no_special_characters_so_the_SIMD_parser_can_fast_forward_through_multiple_chunks_without_checking_each_byte_this_shows_the_benefit_of_SIMD_optimization_in_csv_parsing_942
user_943,id_943,This_is_a_sample_description_that_is_very_long_and_contains_no_special_characters_so_the_SIMD_parser_can_fast_forward_through_multiple_chunks_without_checking_each_byte_this_shows_the_benefit_of_SIMD_optimization_in_csv_parsing_943
user_944,id_944,This_is_a_sample_description_that_is_very_long_and_contains_no_special_characters_so_the_SIMD_parser_can_fast_forward_through_multiple_chunks_without_checking_each_byte_this_shows_the_benefit_of_SIMD_optimization_in_csv_parsing_944
user_945,id_945,This_is_a_sample_description_that_is_very_long_and_contains_no_special_characters_so_the_SIMD_parser_can_fast_forward_through_multiple_chunks_without_checking_each_byte_this_shows_the_benefit_of_SIMD_optimization_in_csv_parsing_945
user_946,id_946,This_is_a_sample_description_that_is_very_long_and_contains_no_special_characters_so_the_SIMD_parser_can_fast_forward_through_multiple_chunks_without_checking_each_byte_this_shows_the_benefit_of_SIMD_optimization_in_csv_parsing_946
user_947,id_947,This_is_a_sample_description_that_is_very_long_and_contains_no_special_characters_so_the_SIMD_parser_can_fast_forward_through_multiple_chunks_without_checking_each_byte_this_shows_the_benefit_of_SIMD_optimization_in_csv_parsing_947
user_948,id_948,This_is_a_sample_description_that_is_very_long_and_contains_no_special_characters_so_the_SIMD_parser_can_fast_forward_through_multiple_chunks_without_checking_each_byte_this_shows_the_benefit_of_SIMD_optimization_in_csv_parsing_948
user_949,id_949,This_is_a_sample_description_that_is_very_long_and_contains_no_special_characters_so_the_SIMD_parser_can_fast_forward_through_multiple_chunks_without_checking_each_byte_this_shows_the_benefit_of_SIMD_optimization_in_csv_parsing_949
user_950,id_950,This_is_a_sample_description_that_is_very_long_and_contains_no_special_characters_so_the_SIMD_parser_can_fast_forward_through_multiple_chunks_without_checking_each_byte_this_shows_the_benefit_of_SIMD_optimization_in_csv_parsing_950
user_951,id_951,This_is_a_sample_description_that_is_very_long_and_contains_no_special_characters_so_the_SIMD_parser_can_fast_forward_through_multiple_chunks_without_checking_each_byte_this_shows_the_benefit_of_SIMD_optimization_in_csv_parsing_951
user_952,id_952,This_is_a_sample_description_that_is_very_long_and_contains_no_special_characters_so_the_SIMD_parser_can_fast_forward_through_multiple_chunks_without_checking_each_byte_this_shows_the_benefit_of_SIMD_optimization_in_csv_parsing_952
user_953,id_953,This_is_a_sample_description_that_is_very_long_and_contains_no_special_characters_so_the_SIMD_parser_can_fast_forward_through_multiple_chunks_without_checking_each_byte_this_shows_the_benefit_of_SIMD_optimization_in_csv_parsing_953
user_954,id_954,This_is_a_sample_description_that_is_very_long_and_contains_no_special_characters_so_the_SIMD_parser_can_fast_forward_through_multiple_chunks_without_checking_each_byte_this_shows_the_benefit_of_SIMD_optimization_in_csv_parsing_954
user_955,id_955,This_is_a_sample_description_that_is_very_long_and_contains_no_special_characters_so_the_SIMD_parser_can_fast_forward_through_multiple_chunks_without_checking_each_byte_this_shows_the_benefit_of_SIMD_optimization_in_csv_parsing_955
user_956,id_956,This_is_a_sample_description_that_is_very_long_and_contains_no_special_characters_so_the_SIMD_parser_can_fast_forward_through_multiple_chunks_without_checking_each_byte_this_shows_the_benefit_of_SIMD_optimization_in_csv_parsing_956
user_957,id_957,This_is_a_sample_description_that_is_very_long_and_contains_no_special_characters_so_the_SIMD_parser_can_fast_forward_through_multiple_chunks_without_checking_each_byte_this_shows_the_benefit_of_SIMD_optimization_in_csv_parsing_957
user_958,id_958,This_is_a_sample_description_that_is_very_long_and_contains_no_special_characters_so_the_SIMD_parser_can_fast_forward_through_multiple_chunks_without_checking_each_byte_this_shows_the_benefit_of_SIMD_optimization_in_csv_parsing_958
user_959,id_959,This_is_a_sample_description_that_is_very_long_and_contains_no_special_characters_so_the_SIMD_parser_can_fast_forward_through_multiple_chunks_without_checking_each_byte_this_shows_the_benefit_of_SIMD_optimization_in_csv_parsing_959
user_960,id_960,This_is_a_sample_description_that_is_very_long_and_contains_no_special_characters_so_the_SIMD_parser_can_fast_forward_through_multiple_chunks_without_checking_each_byte_this_shows_the_benefit_of_SIMD_optimization_in_csv_parsing_960
user_961,id_961,This_is_a_sample_description_that_is_very_long_and_contains_no_special_characters_so_the_SIMD_parser_can_fast_forward_through_multiple_chunks_without_checking_each_byte_this_shows_the_benefit_of_SIMD_optimization_in_csv_parsing_961
user_962,id_962,This_is_a_sample_description_that_is_very_long_and_contains_no_special_characters_so_the_SIMD_parser_can_fast_forward_through_multiple_chunks_without_checking_each_byte_this_shows_the_benefit_of_SIMD_optimization_in_csv_parsing_962
user_963,id_963,This_is_a_sample_description_that_is_very_long_and_contains_no_special_characters_so_the_SIMD_parser_can_fast_forward_through_multiple_chunks_without_checking_each_byte_this_shows_the_benefit_of_SIMD_optimization_in_csv_parsing_963
user_964,id_964,This_is_a_sample_description_that_is_very_long_and_contains_no_special_characters_so_the_SIMD_parser_can_fast_forward_through_multiple_chunks_without_checking_each_byte_this_shows_the_benefit_of_SIMD_optimization_in_csv_parsing_964
user_965,id_965,This_is_a_sample_description_that_is_very_long_and_contains_no_special_characters_so_the_SIMD_parser_can_fast_forward_through_multiple_chunks_without_checking_each_byte_this_shows_the_benefit_of_SIMD_optimization_in_csv_parsing_965
user_966,id_966,This_is_a_sample_description_that_is_very_long_and_contains_no_special_characters_so_the_SIMD_parser_can_fast_forward_through_multiple_chunks_without_checking_each_byte_this_shows_the_benefit_of_SIMD_optimization_in_csv_parsing_966
user_967,id_967,This_is_a_sample_description_that_is_very_long_and_contains_no_special_characters_so_the_SIMD_parser_can_fast_forward_through_multiple_chunks_without_checking_each_byte_this_shows_the_benefit_of_SIMD_optimization_in_csv_parsing_967
user_968,id_968,This_is_a_sample_description_that_is_very_long_and_contains_no_special_characters_so_the_SIMD_parser_can_fast_forward_through_multiple_chunks_without_checking_each_byte_this_shows_the_benefit_of_SIMD_optimization_in_csv_parsing_968
user_969,id_969,This_is_a_sample_description_that_is_very_long_and_contains_no_special_characters_so_the_SIMD_parser_can_fast_forward_through_multiple_chunks_without_checking_each_byte_this_shows_the_benefit_of_SIMD_optimization_in_csv_parsing_969
user_970,id_970,This_is_a_sample_description_that_is_very_long_and_contains_no_special_characters_so_the_SIMD_parser_can_fast_forward_through_multiple_chunks_without_checking_each_byte_this_shows_the_benefit_of_SIMD_optimization_in_csv_parsing_970
user_971,id_971,This_is_a_sample_description_that_is_very_long_and_contains_no_special_characters_so_the_SIMD_parser_can_fast_forward_through_multiple_chunks_without_checking_each_byte_this_shows_the_benefit_of_SIMD_optimization_in_csv_parsing_971
user_972,id_972,This_is_a_sample_description_that_is_very_long_and_contains_no_special_characters_so_the_SIMD_parser_can_fast_forward_through_multiple_chunks_without_checking_each_byte_this_shows_the_benefit_of_SIMD_optimization_in_csv_parsing_972
user_973,id_973,This_is_a_sample_description_that_is_very_long_and_contains_no_special_characters_so_the_SIMD_parser_can_fast_forward_through_multiple_chunks_without_checking_each_byte_this_shows_the_benefit_of_SIMD_optimization_in_csv_parsing_973
user_974,id_974,This_is_a_sample_description_that_is_very_long_and_contains_no_special_characters_so_the_SIMD_parser_can_fast_forward_through_multiple_chunks_without_checking_each_byte_this_shows_the_benefit_of_SIMD_optimization_in_csv_parsing_974
user_975,id_975,This_is_a_sample_description_that_is_very_long_and_contains_no_special_characters_so_the_SIMD_parser_can_fast_forward_through_multiple_chunks_without_checking_each_byte_this_shows_the_benefit_of_SIMD_optimization_in_csv_parsing_975
user_976,id_976,This_is_a_sample_description_that_is_very_long_and_contains_no_special_characters_so_the_SIMD_parser_can_fast_forward_through_multiple_chunks_without_checking_each_byte_this_shows_the_benefit_of_SIMD_optimization_in_csv_parsing_976
user_977,id_977,This_is_a_sample_description_that_is_very_long_and_contains_no_special_characters_so_the_SIMD_parser_can_fast_forward_through_multiple_chunks_without_checking_each_byte_this_shows_the_benefit_of_SIMD_optimization_in_csv_parsing_977
user_978,id_978,This_is_a_sample_description_that_is_very_long_and_contains_no_special_characters_so_the_SIMD_parser_can_fast_forward_through_multiple_chunks_without_checking_each_byte_this_shows_the_benefit_of_SIMD_optimization_in_csv_parsing_978
user_979,id_979,This_is_a_sample_description_that_is_very_long_and_contains_no_special_characters_so_the_SIMD_parser_can_fast_forward_through_multiple_chunks_without_checking_each_byte_this_shows_the_benefit_of_SIMD_optimization_in_csv_parsing_979
user_980,id_980,This_is_a_sample_description_that_is_very_long_and_contains_no_special_characters_so_the_SIMD_parser_can_fast_forward_through_multiple_chunks_without_checking_each_byte_this_shows_the_benefit_of_SIMD_optimization_in_csv_parsing_980
user_981,id_981,This_is_a_sample_description_that_is_very_long_and_contains_no_special_characters_so_the_SIMD_parser_can_fast_forward_through_multiple_chunks_without_checking_each_byte_this_shows_the_benefit_of_SIMD_optimization_in_csv_parsing_981
user_982,id_982,This_is_a_sample_description_that_is_very_long_and_contains_no_special_characters_so_the_SIMD_parser_can_fast_forward_through_multiple_chunks_without_checking_each_byte_this_shows_the_benefit_of_SIMD_optimization_in_csv_parsing_982
user_983,id_983,This_is_a_sample_description_that_is_very_long_and_contains_no_special_characters_so_the_SIMD_parser_can_fast_forward_through_multiple_chunks_without_checking_each_byte_this_shows_the_benefit_of_SIMD_optimization_in_csv_parsing_983
user_984,id_984,This_is_a_sample_description_that_is_very_long_and_contains_no_special_characters_so_the_SIMD_parser_can_fast_forward_through_multiple_chunks_without_checking_each_byte_this_shows_the_benefit_of_SIMD_optimization_in_csv_parsing_984
user_985,id_985,This_is_a_sample_description_that_is_very_long_and_contains_no_special_characters_so_the_SIMD_parser_can_fast_forward_through_multiple_chunks_without_checking_each_byte_this_shows_the_benefit_of_SIMD_optimization_in_csv_parsing_985
user_986,id_986,This_is_a_sample_description_that_is_very_long_and_contains_no_special_characters_so_the_SIMD_parser_can_fast_forward_through_multiple_chunks_without_checking_each_byte_this_shows_the_benefit_of_SIMD_optimization_in_csv_parsing_986
user_987,id_987,This_is_a_sample_description_that_is_very_long_and_contains_no_special_characters_so_the_SIMD_parser_can_fast_forward_through_multiple_chunks_without_checking_each_byte_this_shows_the_benefit_of_SIMD_optimization_in_csv_parsing_987
user_988,id_988,This_is_a_sample_description_that_is_very_long_and_contains_no_special_characters_so_the_SIMD_parser_can_fast_forward_through_multiple_chunks_without_checking_each_byte_this_shows_the_benefit_of_SIMD_optimization_in_csv_parsing_988
user_989,id_989,This_is_a_sample_description_that_is_very_long_and_contains_no_special_characters_so_the_SIMD_parser_can_fast_forward_through_multiple_chunks_without_checking_each_byte_this_shows_the_benefit_of_SIMD_optimization_in_csv_parsing_989
user_990,id_990,This_is_a_sample_description_that_is_very_long_and_contains_no_special_characters_so_the_SIMD_parser_can_fast_forward_through_multiple_chunks_without_checking_each_byte_this_shows_the_benefit_of_SIMD_optimization_in_csv_parsing_990
user_991,id_991,This_is_a_sample_description_that_is_very_long_and_contains_no_special_characters_so_the_SIMD_parser_can_fast_forward_through_multiple_chunks_without_checking_each_byte_this_shows_the_benefit_of_SIMD_optimization_in_csv_parsing_991
user_992,id_992,This_is_a_sample_description_that_is_very_long_and_contains_no_special_characters_so_the_SIMD_parser_can_fast_forward_through_multiple_chunks_without_checking_each_byte_this_shows_the_benefit_of_SIMD_optimization_in_csv_parsing_992
user_993,id_993,This_is_a_sample_description_that_is_very_long_and_contains_no_special_characters_so_the_SIMD_parser_can_fast_forward_through_multiple_chunks_without_checking_each_byte_this_shows_the_benefit_of_SIMD_optimization_in_csv_parsing_993
user_994,id_994,This_is_a_sample_description_that_is_very_long_and_contains_no_special_characters_so_the_SIMD_parser_can_fast_forward_through_multiple_chunks_without_checking_each_byte_this_shows_the_benefit_of_SIMD_optimization_in_csv_parsing_994
user_995,id_995,This_is_a_sample_description_that_is_very_long_and_contains_no_special_characters_so_the_SIMD_parser_can_fast_forward_through_multiple_chunks_without_checking_each_byte_this_shows_the_benefit_of_SIMD_optimization_in_csv_parsing_995
user_996,id_996,This_is_a_sample_description_that_is_very_long_and_contains_no_special_characters_so_the_SIMD_parser_can_fast_forward_through_multiple_chunks_without_checking_each_byte_this_shows_the_benefit_of_SIMD_optimization_in_csv_parsing_996
user_997,id_997,This_is_a_sample_description_that_is_very_long_and_contains_no_special_characters_so_the_SIMD_parser_can_fast_forward_through_multiple_chunks_without_checking_each_byte_this_shows_the_benefit_of_SIMD_optimization_in_csv_parsing_997
user_998,id_998,This_is_a_sample_description_that_is_very_long_and_contains_no_special_characters_so_the_SIMD_parser_can_fast_forward_through_multiple_chunks_without_checking_each_byte_this_shows_the_benefit_of_SIMD_optimization_in_csv_parsing_998
user_999,id_999,This_is_a_sample_description_that_is_very_long_and_contains_no_special_characters_so_the_SIMD_parser_can_fast_forward_through_multiple_chunks_without_checking_each_byte_this_shows_the_benefit_of_SIMD_optimization_in_csv_parsing_999
