col0_val00000,col1_val00000,col2_val00000,col3_val00000,col4_val00000,col5_val00000,col6_val00000,col7_val00000,col8_val00000,col9_val00000,col10_val00000,col11_val00000,col12_val00000,col13_val00000,col14_val00000,col15_val00000,col16_val00000,col17_val00000,col18_val00000,col19_val00000,col20_val00000,col21_val00000,col22_val00000,col23_val00000,col24_val00000,col25_val00000,col26_val00000,col27_val00000,col28_val00000,col29_val00000
col0_val00001,col1_val00001,col2_val00001,col3_val00001,col4_val00001,col5_val00001,col6_val00001,col7_val00001,col8_val00001,col9_val00001,col10_val00001,col11_val00001,col12_val00001,col13_val00001,col14_val00001,col15_val00001,col16_val00001,col17_val00001,col18_val00001,col19_val00001,col20_val00001,col21_val00001,col22_val00001,col23_val00001,col24_val00001,col25_val00001,col26_val00001,col27_val00001,col28_val00001,col29_val00001
col0_val00002,col1_val00002,col2_val00002,col3_val00002,col4_val00002,col5_val00002,col6_val00002,col7_val00002,col8_val00002,col9_val00002,col10_val00002,col11_val00002,col12_val00002,col13_val00002,col14_val00002,col15_val00002,col16_val00002,col17_val00002,col18_val00002,col19_val00002,col20_val00002,col21_val00002,col22_val00002,col23_val00002,col24_val00002,col25_val00002,col26_val00002,col27_val00002,col28_val00002,col29_val00002
col0_val00003,col1_val00003,col2_val00003,col3_val00003,col4_val00003,col5_val00003,col6_val00003,col7_val00003,col8_val00003,col9_val00003,col10_val00003,col11_val00003,col12_val00003,col13_val00003,col14_val00003,col15_val00003,col16_val00003,col17_val00003,col18_val00003,col19_val00003,col20_val00003,col21_val00003,col22_val00003,col23_val00003,col24_val00003,col25_val00003,col26_val00003,col27_val00003,col28_val00003,col29_val00003
col0_val00004,col1_val00004,col2_val00004,col3_val00004,col4_val00004,col5_val00004,col6_val00004,col7_val00004,col8_val00004,col9_val00004,col10_val00004,col11_val00004,col12_val00004,col13_val00004,col14_val00004,col15_val00004,col16_val00004,col17_val00004,col18_val00004,col19_val00004,col20_val00004,col21_val00004,col22_val00004,col23_val00004,col24_val00004,col25_val00004,col26_val00004,col27_val00004,col28_val00004,col29_val00004
col0_val00005,col1_val00005,col2_val00005,col3_val00005,col4_val00005,col5_val00005,col6_val00005,col7_val00005,col8_val00005,col9_val00005,col10_val00005,col11_val00005,col12_val00005,col13_val00005,col14_val00005,col15_val00005,col16_val00005,col17_val00005,col18_val00005,col19_val00005,col20_val00005,col21_val00005,col22_val00005,col23_val00005,col24_val00005,col25_val00005,col26_val00005,col27_val00005,col28_val00005,col29_val00005
col0_val00006,col1_val00006,col2_val00006,col3_val00006,col4_val00006,col5_val00006,col6_val00006,col7_val00006,col8_val00006,col9_val00006,col10_val00006,col11_val00006,col12_val00006,col13_val00006,col14_val00006,col15_val00006,col16_val00006,col17_val00006,col18_val00006,col19_val00006,col20_val00006,col21_val00006,col22_val00006,col23_val00006,col24_val00006,col25_val00006,col26_val00006,col27_val00006,col28_val00006,col29_val00006
col0_val00007,col1_val00007,col2_val00007,col3_val00007,col4_val00007,col5_val00007,col6_val00007,col7_val00007,col8_val00007,col9_val00007,col10_val00007,col11_val00007,col12_val00007,col13_val00007,col14_val00007,col15_val00007,col16_val00007,col17_val00007,col18_val00007,col19_val00007,col20_val00007,col21_val00007,col22_val00007,col23_val00007,col24_val00007,col25_val00007,col26_val00007,col27_val00007,col28_val00007,col29_val00007
col0_val00008,col1_val00008,col2_val00008,col3_val00008,col4_val00008,col5_val00008,col6_val00008,col7_val00008,col8_val00008,col9_val00008,col10_val00008,col11_val00008,col12_val00008,col13_val00008,col14_val00008,col15_val00008,col16_val00008,col17_val00008,col18_val00008,col19_val00008,col20_val00008,col21_val00008,col22_val00008,col23_val00008,col24_val00008,col25_val00008,col26_val00008,col27_val00008,col28_val00008,col29_val00008
col0_val00009,col1_val00009,col2_val00009,col3_val00009,col4_val00009,col5_val00009,col6_val00009,col7_val00009,col8_val00009,col9_val00009,col10_val00009,col11_val00009,col12_val00009,col13_val00009,col14_val00009,col15_val00009,col16_val00009,col17_val00009,col18_val00009,col19_val00009,col20_val00009,col21_val00009,col22_val00009,col23_val00009,col24_val00009,col25_val00009,col26_val00009,col27_val00009,col28_val00009,col29_val00009
col0_val00010,col1_val00010,col2_val00010,col3_val00010,col4_val00010,col5_val00010,col6_val00010,col7_val00010,col8_val00010,col9_val00010,col10_val00010,col11_val00010,col12_val00010,col13_val00010,col14_val00010,col15_val00010,col16_val00010,col17_val00010,col18_val00010,col19_val00010,col20_val00010,col21_val00010,col22_val00010,col23_val00010,col24_val00010,col25_val00010,col26_val00010,col27_val00010,col28_val00010,col29_val00010
col0_val00011,col1_val00011,col2_val00011,col3_val00011,col4_val00011,col5_val00011,col6_val00011,col7_val00011,col8_val00011,col9_val00011,col10_val00011,col11_val00011,col12_val00011,col13_val00011,col14_val00011,col15_val00011,col16_val00011,col17_val00011,col18_val00011,col19_val00011,col20_val00011,col21_val00011,col22_val00011,col23_val00011,col24_val00011,col25_val00011,col26_val00011,col27_val00011,col28_val00011,col29_val00011
col0_val00012,col1_val00012,col2_val00012,col3_val00012,col4_val00012,col5_val00012,col6_val00012,col7_val00012,col8_val00012,col9_val00012,col10_val00012,col11_val00012,col12_val00012,col13_val00012,col14_val00012,col15_val00012,col16_val00012,col17_val00012,col18_val00012,col19_val00012,col20_val00012,col21_val00012,col22_val00012,col23_val00012,col24_val00012,col25_val00012,col26_val00012,col27_val00012,col28_val00012,col29_val00012
col0_val00013,col1_val00013,col2_val00013,col3_val00013,col4_val00013,col5_val00013,col6_val00013,col7_val00013,col8_val00013,col9_val00013,col10_val00013,col11_val00013,col12_val00013,col13_val00013,col14_val00013,col15_val00013,col16_val00013,col17_val00013,col18_val00013,col19_val00013,col20_val00013,col21_val00013,col22_val00013,col23_val00013,col24_val00013,col25_val00013,col26_val00013,col27_val00013,col28_val00013,col29_val00013
col0_val00014,col1_val00014,col2_val00014,col3_val00014,col4_val00014,col5_val00014,col6_val00014,col7_val00014,col8_val00014,col9_val00014,col10_val00014,col11_val00014,col12_val00014,col13_val00014,col14_val00014,col15_val00014,col16_val00014,col17_val00014,col18_val00014,col19_val00014,col20_val00014,col21_val00014,col22_val00014,col23_val00014,col24_val00014,col25_val00014,col26_val00014,col27_val00014,col28_val00014,col29_val00014
col0_val00015,col1_val00015,col2_val00015,col3_val00015,col4_val00015,col5_val00015,col6_val00015,col7_val00015,col8_val00015,col9_val00015,col10_val00015,col11_val00015,col12_val00015,col13_val00015,col14_val00015,col15_val00015,col16_val00015,col17_val00015,col18_val00015,col19_val00015,col20_val00015,col21_val00015,col22_val00015,col23_val00015,col24_val00015,col25_val00015,col26_val00015,col27_val00015,col28_val00015,col29_val00015
col0_val00016,col1_val00016,col2_val00016,col3_val00016,col4_val00016,col5_val00016,col6_val00016,col7_val00016,col8_val00016,col9_val00016,col10_val00016,col11_val00016,col12_val00016,col13_val00016,col14_val00016,col15_val00016,col16_val00016,col17_val00016,col18_val00016,col19_val00016,col20_val00016,col21_val00016,col22_val00016,col23_val00016,col24_val00016,col25_val00016,col26_val00016,col27_val00016,col28_val00016,col29_val00016
col0_val00017,col1_val00017,col2_val00017,col3_val00017,col4_val00017,col5_val00017,col6_val00017,col7_val00017,col8_val00017,col9_val00017,col10_val00017,col11_val00017,col12_val00017,col13_val00017,col14_val00017,col15_val00017,col16_val00017,col17_val00017,col18_val00017,col19_val00017,col20_val00017,col21_val00017,col22_val00017,col23_val00017,col24_val00017,col25_val00017,col26_val00017,col27_val00017,col28_val00017,col29_val00017
col0_val00018,col1_val00018,col2_val00018,col3_val00018,col4_val00018,col5_val00018,col6_val00018,col7_val00018,col8_val00018,col9_val00018,col10_val00018,col11_val00018,col12_val00018,col13_val00018,col14_val00018,col15_val00018,col16_val00018,col17_val00018,col18_val00018,col19_val00018,col20_val00018,col21_val00018,col22_val00018,col23_val00018,col24_val00018,col25_val00018,col26_val00018,col27_val00018,col28_val00018,col29_val00018
col0_val00019,col1_val00019,col2_val00019,col3_val00019,col4_val00019,col5_val00019,col6_val00019,col7_val00019,col8_val00019,col9_val00019,col10_val00019,col11_val00019,col12_val00019,col13_val00019,col14_val00019,col15_val00019,col16_val00019,col17_val00019,col18_val00019,col19_val00019,col20_val00019,col21_val00019,col22_val00019,col23_val00019,col24_val00019,col25_val00019,col26_val00019,col27_val00019,col28_val00019,col29_val00019
col0_val00020,col1_val00020,col2_val00020,col3_val00020,col4_val00020,col5_val00020,col6_val00020,col7_val00020,col8_val00020,col9_val00020,col10_val00020,col11_val00020,col12_val00020,col13_val00020,col14_val00020,col15_val00020,col16_val00020,col17_val00020,col18_val00020,col19_val00020,col20_val00020,col21_val00020,col22_val00020,col23_val00020,col24_val00020,col25_val00020,col26_val00020,col27_val00020,col28_val00020,col29_val00020
col0_val00021,col1_val00021,col2_val00021,col3_val00021,col4_val00021,col5_val00021,col6_val00021,col7_val00021,col8_val00021,col9_val00021,col10_val00021,col11_val00021,col12_val00021,col13_val00021,col14_val00021,col15_val00021,col16_val00021,col17_val00021,col18_val00021,col19_val00021,col20_val00021,col21_val00021,col22_val00021,col23_val00021,col24_val00021,col25_val00021,col26_val00021,col27_val00021,col28_val00021,col29_val00021
col0_val00022,col1_val00022,col2_val00022,col3_val00022,col4_val00022,col5_val00022,col6_val00022,col7_val00022,col8_val00022,col9_val00022,col10_val00022,col11_val00022,col12_val00022,col13_val00022,col14_val00022,col15_val00022,col16_val00022,col17_val00022,col18_val00022,col19_val00022,col20_val00022,col21_val00022,col22_val00022,col23_val00022,col24_val00022,col25_val00022,col26_val00022,col27_val00022,col28_val00022,col29_val00022
col0_val00023,col1_val00023,col2_val00023,col3_val00023,col4_val00023,col5_val00023,col6_val00023,col7_val00023,col8_val00023,col9_val00023,col10_val00023,col11_val00023,col12_val00023,col13_val00023,col14_val00023,col15_val00023,col16_val00023,col17_val00023,col18_val00023,col19_val00023,col20_val00023,col21_val00023,col22_val00023,col23_val00023,col24_val00023,col25_val00023,col26_val00023,col27_val00023,col28_val00023,col29_val00023
col0_val00024,col1_val00024,col2_val00024,col3_val00024,col4_val00024,col5_val00024,col6_val00024,col7_val00024,col8_val00024,col9_val00024,col10_val00024,col11_val00024,col12_val00024,col13_val00024,col14_val00024,col15_val00024,col16_val00024,col17_val00024,col18_val00024,col19_val00024,col20_val00024,col21_val00024,col22_val00024,col23_val00024,col24_val00024,col25_val00024,col26_val00024,col27_val00024,col28_val00024,col29_val00024
col0_val00025,col1_val00025,col2_val00025,col3_val00025,col4_val00025,col5_val00025,col6_val00025,col7_val00025,col8_val00025,col9_val00025,col10_val00025,col11_val00025,col12_val00025,col13_val00025,col14_val00025,col15_val00025,col16_val00025,col17_val00025,col18_val00025,col19_val00025,col20_val00025,col21_val00025,col22_val00025,col23_val00025,col24_val00025,col25_val00025,col26_val00025,col27_val00025,col28_val00025,col29_val00025
col0_val00026,col1_val00026,col2_val00026,col3_val00026,col4_val00026,col5_val00026,col6_val00026,col7_val00026,col8_val00026,col9_val00026,col10_val00026,col11_val00026,col12_val00026,col13_val00026,col14_val00026,col15_val00026,col16_val00026,col17_val00026,col18_val00026,col19_val00026,col20_val00026,col21_val00026,col22_val00026,col23_val00026,col24_val00026,col25_val00026,col26_val00026,col27_val00026,col28_val00026,col29_val00026
col0_val00027,col1_val00027,col2_val00027,col3_val00027,col4_val00027,col5_val00027,col6_val00027,col7_val00027,col8_val00027,col9_val00027,col10_val00027,col11_val00027,col12_val00027,col13_val00027,col14_val00027,col15_val00027,col16_val00027,col17_val00027,col18_val00027,col19_val00027,col20_val00027,col21_val00027,col22_val00027,col23_val00027,col24_val00027,col25_val00027,col26_val00027,col27_val00027,col28_val00027,col29_val00027
col0_val00028,col1_val00028,col2_val00028,col3_val00028,col4_val00028,col5_val00028,col6_val00028,col7_val00028,col8_val00028,col9_val00028,col10_val00028,col11_val00028,col12_val00028,col13_val00028,col14_val00028,col15_val00028,col16_val00028,col17_val00028,col18_val00028,col19_val00028,col20_val00028,col21_val00028,col22_val00028,col23_val00028,col24_val00028,col25_val00028,col26_val00028,col27_val00028,col28_val00028,col29_val00028
col0_val00029,col1_val00029,col2_val00029,col3_val00029,col4_val00029,col5_val00029,col6_val00029,col7_val00029,col8_val00029,col9_val00029,col10_val00029,col11_val00029,col12_val00029,col13_val00029,col14_val00029,col15_val00029,col16_val00029,col17_val00029,col18_val00029,col19_val00029,col20_val00029,col21_val00029,col22_val00029,col23_val00029,col24_val00029,col25_val00029,col26_val00029,col27_val00029,col28_val00029,col29_val00029
col0_val00030,col1_val00030,col2_val00030,col3_val00030,col4_val00030,col5_val00030,col6_val00030,col7_val00030,col8_val00030,col9_val00030,col10_val00030,col11_val00030,col12_val00030,col13_val00030,col14_val00030,col15_val00030,col16_val00030,col17_val00030,col18_val00030,col19_val00030,col20_val00030,col21_val00030,col22_val00030,col23_val00030,col24_val00030,col25_val00030,col26_val00030,col27_val00030,col28_val00030,col29_val00030
col0_val00031,col1_val00031,col2_val00031,col3_val00031,col4_val00031,col5_val00031,col6_val00031,col7_val00031,col8_val00031,col9_val00031,col10_val00031,col11_val00031,col12_val00031,col13_val00031,col14_val00031,col15_val00031,col16_val00031,col17_val00031,col18_val00031,col19_val00031,col20_val00031,col21_val00031,col22_val00031,col23_val00031,col24_val00031,col25_val00031,col26_val00031,col27_val00031,col28_val00031,col29_val00031
col0_val00032,col1_val00032,col2_val00032,col3_val00032,col4_val00032,col5_val00032,col6_val00032,col7_val00032,col8_val00032,col9_val00032,col10_val00032,col11_val00032,col12_val00032,col13_val00032,col14_val00032,col15_val00032,col16_val00032,col17_val00032,col18_val00032,col19_val00032,col20_val00032,col21_val00032,col22_val00032,col23_val00032,col24_val00032,col25_val00032,col26_val00032,col27_val00032,col28_val00032,col29_val00032
col0_val00033,col1_val00033,col2_val00033,col3_val00033,col4_val00033,col5_val00033,col6_val00033,col7_val00033,col8_val00033,col9_val00033,col10_val00033,col11_val00033,col12_val00033,col13_val00033,col14_val00033,col15_val00033,col16_val00033,col17_val00033,col18_val00033,col19_val00033,col20_val00033,col21_val00033,col22_val00033,col23_val00033,col24_val00033,col25_val00033,col26_val00033,col27_val00033,col28_val00033,col29_val00033
col0_val00034,col1_val00034,col2_val00034,col3_val00034,col4_val00034,col5_val00034,col6_val00034,col7_val00034,col8_val00034,col9_val00034,col10_val00034,col11_val00034,col12_val00034,col13_val00034,col14_val00034,col15_val00034,col16_val00034,col17_val00034,col18_val00034,col19_val00034,col20_val00034,col21_val00034,col22_val00034,col23_val00034,col24_val00034,col25_val00034,col26_val00034,col27_val00034,col28_val00034,col29_val00034
col0_val00035,col1_val00035,col2_val00035,col3_val00035,col4_val00035,col5_val00035,col6_val00035,col7_val00035,col8_val00035,col9_val00035,col10_val00035,col11_val00035,col12_val00035,col13_val00035,col14_val00035,col15_val00035,col16_val00035,col17_val00035,col18_val00035,col19_val00035,col20_val00035,col21_val00035,col22_val00035,col23_val00035,col24_val00035,col25_val00035,col26_val00035,col27_val00035,col28_val00035,col29_val00035
col0_val00036,col1_val00036,col2_val00036,col3_val00036,col4_val00036,col5_val00036,col6_val00036,col7_val00036,col8_val00036,col9_val00036,col10_val00036,col11_val00036,col12_val00036,col13_val00036,col14_val00036,col15_val00036,col16_val00036,col17_val00036,col18_val00036,col19_val00036,col20_val00036,col21_val00036,col22_val00036,col23_val00036,col24_val00036,col25_val00036,col26_val00036,col27_val00036,col28_val00036,col29_val00036
col0_val00037,col1_val00037,col2_val00037,col3_val00037,col4_val00037,col5_val00037,col6_val00037,col7_val00037,col8_val00037,col9_val00037,col10_val00037,col11_val00037,col12_val00037,col13_val00037,col14_val00037,col15_val00037,col16_val00037,col17_val00037,col18_val00037,col19_val00037,col20_val00037,col21_val00037,col22_val00037,col23_val00037,col24_val00037,col25_val00037,col26_val00037,col27_val00037,col28_val00037,col29_val00037
col0_val00038,col1_val00038,col2_val00038,col3_val00038,col4_val00038,col5_val00038,col6_val00038,col7_val00038,col8_val00038,col9_val00038,col10_val00038,col11_val00038,col12_val00038,col13_val00038,col14_val00038,col15_val00038,col16_val00038,col17_val00038,col18_val00038,col19_val00038,col20_val00038,col21_val00038,col22_val00038,col23_val00038,col24_val00038,col25_val00038,col26_val00038,col27_val00038,col28_val00038,col29_val00038
col0_val00039,col1_val00039,col2_val00039,col3_val00039,col4_val00039,col5_val00039,col6_val00039,col7_val00039,col8_val00039,col9_val00039,col10_val00039,col11_val00039,col12_val00039,col13_val00039,col14_val00039,col15_val00039,col16_val00039,col17_val00039,col18_val00039,col19_val00039,col20_val00039,col21_val00039,col22_val00039,col23_val00039,col24_val00039,col25_val00039,col26_val00039,col27_val00039,col28_val00039,col29_val00039
col0_val00040,col1_val00040,col2_val00040,col3_val00040,col4_val00040,col5_val00040,col6_val00040,col7_val00040,col8_val00040,col9_val00040,col10_val00040,col11_val00040,col12_val00040,col13_val00040,col14_val00040,col15_val00040,col16_val00040,col17_val00040,col18_val00040,col19_val00040,col20_val00040,col21_val00040,col22_val00040,col23_val00040,col24_val00040,col25_val00040,col26_val00040,col27_val00040,col28_val00040,col29_val00040
col0_val00041,col1_val00041,col2_val00041,col3_val00041,col4_val00041,col5_val00041,col6_val00041,col7_val00041,col8_val00041,col9_val00041,col10_val00041,col11_val00041,col12_val00041,col13_val00041,col14_val00041,col15_val00041,col16_val00041,col17_val00041,col18_val00041,col19_val00041,col20_val00041,col21_val00041,col22_val00041,col23_val00041,col24_val00041,col25_val00041,col26_val00041,col27_val00041,col28_val00041,col29_val00041
col0_val00042,col1_val00042,col2_val00042,col3_val00042,col4_val00042,col5_val00042,col6_val00042,col7_val00042,col8_val00042,col9_val00042,col10_val00042,col11_val00042,col12_val00042,col13_val00042,col14_val00042,col15_val00042,col16_val00042,col17_val00042,col18_val00042,col19_val00042,col20_val00042,col21_val00042,col22_val00042,col23_val00042,col24_val00042,col25_val00042,col26_val00042,col27_val00042,col28_val00042,col29_val00042
col0_val00043,col1_val00043,col2_val00043,col3_val00043,col4_val00043,col5_val00043,col6_val00043,col7_val00043,col8_val00043,col9_val00043,col10_val00043,col11_val00043,col12_val00043,col13_val00043,col14_val00043,col15_val00043,col16_val00043,col17_val00043,col18_val00043,col19_val00043,col20_val00043,col21_val00043,col22_val00043,col23_val00043,col24_val00043,col25_val00043,col26_val00043,col27_val00043,col28_val00043,col29_val00043
col0_val00044,col1_val00044,col2_val00044,col3_val00044,col4_val00044,col5_val00044,col6_val00044,col7_val00044,col8_val00044,col9_val00044,col10_val00044,col11_val00044,col12_val00044,col13_val00044,col14_val00044,col15_val00044,col16_val00044,col17_val00044,col18_val00044,col19_val00044,col20_val00044,col21_val00044,col22_val00044,col23_val00044,col24_val00044,col25_val00044,col26_val00044,col27_val00044,col28_val00044,col29_val00044
col0_val00045,col1_val00045,col2_val00045,col3_val00045,col4_val00045,col5_val00045,col6_val00045,col7_val00045,col8_val00045,col9_val00045,col10_val00045,col11_val00045,col12_val00045,col13_val00045,col14_val00045,col15_val00045,col16_val00045,col17_val00045,col18_val00045,col19_val00045,col20_val00045,col21_val00045,col22_val00045,col23_val00045,col24_val00045,col25_val00045,col26_val00045,col27_val00045,col28_val00045,col29_val00045
col0_val00046,col1_val00046,col2_val00046,col3_val00046,col4_val00046,col5_val00046,col6_val00046,col7_val00046,col8_val00046,col9_val00046,col10_val00046,col11_val00046,col12_val00046,col13_val00046,col14_val00046,col15_val00046,col16_val00046,col17_val00046,col18_val00046,col19_val00046,col20_val00046,col21_val00046,col22_val00046,col23_val00046,col24_val00046,col25_val00046,col26_val00046,col27_val00046,col28_val00046,col29_val00046
col0_val00047,col1_val00047,col2_val00047,col3_val00047,col4_val00047,col5_val00047,col6_val00047,col7_val00047,col8_val00047,col9_val00047,col10_val00047,col11_val00047,col12_val00047,col13_val00047,col14_val00047,col15_val00047,col16_val00047,col17_val00047,col18_val00047,col19_val00047,col20_val00047,col21_val00047,col22_val00047,col23_val00047,col24_val00047,col25_val00047,col26_val00047,col27_val00047,col28_val00047,col29_val00047
col0_val00048,col1_val00048,col2_val00048,col3_val00048,col4_val00048,col5_val00048,col6_val00048,col7_val00048,col8_val00048,col9_val00048,col10_val00048,col11_val00048,col12_val00048,col13_val00048,col14_val00048,col15_val00048,col16_val00048,col17_val00048,col18_val00048,col19_val00048,col20_val00048,col21_val00048,col22_val00048,col23_val00048,col24_val00048,col25_val00048,col26_val00048,col27_val00048,col28_val00048,col29_val00048
col0_val00049,col1_val00049,col2_val00049,col3_val00049,col4_val00049,col5_val00049,col6_val00049,col7_val00049,col8_val00049,col9_val00049,col10_val00049,col11_val00049,col12_val00049,col13_val00049,col14_val00049,col15_val00049,col16_val00049,col17_val00049,col18_val00049,col19_val00049,col20_val00049,col21_val00049,col22_val00049,col23_val00049,col24_val00049,col25_val00049,col26_val00049,col27_val00049,col28_val00049,col29_val00049
col0_val00050,col1_val00050,col2_val00050,col3_val00050,col4_val00050,col5_val00050,col6_val00050,col7_val00050,col8_val00050,col9_val00050,col10_val00050,col11_val00050,col12_val00050,col13_val00050,col14_val00050,col15_val00050,col16_val00050,col17_val00050,col18_val00050,col19_val00050,col20_val00050,col21_val00050,col22_val00050,col23_val00050,col24_val00050,col25_val00050,col26_val00050,col27_val00050,col28_val00050,col29_val00050
col0_val00051,col1_val00051,col2_val00051,col3_val00051,col4_val00051,col5_val00051,col6_val00051,col7_val00051,col8_val00051,col9_val00051,col10_val00051,col11_val00051,col12_val00051,col13_val00051,col14_val00051,col15_val00051,col16_val00051,col17_val00051,col18_val00051,col19_val00051,col20_val00051,col21_val00051,col22_val00051,col23_val00051,col24_val00051,col25_val00051,col26_val00051,col27_val00051,col28_val00051,col29_val00051
col0_val00052,col1_val00052,col2_val00052,col3_val00052,col4_val00052,col5_val00052,col6_val00052,col7_val00052,col8_val00052,col9_val00052,col10_val00052,col11_val00052,col12_val00052,col13_val00052,col14_val00052,col15_val00052,col16_val00052,col17_val00052,col18_val00052,col19_val00052,col20_val00052,col21_val00052,col22_val00052,col23_val00052,col24_val00052,col25_val00052,col26_val00052,col27_val00052,col28_val00052,col29_val00052
col0_val00053,col1_val00053,col2_val00053,col3_val00053,col4_val00053,col5_val00053,col6_val00053,col7_val00053,col8_val00053,col9_val00053,col10_val00053,col11_val00053,col12_val00053,col13_val00053,col14_val00053,col15_val00053,col16_val00053,col17_val00053,col18_val00053,col19_val00053,col20_val00053,col21_val00053,col22_val00053,col23_val00053,col24_val00053,col25_val00053,col26_val00053,col27_val00053,col28_val00053,col29_val00053
col0_val00054,col1_val00054,col2_val00054,col3_val00054,col4_val00054,col5_val00054,col6_val00054,col7_val00054,col8_val00054,col9_val00054,col10_val00054,col11_val00054,col12_val00054,col13_val00054,col14_val00054,col15_val00054,col16_val00054,col17_val00054,col18_val00054,col19_val00054,col20_val00054,col21_val00054,col22_val00054,col23_val00054,col24_val00054,col25_val00054,col26_val00054,col27_val00054,col28_val00054,col29_val00054
col0_val00055,col1_val00055,col2_val00055,col3_val00055,col4_val00055,col5_val00055,col6_val00055,col7_val00055,col8_val00055,col9_val00055,col10_val00055,col11_val00055,col12_val00055,col13_val00055,col14_val00055,col15_val00055,col16_val00055,col17_val00055,col18_val00055,col19_val00055,col20_val00055,col21_val00055,col22_val00055,col23_val00055,col24_val00055,col25_val00055,col26_val00055,col27_val00055,col28_val00055,col29_val00055
col0_val00056,col1_val00056,col2_val00056,col3_val00056,col4_val00056,col5_val00056,col6_val00056,col7_val00056,col8_val00056,col9_val00056,col10_val00056,col11_val00056,col12_val00056,col13_val00056,col14_val00056,col15_val00056,col16_val00056,col17_val00056,col18_val00056,col19_val00056,col20_val00056,col21_val00056,col22_val00056,col23_val00056,col24_val00056,col25_val00056,col26_val00056,col27_val00056,col28_val00056,col29_val00056
col0_val00057,col1_val00057,col2_val00057,col3_val00057,col4_val00057,col5_val00057,col6_val00057,col7_val00057,col8_val00057,col9_val00057,col10_val00057,col11_val00057,col12_val00057,col13_val00057,col14_val00057,col15_val00057,col16_val00057,col17_val00057,col18_val00057,col19_val00057,col20_val00057,col21_val00057,col22_val00057,col23_val00057,col24_val00057,col25_val00057,col26_val00057,col27_val00057,col28_val00057,col29_val00057
col0_val00058,col1_val00058,col2_val00058,col3_val00058,col4_val00058,col5_val00058,col6_val00058,col7_val00058,col8_val00058,col9_val00058,col10_val00058,col11_val00058,col12_val00058,col13_val00058,col14_val00058,col15_val00058,col16_val00058,col17_val00058,col18_val00058,col19_val00058,col20_val00058,col21_val00058,col22_val00058,col23_val00058,col24_val00058,col25_val00058,col26_val00058,col27_val00058,col28_val00058,col29_val00058
col0_val00059,col1_val00059,col2_val00059,col3_val00059,col4_val00059,col5_val00059,col6_val00059,col7_val00059,col8_val00059,col9_val00059,col10_val00059,col11_val00059,col12_val00059,col13_val00059,col14_val00059,col15_val00059,col16_val00059,col17_val00059,col18_val00059,col19_val00059,col20_val00059,col21_val00059,col22_val00059,col23_val00059,col24_val00059,col25_val00059,col26_val00059,col27_val00059,col28_val00059,col29_val00059
col0_val00060,col1_val00060,col2_val00060,col3_val00060,col4_val00060,col5_val00060,col6_val00060,col7_val00060,col8_val00060,col9_val00060,col10_val00060,col11_val00060,col12_val00060,col13_val00060,col14_val00060,col15_val00060,col16_val00060,col17_val00060,col18_val00060,col19_val00060,col20_val00060,col21_val00060,col22_val00060,col23_val00060,col24_val00060,col25_val00060,col26_val00060,col27_val00060,col28_val00060,col29_val00060
col0_val00061,col1_val00061,col2_val00061,col3_val00061,col4_val00061,col5_val00061,col6_val00061,col7_val00061,col8_val00061,col9_val00061,col10_val00061,col11_val00061,col12_val00061,col13_val00061,col14_val00061,col15_val00061,col16_val00061,col17_val00061,col18_val00061,col19_val00061,col20_val00061,col21_val00061,col22_val00061,col23_val00061,col24_val00061,col25_val00061,col26_val00061,col27_val00061,col28_val00061,col29_val00061
col0_val00062,col1_val00062,col2_val00062,col3_val00062,col4_val00062,col5_val00062,col6_val00062,col7_val00062,col8_val00062,col9_val00062,col10_val00062,col11_val00062,col12_val00062,col13_val00062,col14_val00062,col15_val00062,col16_val00062,col17_val00062,col18_val00062,col19_val00062,col20_val00062,col21_val00062,col22_val00062,col23_val00062,col24_val00062,col25_val00062,col26_val00062,col27_val00062,col28_val00062,col29_val00062
col0_val00063,col1_val00063,col2_val00063,col3_val00063,col4_val00063,col5_val00063,col6_val00063,col7_val00063,col8_val00063,col9_val00063,col10_val00063,col11_val00063,col12_val00063,col13_val00063,col14_val00063,col15_val00063,col16_val00063,col17_val00063,col18_val00063,col19_val00063,col20_val00063,col21_val00063,col22_val00063,col23_val00063,col24_val00063,col25_val00063,col26_val00063,col27_val00063,col28_val00063,col29_val00063
col0_val00064,col1_val00064,col2_val00064,col3_val00064,col4_val00064,col5_val00064,col6_val00064,col7_val00064,col8_val00064,col9_val00064,col10_val00064,col11_val00064,col12_val00064,col13_val00064,col14_val00064,col15_val00064,col16_val00064,col17_val00064,col18_val00064,col19_val00064,col20_val00064,col21_val00064,col22_val00064,col23_val00064,col24_val00064,col25_val00064,col26_val00064,col27_val00064,col28_val00064,col29_val00064
col0_val00065,col1_val00065,col2_val00065,col3_val00065,col4_val00065,col5_val00065,col6_val00065,col7_val00065,col8_val00065,col9_val00065,col10_val00065,col11_val00065,col12_val00065,col13_val00065,col14_val00065,col15_val00065,col16_val00065,col17_val00065,col18_val00065,col19_val00065,col20_val00065,col21_val00065,col22_val00065,col23_val00065,col24_val00065,col25_val00065,col26_val00065,col27_val00065,col28_val00065,col29_val00065
col0_val00066,col1_val00066,col2_val00066,col3_val00066,col4_val00066,col5_val00066,col6_val00066,col7_val00066,col8_val00066,col9_val00066,col10_val00066,col11_val00066,col12_val00066,col13_val00066,col14_val00066,col15_val00066,col16_val00066,col17_val00066,col18_val00066,col19_val00066,col20_val00066,col21_val00066,col22_val00066,col23_val00066,col24_val00066,col25_val00066,col26_val00066,col27_val00066,col28_val00066,col29_val00066
col0_val00067,col1_val00067,col2_val00067,col3_val00067,col4_val00067,col5_val00067,col6_val00067,col7_val00067,col8_val00067,col9_val00067,col10_val00067,col11_val00067,col12_val00067,col13_val00067,col14_val00067,col15_val00067,col16_val00067,col17_val00067,col18_val00067,col19_val00067,col20_val00067,col21_val00067,col22_val00067,col23_val00067,col24_val00067,col25_val00067,col26_val00067,col27_val00067,col28_val00067,col29_val00067
col0_val00068,col1_val00068,col2_val00068,col3_val00068,col4_val00068,col5_val00068,col6_val00068,col7_val00068,col8_val00068,col9_val00068,col10_val00068,col11_val00068,col12_val00068,col13_val00068,col14_val00068,col15_val00068,col16_val00068,col17_val00068,col18_val00068,col19_val00068,col20_val00068,col21_val00068,col22_val00068,col23_val00068,col24_val00068,col25_val00068,col26_val00068,col27_val00068,col28_val00068,col29_val00068
col0_val00069,col1_val00069,col2_val00069,col3_val00069,col4_val00069,col5_val00069,col6_val00069,col7_val00069,col8_val00069,col9_val00069,col10_val00069,col11_val00069,col12_val00069,col13_val00069,col14_val00069,col15_val00069,col16_val00069,col17_val00069,col18_val00069,col19_val00069,col20_val00069,col21_val00069,col22_val00069,col23_val00069,col24_val00069,col25_val00069,col26_val00069,col27_val00069,col28_val00069,col29_val00069
col0_val00070,col1_val00070,col2_val00070,col3_val00070,col4_val00070,col5_val00070,col6_val00070,col7_val00070,col8_val00070,col9_val00070,col10_val00070,col11_val00070,col12_val00070,col13_val00070,col14_val00070,col15_val00070,col16_val00070,col17_val00070,col18_val00070,col19_val00070,col20_val00070,col21_val00070,col22_val00070,col23_val00070,col24_val00070,col25_val00070,col26_val00070,col27_val00070,col28_val00070,col29_val00070
col0_val00071,col1_val00071,col2_val00071,col3_val00071,col4_val00071,col5_val00071,col6_val00071,col7_val00071,col8_val00071,col9_val00071,col10_val00071,col11_val00071,col12_val00071,col13_val00071,col14_val00071,col15_val00071,col16_val00071,col17_val00071,col18_val00071,col19_val00071,col20_val00071,col21_val00071,col22_val00071,col23_val00071,col24_val00071,col25_val00071,col26_val00071,col27_val00071,col28_val00071,col29_val00071
col0_val00072,col1_val00072,col2_val00072,col3_val00072,col4_val00072,col5_val00072,col6_val00072,col7_val00072,col8_val00072,col9_val00072,col10_val00072,col11_val00072,col12_val00072,col13_val00072,col14_val00072,col15_val00072,col16_val00072,col17_val00072,col18_val00072,col19_val00072,col20_val00072,col21_val00072,col22_val00072,col23_val00072,col24_val00072,col25_val00072,col26_val00072,col27_val00072,col28_val00072,col29_val00072
col0_val00073,col1_val00073,col2_val00073,col3_val00073,col4_val00073,col5_val00073,col6_val00073,col7_val00073,col8_val00073,col9_val00073,col10_val00073,col11_val00073,col12_val00073,col13_val00073,col14_val00073,col15_val00073,col16_val00073,col17_val00073,col18_val00073,col19_val00073,col20_val00073,col21_val00073,col22_val00073,col23_val00073,col24_val00073,col25_val00073,col26_val00073,col27_val00073,col28_val00073,col29_val00073
col0_val00074,col1_val00074,col2_val00074,col3_val00074,col4_val00074,col5_val00074,col6_val00074,col7_val00074,col8_val00074,col9_val00074,col10_val00074,col11_val00074,col12_val00074,col13_val00074,col14_val00074,col15_val00074,col16_val00074,col17_val00074,col18_val00074,col19_val00074,col20_val00074,col21_val00074,col22_val00074,col23_val00074,col24_val00074,col25_val00074,col26_val00074,col27_val00074,col28_val00074,col29_val00074
col0_val00075,col1_val00075,col2_val00075,col3_val00075,col4_val00075,col5_val00075,col6_val00075,col7_val00075,col8_val00075,col9_val00075,col10_val00075,col11_val00075,col12_val00075,col13_val00075,col14_val00075,col15_val00075,col16_val00075,col17_val00075,col18_val00075,col19_val00075,col20_val00075,col21_val00075,col22_val00075,col23_val00075,col24_val00075,col25_val00075,col26_val00075,col27_val00075,col28_val00075,col29_val00075
col0_val00076,col1_val00076,col2_val00076,col3_val00076,col4_val00076,col5_val00076,col6_val00076,col7_val00076,col8_val00076,col9_val00076,col10_val00076,col11_val00076,col12_val00076,col13_val00076,col14_val00076,col15_val00076,col16_val00076,col17_val00076,col18_val00076,col19_val00076,col20_val00076,col21_val00076,col22_val00076,col23_val00076,col24_val00076,col25_val00076,col26_val00076,col27_val00076,col28_val00076,col29_val00076
col0_val00077,col1_val00077,col2_val00077,col3_val00077,col4_val00077,col5_val00077,col6_val00077,col7_val00077,col8_val00077,col9_val00077,col10_val00077,col11_val00077,col12_val00077,col13_val00077,col14_val00077,col15_val00077,col16_val00077,col17_val00077,col18_val00077,col19_val00077,col20_val00077,col21_val00077,col22_val00077,col23_val00077,col24_val00077,col25_val00077,col26_val00077,col27_val00077,col28_val00077,col29_val00077
col0_val00078,col1_val00078,col2_val00078,col3_val00078,col4_val00078,col5_val00078,col6_val00078,col7_val00078,col8_val00078,col9_val00078,col10_val00078,col11_val00078,col12_val00078,col13_val00078,col14_val00078,col15_val00078,col16_val00078,col17_val00078,col18_val00078,col19_val00078,col20_val00078,col21_val00078,col22_val00078,col23_val00078,col24_val00078,col25_val00078,col26_val00078,col27_val00078,col28_val00078,col29_val00078
col0_val00079,col1_val00079,col2_val00079,col3_val00079,col4_val00079,col5_val00079,col6_val00079,col7_val00079,col8_val00079,col9_val00079,col10_val00079,col11_val00079,col12_val00079,col13_val00079,col14_val00079,col15_val00079,col16_val00079,col17_val00079,col18_val00079,col19_val00079,col20_val00079,col21_val00079,col22_val00079,col23_val00079,col24_val00079,col25_val00079,col26_val00079,col27_val00079,col28_val00079,col29_val00079
col0_val00080,col1_val00080,col2_val00080,col3_val00080,col4_val00080,col5_val00080,col6_val00080,col7_val00080,col8_val00080,col9_val00080,col10_val00080,col11_val00080,col12_val00080,col13_val00080,col14_val00080,col15_val00080,col16_val00080,col17_val00080,col18_val00080,col19_val00080,col20_val00080,col21_val00080,col22_val00080,col23_val00080,col24_val00080,col25_val00080,col26_val00080,col27_val00080,col28_val00080,col29_val00080
col0_val00081,col1_val00081,col2_val00081,col3_val00081,col4_val00081,col5_val00081,col6_val00081,col7_val00081,col8_val00081,col9_val00081,col10_val00081,col11_val00081,col12_val00081,col13_val00081,col14_val00081,col15_val00081,col16_val00081,col17_val00081,col18_val00081,col19_val00081,col20_val00081,col21_val00081,col22_val00081,col23_val00081,col24_val00081,col25_val00081,col26_val00081,col27_val00081,col28_val00081,col29_val00081
col0_val00082,col1_val00082,col2_val00082,col3_val00082,col4_val00082,col5_val00082,col6_val00082,col7_val00082,col8_val00082,col9_val00082,col10_val00082,col11_val00082,col12_val00082,col13_val00082,col14_val00082,col15_val00082,col16_val00082,col17_val00082,col18_val00082,col19_val00082,col20_val00082,col21_val00082,col22_val00082,col23_val00082,col24_val00082,col25_val00082,col26_val00082,col27_val00082,col28_val00082,col29_val00082
col0_val00083,col1_val00083,col2_val00083,col3_val00083,col4_val00083,col5_val00083,col6_val00083,col7_val00083,col8_val00083,col9_val00083,col10_val00083,col11_val00083,col12_val00083,col13_val00083,col14_val00083,col15_val00083,col16_val00083,col17_val00083,col18_val00083,col19_val00083,col20_val00083,col21_val00083,col22_val00083,col23_val00083,col24_val00083,col25_val00083,col26_val00083,col27_val00083,col28_val00083,col29_val00083
col0_val00084,col1_val00084,col2_val00084,col3_val00084,col4_val00084,col5_val00084,col6_val00084,col7_val00084,col8_val00084,col9_val00084,col10_val00084,col11_val00084,col12_val00084,col13_val00084,col14_val00084,col15_val00084,col16_val00084,col17_val00084,col18_val00084,col19_val00084,col20_val00084,col21_val00084,col22_val00084,col23_val00084,col24_val00084,col25_val00084,col26_val00084,col27_val00084,col28_val00084,col29_val00084
col0_val00085,col1_val00085,col2_val00085,col3_val00085,col4_val00085,col5_val00085,col6_val00085,col7_val00085,col8_val00085,col9_val00085,col10_val00085,col11_val00085,col12_val00085,col13_val00085,col14_val00085,col15_val00085,col16_val00085,col17_val00085,col18_val00085,col19_val00085,col20_val00085,col21_val00085,col22_val00085,col23_val00085,col24_val00085,col25_val00085,col26_val00085,col27_val00085,col28_val00085,col29_val00085
col0_val00086,col1_val00086,col2_val00086,col3_val00086,col4_val00086,col5_val00086,col6_val00086,col7_val00086,col8_val00086,col9_val00086,col10_val00086,col11_val00086,col12_val00086,col13_val00086,col14_val00086,col15_val00086,col16_val00086,col17_val00086,col18_val00086,col19_val00086,col20_val00086,col21_val00086,col22_val00086,col23_val00086,col24_val00086,col25_val00086,col26_val00086,col27_val00086,col28_val00086,col29_val00086
col0_val00087,col1_val00087,col2_val00087,col3_val00087,col4_val00087,col5_val00087,col6_val00087,col7_val00087,col8_val00087,col9_val00087,col10_val00087,col11_val00087,col12_val00087,col13_val00087,col14_val00087,col15_val00087,col16_val00087,col17_val00087,col18_val00087,col19_val00087,col20_val00087,col21_val00087,col22_val00087,col23_val00087,col24_val00087,col25_val00087,col26_val00087,col27_val00087,col28_val00087,col29_val00087
col0_val00088,col1_val00088,col2_val00088,col3_val00088,col4_val00088,col5_val00088,col6_val00088,col7_val00088,col8_val00088,col9_val00088,col10_val00088,col11_val00088,col12_val00088,col13_val00088,col14_val00088,col15_val00088,col16_val00088,col17_val00088,col18_val00088,col19_val00088,col20_val00088,col21_val00088,col22_val00088,col23_val00088,col24_val00088,col25_val00088,col26_val00088,col27_val00088,col28_val00088,col29_val00088
col0_val00089,col1_val00089,col2_val00089,col3_val00089,col4_val00089,col5_val00089,col6_val00089,col7_val00089,col8_val00089,col9_val00089,col10_val00089,col11_val00089,col12_val00089,col13_val00089,col14_val00089,col15_val00089,col16_val00089,col17_val00089,col18_val00089,col19_val00089,col20_val00089,col21_val00089,col22_val00089,col23_val00089,col24_val00089,col25_val00089,col26_val00089,col27_val00089,col28_val00089,col29_val00089
col0_val00090,col1_val00090,col2_val00090,col3_val00090,col4_val00090,col5_val00090,col6_val00090,col7_val00090,col8_val00090,col9_val00090,col10_val00090,col11_val00090,col12_val00090,col13_val00090,col14_val00090,col15_val00090,col16_val00090,col17_val00090,col18_val00090,col19_val00090,col20_val00090,col21_val00090,col22_val00090,col23_val00090,col24_val00090,col25_val00090,col26_val00090,col27_val00090,col28_val00090,col29_val00090
col0_val00091,col1_val00091,col2_val00091,col3_val00091,col4_val00091,col5_val00091,col6_val00091,col7_val00091,col8_val00091,col9_val00091,col10_val00091,col11_val00091,col12_val00091,col13_val00091,col14_val00091,col15_val00091,col16_val00091,col17_val00091,col18_val00091,col19_val00091,col20_val00091,col21_val00091,col22_val00091,col23_val00091,col24_val00091,col25_val00091,col26_val00091,col27_val00091,col28_val00091,col29_val00091
col0_val00092,col1_val00092,col2_val00092,col3_val00092,col4_val00092,col5_val00092,col6_val00092,col7_val00092,col8_val00092,col9_val00092,col10_val00092,col11_val00092,col12_val00092,col13_val00092,col14_val00092,col15_val00092,col16_val00092,col17_val00092,col18_val00092,col19_val00092,col20_val00092,col21_val00092,col22_val00092,col23_val00092,col24_val00092,col25_val00092,col26_val00092,col27_val00092,col28_val00092,col29_val00092
col0_val00093,col1_val00093,col2_val00093,col3_val00093,col4_val00093,col5_val00093,col6_val00093,col7_val00093,col8_val00093,col9_val00093,col10_val00093,col11_val00093,col12_val00093,col13_val00093,col14_val00093,col15_val00093,col16_val00093,col17_val00093,col18_val00093,col19_val00093,col20_val00093,col21_val00093,col22_val00093,col23_val00093,col24_val00093,col25_val00093,col26_val00093,col27_val00093,col28_val00093,col29_val00093
col0_val00094,col1_val00094,col2_val00094,col3_val00094,col4_val00094,col5_val00094,col6_val00094,col7_val00094,col8_val00094,col9_val00094,col10_val00094,col11_val00094,col12_val00094,col13_val00094,col14_val00094,col15_val00094,col16_val00094,col17_val00094,col18_val00094,col19_val00094,col20_val00094,col21_val00094,col22_val00094,col23_val00094,col24_val00094,col25_val00094,col26_val00094,col27_val00094,col28_val00094,col29_val00094
col0_val00095,col1_val00095,col2_val00095,col3_val00095,col4_val00095,col5_val00095,col6_val00095,col7_val00095,col8_val00095,col9_val00095,col10_val00095,col11_val00095,col12_val00095,col13_val00095,col14_val00095,col15_val00095,col16_val00095,col17_val00095,col18_val00095,col19_val00095,col20_val00095,col21_val00095,col22_val00095,col23_val00095,col24_val00095,col25_val00095,col26_val00095,col27_val00095,col28_val00095,col29_val00095
col0_val00096,col1_val00096,col2_val00096,col3_val00096,col4_val00096,col5_val00096,col6_val00096,col7_val00096,col8_val00096,col9_val00096,col10_val00096,col11_val00096,col12_val00096,col13_val00096,col14_val00096,col15_val00096,col16_val00096,col17_val00096,col18_val00096,col19_val00096,col20_val00096,col21_val00096,col22_val00096,col23_val00096,col24_val00096,col25_val00096,col26_val00096,col27_val00096,col28_val00096,col29_val00096
col0_val00097,col1_val00097,col2_val00097,col3_val00097,col4_val00097,col5_val00097,col6_val00097,col7_val00097,col8_val00097,col9_val00097,col10_val00097,col11_val00097,col12_val00097,col13_val00097,col14_val00097,col15_val00097,col16_val00097,col17_val00097,col18_val00097,col19_val00097,col20_val00097,col21_val00097,col22_val00097,col23_val00097,col24_val00097,col25_val00097,col26_val00097,col27_val00097,col28_val00097,col29_val00097
col0_val00098,col1_val00098,col2_val00098,col3_val00098,col4_val00098,col5_val00098,col6_val00098,col7_val00098,col8_val00098,col9_val00098,col10_val00098,col11_val00098,col12_val00098,col13_val00098,col14_val00098,col15_val00098,col16_val00098,col17_val00098,col18_val00098,col19_val00098,col20_val00098,col21_val00098,col22_val00098,col23_val00098,col24_val00098,col25_val00098,col26_val00098,col27_val00098,col28_val00098,col29_val00098
col0_val00099,col1_val00099,col2_val00099,col3_val00099,col4_val00099,col5_val00099,col6_val00099,col7_val00099,col8_val00099,col9_val00099,col10_val00099,col11_val00099,col12_val00099,col13_val00099,col14_val00099,col15_val00099,col16_val00099,col17_val00099,col18_val00099,col19_val00099,col20_val00099,col21_val00099,col22_val00099,col23_val00099,col24_val00099,col25_val00099,col26_val00099,col27_val00099,col28_val00099,col29_val00099
col0_val00100,col1_val00100,col2_val00100,col3_val00100,col4_val00100,col5_val00100,col6_val00100,col7_val00100,col8_val00100,col9_val00100,col10_val00100,col11_val00100,col12_val00100,col13_val00100,col14_val00100,col15_val00100,col16_val00100,col17_val00100,col18_val00100,col19_val00100,col20_val00100,col21_val00100,col22_val00100,col23_val00100,col24_val00100,col25_val00100,col26_val00100,col27_val00100,col28_val00100,col29_val00100
col0_val00101,col1_val00101,col2_val00101,col3_val00101,col4_val00101,col5_val00101,col6_val00101,col7_val00101,col8_val00101,col9_val00101,col10_val00101,col11_val00101,col12_val00101,col13_val00101,col14_val00101,col15_val00101,col16_val00101,col17_val00101,col18_val00101,col19_val00101,col20_val00101,col21_val00101,col22_val00101,col23_val00101,col24_val00101,col25_val00101,col26_val00101,col27_val00101,col28_val00101,col29_val00101
col0_val00102,col1_val00102,col2_val00102,col3_val00102,col4_val00102,col5_val00102,col6_val00102,col7_val00102,col8_val00102,col9_val00102,col10_val00102,col11_val00102,col12_val00102,col13_val00102,col14_val00102,col15_val00102,col16_val00102,col17_val00102,col18_val00102,col19_val00102,col20_val00102,col21_val00102,col22_val00102,col23_val00102,col24_val00102,col25_val00102,col26_val00102,col27_val00102,col28_val00102,col29_val00102
col0_val00103,col1_val00103,col2_val00103,col3_val00103,col4_val00103,col5_val00103,col6_val00103,col7_val00103,col8_val00103,col9_val00103,col10_val00103,col11_val00103,col12_val00103,col13_val00103,col14_val00103,col15_val00103,col16_val00103,col17_val00103,col18_val00103,col19_val00103,col20_val00103,col21_val00103,col22_val00103,col23_val00103,col24_val00103,col25_val00103,col26_val00103,col27_val00103,col28_val00103,col29_val00103
col0_val00104,col1_val00104,col2_val00104,col3_val00104,col4_val00104,col5_val00104,col6_val00104,col7_val00104,col8_val00104,col9_val00104,col10_val00104,col11_val00104,col12_val00104,col13_val00104,col14_val00104,col15_val00104,col16_val00104,col17_val00104,col18_val00104,col19_val00104,col20_val00104,col21_val00104,col22_val00104,col23_val00104,col24_val00104,col25_val00104,col26_val00104,col27_val00104,col28_val00104,col29_val00104
col0_val00105,col1_val00105,col2_val00105,col3_val00105,col4_val00105,col5_val00105,col6_val00105,col7_val00105,col8_val00105,col9_val00105,col10_val00105,col11_val00105,col12_val00105,col13_val00105,col14_val00105,col15_val00105,col16_val00105,col17_val00105,col18_val00105,col19_val00105,col20_val00105,col21_val00105,col22_val00105,col23_val00105,col24_val00105,col25_val00105,col26_val00105,col27_val00105,col28_val00105,col29_val00105
col0_val00106,col1_val00106,col2_val00106,col3_val00106,col4_val00106,col5_val00106,col6_val00106,col7_val00106,col8_val00106,col9_val00106,col10_val00106,col11_val00106,col12_val00106,col13_val00106,col14_val00106,col15_val00106,col16_val00106,col17_val00106,col18_val00106,col19_val00106,col20_val00106,col21_val00106,col22_val00106,col23_val00106,col24_val00106,col25_val00106,col26_val00106,col27_val00106,col28_val00106,col29_val00106
col0_val00107,col1_val00107,col2_val00107,col3_val00107,col4_val00107,col5_val00107,col6_val00107,col7_val00107,col8_val00107,col9_val00107,col10_val00107,col11_val00107,col12_val00107,col13_val00107,col14_val00107,col15_val00107,col16_val00107,col17_val00107,col18_val00107,col19_val00107,col20_val00107,col21_val00107,col22_val00107,col23_val00107,col24_val00107,col25_val00107,col26_val00107,col27_val00107,col28_val00107,col29_val00107
col0_val00108,col1_val00108,col2_val00108,col3_val00108,col4_val00108,col5_val00108,col6_val00108,col7_val00108,col8_val00108,col9_val00108,col10_val00108,col11_val00108,col12_val00108,col13_val00108,col14_val00108,col15_val00108,col16_val00108,col17_val00108,col18_val00108,col19_val00108,col20_val00108,col21_val00108,col22_val00108,col23_val00108,col24_val00108,col25_val00108,col26_val00108,col27_val00108,col28_val00108,col29_val00108
col0_val00109,col1_val00109,col2_val00109,col3_val00109,col4_val00109,col5_val00109,col6_val00109,col7_val00109,col8_val00109,col9_val00109,col10_val00109,col11_val00109,col12_val00109,col13_val00109,col14_val00109,col15_val00109,col16_val00109,col17_val00109,col18_val00109,col19_val00109,col20_val00109,col21_val00109,col22_val00109,col23_val00109,col24_val00109,col25_val00109,col26_val00109,col27_val00109,col28_val00109,col29_val00109
col0_val00110,col1_val00110,col2_val00110,col3_val00110,col4_val00110,col5_val00110,col6_val00110,col7_val00110,col8_val00110,col9_val00110,col10_val00110,col11_val00110,col12_val00110,col13_val00110,col14_val00110,col15_val00110,col16_val00110,col17_val00110,col18_val00110,col19_val00110,col20_val00110,col21_val00110,col22_val00110,col23_val00110,col24_val00110,col25_val00110,col26_val00110,col27_val00110,col28_val00110,col29_val00110
col0_val00111,col1_val00111,col2_val00111,col3_val00111,col4_val00111,col5_val00111,col6_val00111,col7_val00111,col8_val00111,col9_val00111,col10_val00111,col11_val00111,col12_val00111,col13_val00111,col14_val00111,col15_val00111,col16_val00111,col17_val00111,col18_val00111,col19_val00111,col20_val00111,col21_val00111,col22_val00111,col23_val00111,col24_val00111,col25_val00111,col26_val00111,col27_val00111,col28_val00111,col29_val00111
col0_val00112,col1_val00112,col2_val00112,col3_val00112,col4_val00112,col5_val00112,col6_val00112,col7_val00112,col8_val00112,col9_val00112,col10_val00112,col11_val00112,col12_val00112,col13_val00112,col14_val00112,col15_val00112,col16_val00112,col17_val00112,col18_val00112,col19_val00112,col20_val00112,col21_val00112,col22_val00112,col23_val00112,col24_val00112,col25_val00112,col26_val00112,col27_val00112,col28_val00112,col29_val00112
col0_val00113,col1_val00113,col2_val00113,col3_val00113,col4_val00113,col5_val00113,col6_val00113,col7_val00113,col8_val00113,col9_val00113,col10_val00113,col11_val00113,col12_val00113,col13_val00113,col14_val00113,col15_val00113,col16_val00113,col17_val00113,col18_val00113,col19_val00113,col20_val00113,col21_val00113,col22_val00113,col23_val00113,col24_val00113,col25_val00113,col26_val00113,col27_val00113,col28_val00113,col29_val00113
col0_val00114,col1_val00114,col2_val00114,col3_val00114,col4_val00114,col5_val00114,col6_val00114,col7_val00114,col8_val00114,col9_val00114,col10_val00114,col11_val00114,col12_val00114,col13_val00114,col14_val00114,col15_val00114,col16_val00114,col17_val00114,col18_val00114,col19_val00114,col20_val00114,col21_val00114,col22_val00114,col23_val00114,col24_val00114,col25_val00114,col26_val00114,col27_val00114,col28_val00114,col29_val00114
col0_val00115,col1_val00115,col2_val00115,col3_val00115,col4_val00115,col5_val00115,col6_val00115,col7_val00115,col8_val00115,col9_val00115,col10_val00115,col11_val00115,col12_val00115,col13_val00115,col14_val00115,col15_val00115,col16_val00115,col17_val00115,col18_val00115,col19_val00115,col20_val00115,col21_val00115,col22_val00115,col23_val00115,col24_val00115,col25_val00115,col26_val00115,col27_val00115,col28_val00115,col29_val00115
col0_val00116,col1_val00116,col2_val00116,col3_val00116,col4_val00116,col5_val00116,col6_val00116,col7_val00116,col8_val00116,col9_val00116,col10_val00116,col11_val00116,col12_val00116,col13_val00116,col14_val00116,col15_val00116,col16_val00116,col17_val00116,col18_val00116,col19_val00116,col20_val00116,col21_val00116,col22_val00116,col23_val00116,col24_val00116,col25_val00116,col26_val00116,col27_val00116,col28_val00116,col29_val00116
col0_val00117,col1_val00117,col2_val00117,col3_val00117,col4_val00117,col5_val00117,col6_val00117,col7_val00117,col8_val00117,col9_val00117,col10_val00117,col11_val00117,col12_val00117,col13_val00117,col14_val00117,col15_val00117,col16_val00117,col17_val00117,col18_val00117,col19_val00117,col20_val00117,col21_val00117,col22_val00117,col23_val00117,col24_val00117,col25_val00117,col26_val00117,col27_val00117,col28_val00117,col29_val00117
col0_val00118,col1_val00118,col2_val00118,col3_val00118,col4_val00118,col5_val00118,col6_val00118,col7_val00118,col8_val00118,col9_val00118,col10_val00118,col11_val00118,col12_val00118,col13_val00118,col14_val00118,col15_val00118,col16_val00118,col17_val00118,col18_val00118,col19_val00118,col20_val00118,col21_val00118,col22_val00118,col23_val00118,col24_val00118,col25_val00118,col26_val00118,col27_val00118,col28_val00118,col29_val00118
col0_val00119,col1_val00119,col2_val00119,col3_val00119,col4_val00119,col5_val00119,col6_val00119,col7_val00119,col8_val00119,col9_val00119,col10_val00119,col11_val00119,col12_val00119,col13_val00119,col14_val00119,col15_val00119,col16_val00119,col17_val00119,col18_val00119,col19_val00119,col20_val00119,col21_val00119,col22_val00119,col23_val00119,col24_val00119,col25_val00119,col26_val00119,col27_val00119,col28_val00119,col29_val00119
col0_val00120,col1_val00120,col2_val00120,col3_val00120,col4_val00120,col5_val00120,col6_val00120,col7_val00120,col8_val00120,col9_val00120,col10_val00120,col11_val00120,col12_val00120,col13_val00120,col14_val00120,col15_val00120,col16_val00120,col17_val00120,col18_val00120,col19_val00120,col20_val00120,col21_val00120,col22_val00120,col23_val00120,col24_val00120,col25_val00120,col26_val00120,col27_val00120,col28_val00120,col29_val00120
col0_val00121,col1_val00121,col2_val00121,col3_val00121,col4_val00121,col5_val00121,col6_val00121,col7_val00121,col8_val00121,col9_val00121,col10_val00121,col11_val00121,col12_val00121,col13_val00121,col14_val00121,col15_val00121,col16_val00121,col17_val00121,col18_val00121,col19_val00121,col20_val00121,col21_val00121,col22_val00121,col23_val00121,col24_val00121,col25_val00121,col26_val00121,col27_val00121,col28_val00121,col29_val00121
col0_val00122,col1_val00122,col2_val00122,col3_val00122,col4_val00122,col5_val00122,col6_val00122,col7_val00122,col8_val00122,col9_val00122,col10_val00122,col11_val00122,col12_val00122,col13_val00122,col14_val00122,col15_val00122,col16_val00122,col17_val00122,col18_val00122,col19_val00122,col20_val00122,col21_val00122,col22_val00122,col23_val00122,col24_val00122,col25_val00122,col26_val00122,col27_val00122,col28_val00122,col29_val00122
col0_val00123,col1_val00123,col2_val00123,col3_val00123,col4_val00123,col5_val00123,col6_val00123,col7_val00123,col8_val00123,col9_val00123,col10_val00123,col11_val00123,col12_val00123,col13_val00123,col14_val00123,col15_val00123,col16_val00123,col17_val00123,col18_val00123,col19_val00123,col20_val00123,col21_val00123,col22_val00123,col23_val00123,col24_val00123,col25_val00123,col26_val00123,col27_val00123,col28_val00123,col29_val00123
col0_val00124,col1_val00124,col2_val00124,col3_val00124,col4_val00124,col5_val00124,col6_val00124,col7_val00124,col8_val00124,col9_val00124,col10_val00124,col11_val00124,col12_val00124,col13_val00124,col14_val00124,col15_val00124,col16_val00124,col17_val00124,col18_val00124,col19_val00124,col20_val00124,col21_val00124,col22_val00124,col23_val00124,col24_val00124,col25_val00124,col26_val00124,col27_val00124,col28_val00124,col29_val00124
col0_val00125,col1_val00125,col2_val00125,col3_val00125,col4_val00125,col5_val00125,col6_val00125,col7_val00125,col8_val00125,col9_val00125,col10_val00125,col11_val00125,col12_val00125,col13_val00125,col14_val00125,col15_val00125,col16_val00125,col17_val00125,col18_val00125,col19_val00125,col20_val00125,col21_val00125,col22_val00125,col23_val00125,col24_val00125,col25_val00125,col26_val00125,col27_val00125,col28_val00125,col29_val00125
col0_val00126,col1_val00126,col2_val00126,col3_val00126,col4_val00126,col5_val00126,col6_val00126,col7_val00126,col8_val00126,col9_val00126,col10_val00126,col11_val00126,col12_val00126,col13_val00126,col14_val00126,col15_val00126,col16_val00126,col17_val00126,col18_val00126,col19_val00126,col20_val00126,col21_val00126,col22_val00126,col23_val00126,col24_val00126,col25_val00126,col26_val00126,col27_val00126,col28_val00126,col29_val00126
col0_val00127,col1_val00127,col2_val00127,col3_val00127,col4_val00127,col5_val00127,col6_val00127,col7_val00127,col8_val00127,col9_val00127,col10_val00127,col11_val00127,col12_val00127,col13_val00127,col14_val00127,col15_val00127,col16_val00127,col17_val00127,col18_val00127,col19_val00127,col20_val00127,col21_val00127,col22_val00127,col23_val00127,col24_val00127,col25_val00127,col26_val00127,col27_val00127,col28_val00127,col29_val00127
col0_val00128,col1_val00128,col2_val00128,col3_val00128,col4_val00128,col5_val00128,col6_val00128,col7_val00128,col8_val00128,col9_val00128,col10_val00128,col11_val00128,col12_val00128,col13_val00128,col14_val00128,col15_val00128,col16_val00128,col17_val00128,col18_val00128,col19_val00128,col20_val00128,col21_val00128,col22_val00128,col23_val00128,col24_val00128,col25_val00128,col26_val00128,col27_val00128,col28_val00128,col29_val00128
col0_val00129,col1_val00129,col2_val00129,col3_val00129,col4_val00129,col5_val00129,col6_val00129,col7_val00129,col8_val00129,col9_val00129,col10_val00129,col11_val00129,col12_val00129,col13_val00129,col14_val00129,col15_val00129,col16_val00129,col17_val00129,col18_val00129,col19_val00129,col20_val00129,col21_val00129,col22_val00129,col23_val00129,col24_val00129,col25_val00129,col26_val00129,col27_val00129,col28_val00129,col29_val00129
col0_val00130,col1_val00130,col2_val00130,col3_val00130,col4_val00130,col5_val00130,col6_val00130,col7_val00130,col8_val00130,col9_val00130,col10_val00130,col11_val00130,col12_val00130,col13_val00130,col14_val00130,col15_val00130,col16_val00130,col17_val00130,col18_val00130,col19_val00130,col20_val00130,col21_val00130,col22_val00130,col23_val00130,col24_val00130,col25_val00130,col26_val00130,col27_val00130,col28_val00130,col29_val00130
col0_val00131,col1_val00131,col2_val00131,col3_val00131,col4_val00131,col5_val00131,col6_val00131,col7_val00131,col8_val00131,col9_val00131,col10_val00131,col11_val00131,col12_val00131,col13_val00131,col14_val00131,col15_val00131,col16_val00131,col17_val00131,col18_val00131,col19_val00131,col20_val00131,col21_val00131,col22_val00131,col23_val00131,col24_val00131,col25_val00131,col26_val00131,col27_val00131,col28_val00131,col29_val00131
col0_val00132,col1_val00132,col2_val00132,col3_val00132,col4_val00132,col5_val00132,col6_val00132,col7_val00132,col8_val00132,col9_val00132,col10_val00132,col11_val00132,col12_val00132,col13_val00132,col14_val00132,col15_val00132,col16_val00132,col17_val00132,col18_val00132,col19_val00132,col20_val00132,col21_val00132,col22_val00132,col23_val00132,col24_val00132,col25_val00132,col26_val00132,col27_val00132,col28_val00132,col29_val00132
col0_val00133,col1_val00133,col2_val00133,col3_val00133,col4_val00133,col5_val00133,col6_val00133,col7_val00133,col8_val00133,col9_val00133,col10_val00133,col11_val00133,col12_val00133,col13_val00133,col14_val00133,col15_val00133,col16_val00133,col17_val00133,col18_val00133,col19_val00133,col20_val00133,col21_val00133,col22_val00133,col23_val00133,col24_val00133,col25_val00133,col26_val00133,col27_val00133,col28_val00133,col29_val00133
col0_val00134,col1_val00134,col2_val00134,col3_val00134,col4_val00134,col5_val00134,col6_val00134,col7_val00134,col8_val00134,col9_val00134,col10_val00134,col11_val00134,col12_val00134,col13_val00134,col14_val00134,col15_val00134,col16_val00134,col17_val00134,col18_val00134,col19_val00134,col20_val00134,col21_val00134,col22_val00134,col23_val00134,col24_val00134,col25_val00134,col26_val00134,col27_val00134,col28_val00134,col29_val00134
col0_val00135,col1_val00135,col2_val00135,col3_val00135,col4_val00135,col5_val00135,col6_val00135,col7_val00135,col8_val00135,col9_val00135,col10_val00135,col11_val00135,col12_val00135,col13_val00135,col14_val00135,col15_val00135,col16_val00135,col17_val00135,col18_val00135,col19_val00135,col20_val00135,col21_val00135,col22_val00135,col23_val00135,col24_val00135,col25_val00135,col26_val00135,col27_val00135,col28_val00135,col29_val00135
col0_val00136,col1_val00136,col2_val00136,col3_val00136,col4_val00136,col5_val00136,col6_val00136,col7_val00136,col8_val00136,col9_val00136,col10_val00136,col11_val00136,col12_val00136,col13_val00136,col14_val00136,col15_val00136,col16_val00136,col17_val00136,col18_val00136,col19_val00136,col20_val00136,col21_val00136,col22_val00136,col23_val00136,col24_val00136,col25_val00136,col26_val00136,col27_val00136,col28_val00136,col29_val00136
col0_val00137,col1_val00137,col2_val00137,col3_val00137,col4_val00137,col5_val00137,col6_val00137,col7_val00137,col8_val00137,col9_val00137,col10_val00137,col11_val00137,col12_val00137,col13_val00137,col14_val00137,col15_val00137,col16_val00137,col17_val00137,col18_val00137,col19_val00137,col20_val00137,col21_val00137,col22_val00137,col23_val00137,col24_val00137,col25_val00137,col26_val00137,col27_val00137,col28_val00137,col29_val00137
col0_val00138,col1_val00138,col2_val00138,col3_val00138,col4_val00138,col5_val00138,col6_val00138,col7_val00138,col8_val00138,col9_val00138,col10_val00138,col11_val00138,col12_val00138,col13_val00138,col14_val00138,col15_val00138,col16_val00138,col17_val00138,col18_val00138,col19_val00138,col20_val00138,col21_val00138,col22_val00138,col23_val00138,col24_val00138,col25_val00138,col26_val00138,col27_val00138,col28_val00138,col29_val00138
col0_val00139,col1_val00139,col2_val00139,col3_val00139,col4_val00139,col5_val00139,col6_val00139,col7_val00139,col8_val00139,col9_val00139,col10_val00139,col11_val00139,col12_val00139,col13_val00139,col14_val00139,col15_val00139,col16_val00139,col17_val00139,col18_val00139,col19_val00139,col20_val00139,col21_val00139,col22_val00139,col23_val00139,col24_val00139,col25_val00139,col26_val00139,col27_val00139,col28_val00139,col29_val00139
col0_val00140,col1_val00140,col2_val00140,col3_val00140,col4_val00140,col5_val00140,col6_val00140,col7_val00140,col8_val00140,col9_val00140,col10_val00140,col11_val00140,col12_val00140,col13_val00140,col14_val00140,col15_val00140,col16_val00140,col17_val00140,col18_val00140,col19_val00140,col20_val00140,col21_val00140,col22_val00140,col23_val00140,col24_val00140,col25_val00140,col26_val00140,col27_val00140,col28_val00140,col29_val00140
col0_val00141,col1_val00141,col2_val00141,col3_val00141,col4_val00141,col5_val00141,col6_val00141,col7_val00141,col8_val00141,col9_val00141,col10_val00141,col11_val00141,col12_val00141,col13_val00141,col14_val00141,col15_val00141,col16_val00141,col17_val00141,col18_val00141,col19_val00141,col20_val00141,col21_val00141,col22_val00141,col23_val00141,col24_val00141,col25_val00141,col26_val00141,col27_val00141,col28_val00141,col29_val00141
col0_val00142,col1_val00142,col2_val00142,col3_val00142,col4_val00142,col5_val00142,col6_val00142,col7_val00142,col8_val00142,col9_val00142,col10_val00142,col11_val00142,col12_val00142,col13_val00142,col14_val00142,col15_val00142,col16_val00142,col17_val00142,col18_val00142,col19_val00142,col20_val00142,col21_val00142,col22_val00142,col23_val00142,col24_val00142,col25_val00142,col26_val00142,col27_val00142,col28_val00142,col29_val00142
col0_val00143,col1_val00143,col2_val00143,col3_val00143,col4_val00143,col5_val00143,col6_val00143,col7_val00143,col8_val00143,col9_val00143,col10_val00143,col11_val00143,col12_val00143,col13_val00143,col14_val00143,col15_val00143,col16_val00143,col17_val00143,col18_val00143,col19_val00143,col20_val00143,col21_val00143,col22_val00143,col23_val00143,col24_val00143,col25_val00143,col26_val00143,col27_val00143,col28_val00143,col29_val00143
col0_val00144,col1_val00144,col2_val00144,col3_val00144,col4_val00144,col5_val00144,col6_val00144,col7_val00144,col8_val00144,col9_val00144,col10_val00144,col11_val00144,col12_val00144,col13_val00144,col14_val00144,col15_val00144,col16_val00144,col17_val00144,col18_val00144,col19_val00144,col20_val00144,col21_val00144,col22_val00144,col23_val00144,col24_val00144,col25_val00144,col26_val00144,col27_val00144,col28_val00144,col29_val00144
col0_val00145,col1_val00145,col2_val00145,col3_val00145,col4_val00145,col5_val00145,col6_val00145,col7_val00145,col8_val00145,col9_val00145,col10_val00145,col11_val00145,col12_val00145,col13_val00145,col14_val00145,col15_val00145,col16_val00145,col17_val00145,col18_val00145,col19_val00145,col20_val00145,col21_val00145,col22_val00145,col23_val00145,col24_val00145,col25_val00145,col26_val00145,col27_val00145,col28_val00145,col29_val00145
col0_val00146,col1_val00146,col2_val00146,col3_val00146,col4_val00146,col5_val00146,col6_val00146,col7_val00146,col8_val00146,col9_val00146,col10_val00146,col11_val00146,col12_val00146,col13_val00146,col14_val00146,col15_val00146,col16_val00146,col17_val00146,col18_val00146,col19_val00146,col20_val00146,col21_val00146,col22_val00146,col23_val00146,col24_val00146,col25_val00146,col26_val00146,col27_val00146,col28_val00146,col29_val00146
col0_val00147,col1_val00147,col2_val00147,col3_val00147,col4_val00147,col5_val00147,col6_val00147,col7_val00147,col8_val00147,col9_val00147,col10_val00147,col11_val00147,col12_val00147,col13_val00147,col14_val00147,col15_val00147,col16_val00147,col17_val00147,col18_val00147,col19_val00147,col20_val00147,col21_val00147,col22_val00147,col23_val00147,col24_val00147,col25_val00147,col26_val00147,col27_val00147,col28_val00147,col29_val00147
col0_val00148,col1_val00148,col2_val00148,col3_val00148,col4_val00148,col5_val00148,col6_val00148,col7_val00148,col8_val00148,col9_val00148,col10_val00148,col11_val00148,col12_val00148,col13_val00148,col14_val00148,col15_val00148,col16_val00148,col17_val00148,col18_val00148,col19_val00148,col20_val00148,col21_val00148,col22_val00148,col23_val00148,col24_val00148,col25_val00148,col26_val00148,col27_val00148,col28_val00148,col29_val00148
col0_val00149,col1_val00149,col2_val00149,col3_val00149,col4_val00149,col5_val00149,col6_val00149,col7_val00149,col8_val00149,col9_val00149,col10_val00149,col11_val00149,col12_val00149,col13_val00149,col14_val00149,col15_val00149,col16_val00149,col17_val00149,col18_val00149,col19_val00149,col20_val00149,col21_val00149,col22_val00149,col23_val00149,col24_val00149,col25_val00149,col26_val00149,col27_val00149,col28_val00149,col29_val00149
col0_val00150,col1_val00150,col2_val00150,col3_val00150,col4_val00150,col5_val00150,col6_val00150,col7_val00150,col8_val00150,col9_val00150,col10_val00150,col11_val00150,col12_val00150,col13_val00150,col14_val00150,col15_val00150,col16_val00150,col17_val00150,col18_val00150,col19_val00150,col20_val00150,col21_val00150,col22_val00150,col23_val00150,col24_val00150,col25_val00150,col26_val00150,col27_val00150,col28_val00150,col29_val00150
col0_val00151,col1_val00151,col2_val00151,col3_val00151,col4_val00151,col5_val00151,col6_val00151,col7_val00151,col8_val00151,col9_val00151,col10_val00151,col11_val00151,col12_val00151,col13_val00151,col14_val00151,col15_val00151,col16_val00151,col17_val00151,col18_val00151,col19_val00151,col20_val00151,col21_val00151,col22_val00151,col23_val00151,col24_val00151,col25_val00151,col26_val00151,col27_val00151,col28_val00151,col29_val00151
col0_val00152,col1_val00152,col2_val00152,col3_val00152,col4_val00152,col5_val00152,col6_val00152,col7_val00152,col8_val00152,col9_val00152,col10_val00152,col11_val00152,col12_val00152,col13_val00152,col14_val00152,col15_val00152,col16_val00152,col17_val00152,col18_val00152,col19_val00152,col20_val00152,col21_val00152,col22_val00152,col23_val00152,col24_val00152,col25_val00152,col26_val00152,col27_val00152,col28_val00152,col29_val00152
col0_val00153,col1_val00153,col2_val00153,col3_val00153,col4_val00153,col5_val00153,col6_val00153,col7_val00153,col8_val00153,col9_val00153,col10_val00153,col11_val00153,col12_val00153,col13_val00153,col14_val00153,col15_val00153,col16_val00153,col17_val00153,col18_val00153,col19_val00153,col20_val00153,col21_val00153,col22_val00153,col23_val00153,col24_val00153,col25_val00153,col26_val00153,col27_val00153,col28_val00153,col29_val00153
col0_val00154,col1_val00154,col2_val00154,col3_val00154,col4_val00154,col5_val00154,col6_val00154,col7_val00154,col8_val00154,col9_val00154,col10_val00154,col11_val00154,col12_val00154,col13_val00154,col14_val00154,col15_val00154,col16_val00154,col17_val00154,col18_val00154,col19_val00154,col20_val00154,col21_val00154,col22_val00154,col23_val00154,col24_val00154,col25_val00154,col26_val00154,col27_val00154,col28_val00154,col29_val00154
col0_val00155,col1_val00155,col2_val00155,col3_val00155,col4_val00155,col5_val00155,col6_val00155,col7_val00155,col8_val00155,col9_val00155,col10_val00155,col11_val00155,col12_val00155,col13_val00155,col14_val00155,col15_val00155,col16_val00155,col17_val00155,col18_val00155,col19_val00155,col20_val00155,col21_val00155,col22_val00155,col23_val00155,col24_val00155,col25_val00155,col26_val00155,col27_val00155,col28_val00155,col29_val00155
col0_val00156,col1_val00156,col2_val00156,col3_val00156,col4_val00156,col5_val00156,col6_val00156,col7_val00156,col8_val00156,col9_val00156,col10_val00156,col11_val00156,col12_val00156,col13_val00156,col14_val00156,col15_val00156,col16_val00156,col17_val00156,col18_val00156,col19_val00156,col20_val00156,col21_val00156,col22_val00156,col23_val00156,col24_val00156,col25_val00156,col26_val00156,col27_val00156,col28_val00156,col29_val00156
col0_val00157,col1_val00157,col2_val00157,col3_val00157,col4_val00157,col5_val00157,col6_val00157,col7_val00157,col8_val00157,col9_val00157,col10_val00157,col11_val00157,col12_val00157,col13_val00157,col14_val00157,col15_val00157,col16_val00157,col17_val00157,col18_val00157,col19_val00157,col20_val00157,col21_val00157,col22_val00157,col23_val00157,col24_val00157,col25_val00157,col26_val00157,col27_val00157,col28_val00157,col29_val00157
col0_val00158,col1_val00158,col2_val00158,col3_val00158,col4_val00158,col5_val00158,col6_val00158,col7_val00158,col8_val00158,col9_val00158,col10_val00158,col11_val00158,col12_val00158,col13_val00158,col14_val00158,col15_val00158,col16_val00158,col17_val00158,col18_val00158,col19_val00158,col20_val00158,col21_val00158,col22_val00158,col23_val00158,col24_val00158,col25_val00158,col26_val00158,col27_val00158,col28_val00158,col29_val00158
col0_val00159,col1_val00159,col2_val00159,col3_val00159,col4_val00159,col5_val00159,col6_val00159,col7_val00159,col8_val00159,col9_val00159,col10_val00159,col11_val00159,col12_val00159,col13_val00159,col14_val00159,col15_val00159,col16_val00159,col17_val00159,col18_val00159,col19_val00159,col20_val00159,col21_val00159,col22_val00159,col23_val00159,col24_val00159,col25_val00159,col26_val00159,col27_val00159,col28_val00159,col29_val00159
col0_val00160,col1_val00160,col2_val00160,col3_val00160,col4_val00160,col5_val00160,col6_val00160,col7_val00160,col8_val00160,col9_val00160,col10_val00160,col11_val00160,col12_val00160,col13_val00160,col14_val00160,col15_val00160,col16_val00160,col17_val00160,col18_val00160,col19_val00160,col20_val00160,col21_val00160,col22_val00160,col23_val00160,col24_val00160,col25_val00160,col26_val00160,col27_val00160,col28_val00160,col29_val00160
col0_val00161,col1_val00161,col2_val00161,col3_val00161,col4_val00161,col5_val00161,col6_val00161,col7_val00161,col8_val00161,col9_val00161,col10_val00161,col11_val00161,col12_val00161,col13_val00161,col14_val00161,col15_val00161,col16_val00161,col17_val00161,col18_val00161,col19_val00161,col20_val00161,col21_val00161,col22_val00161,col23_val00161,col24_val00161,col25_val00161,col26_val00161,col27_val00161,col28_val00161,col29_val00161
col0_val00162,col1_val00162,col2_val00162,col3_val00162,col4_val00162,col5_val00162,col6_val00162,col7_val00162,col8_val00162,col9_val00162,col10_val00162,col11_val00162,col12_val00162,col13_val00162,col14_val00162,col15_val00162,col16_val00162,col17_val00162,col18_val00162,col19_val00162,col20_val00162,col21_val00162,col22_val00162,col23_val00162,col24_val00162,col25_val00162,col26_val00162,col27_val00162,col28_val00162,col29_val00162
col0_val00163,col1_val00163,col2_val00163,col3_val00163,col4_val00163,col5_val00163,col6_val00163,col7_val00163,col8_val00163,col9_val00163,col10_val00163,col11_val00163,col12_val00163,col13_val00163,col14_val00163,col15_val00163,col16_val00163,col17_val00163,col18_val00163,col19_val00163,col20_val00163,col21_val00163,col22_val00163,col23_val00163,col24_val00163,col25_val00163,col26_val00163,col27_val00163,col28_val00163,col29_val00163
col0_val00164,col1_val00164,col2_val00164,col3_val00164,col4_val00164,col5_val00164,col6_val00164,col7_val00164,col8_val00164,col9_val00164,col10_val00164,col11_val00164,col12_val00164,col13_val00164,col14_val00164,col15_val00164,col16_val00164,col17_val00164,col18_val00164,col19_val00164,col20_val00164,col21_val00164,col22_val00164,col23_val00164,col24_val00164,col25_val00164,col26_val00164,col27_val00164,col28_val00164,col29_val00164
col0_val00165,col1_val00165,col2_val00165,col3_val00165,col4_val00165,col5_val00165,col6_val00165,col7_val00165,col8_val00165,col9_val00165,col10_val00165,col11_val00165,col12_val00165,col13_val00165,col14_val00165,col15_val00165,col16_val00165,col17_val00165,col18_val00165,col19_val00165,col20_val00165,col21_val00165,col22_val00165,col23_val00165,col24_val00165,col25_val00165,col26_val00165,col27_val00165,col28_val00165,col29_val00165
col0_val00166,col1_val00166,col2_val00166,col3_val00166,col4_val00166,col5_val00166,col6_val00166,col7_val00166,col8_val00166,col9_val00166,col10_val00166,col11_val00166,col12_val00166,col13_val00166,col14_val00166,col15_val00166,col16_val00166,col17_val00166,col18_val00166,col19_val00166,col20_val00166,col21_val00166,col22_val00166,col23_val00166,col24_val00166,col25_val00166,col26_val00166,col27_val00166,col28_val00166,col29_val00166
col0_val00167,col1_val00167,col2_val00167,col3_val00167,col4_val00167,col5_val00167,col6_val00167,col7_val00167,col8_val00167,col9_val00167,col10_val00167,col11_val00167,col12_val00167,col13_val00167,col14_val00167,col15_val00167,col16_val00167,col17_val00167,col18_val00167,col19_val00167,col20_val00167,col21_val00167,col22_val00167,col23_val00167,col24_val00167,col25_val00167,col26_val00167,col27_val00167,col28_val00167,col29_val00167
col0_val00168,col1_val00168,col2_val00168,col3_val00168,col4_val00168,col5_val00168,col6_val00168,col7_val00168,col8_val00168,col9_val00168,col10_val00168,col11_val00168,col12_val00168,col13_val00168,col14_val00168,col15_val00168,col16_val00168,col17_val00168,col18_val00168,col19_val00168,col20_val00168,col21_val00168,col22_val00168,col23_val00168,col24_val00168,col25_val00168,col26_val00168,col27_val00168,col28_val00168,col29_val00168
col0_val00169,col1_val00169,col2_val00169,col3_val00169,col4_val00169,col5_val00169,col6_val00169,col7_val00169,col8_val00169,col9_val00169,col10_val00169,col11_val00169,col12_val00169,col13_val00169,col14_val00169,col15_val00169,col16_val00169,col17_val00169,col18_val00169,col19_val00169,col20_val00169,col21_val00169,col22_val00169,col23_val00169,col24_val00169,col25_val00169,col26_val00169,col27_val00169,col28_val00169,col29_val00169
col0_val00170,col1_val00170,col2_val00170,col3_val00170,col4_val00170,col5_val00170,col6_val00170,col7_val00170,col8_val00170,col9_val00170,col10_val00170,col11_val00170,col12_val00170,col13_val00170,col14_val00170,col15_val00170,col16_val00170,col17_val00170,col18_val00170,col19_val00170,col20_val00170,col21_val00170,col22_val00170,col23_val00170,col24_val00170,col25_val00170,col26_val00170,col27_val00170,col28_val00170,col29_val00170
col0_val00171,col1_val00171,col2_val00171,col3_val00171,col4_val00171,col5_val00171,col6_val00171,col7_val00171,col8_val00171,col9_val00171,col10_val00171,col11_val00171,col12_val00171,col13_val00171,col14_val00171,col15_val00171,col16_val00171,col17_val00171,col18_val00171,col19_val00171,col20_val00171,col21_val00171,col22_val00171,col23_val00171,col24_val00171,col25_val00171,col26_val00171,col27_val00171,col28_val00171,col29_val00171
col0_val00172,col1_val00172,col2_val00172,col3_val00172,col4_val00172,col5_val00172,col6_val00172,col7_val00172,col8_val00172,col9_val00172,col10_val00172,col11_val00172,col12_val00172,col13_val00172,col14_val00172,col15_val00172,col16_val00172,col17_val00172,col18_val00172,col19_val00172,col20_val00172,col21_val00172,col22_val00172,col23_val00172,col24_val00172,col25_val00172,col26_val00172,col27_val00172,col28_val00172,col29_val00172
col0_val00173,col1_val00173,col2_val00173,col3_val00173,col4_val00173,col5_val00173,col6_val00173,col7_val00173,col8_val00173,col9_val00173,col10_val00173,col11_val00173,col12_val00173,col13_val00173,col14_val00173,col15_val00173,col16_val00173,col17_val00173,col18_val00173,col19_val00173,col20_val00173,col21_val00173,col22_val00173,col23_val00173,col24_val00173,col25_val00173,col26_val00173,col27_val00173,col28_val00173,col29_val00173
col0_val00174,col1_val00174,col2_val00174,col3_val00174,col4_val00174,col5_val00174,col6_val00174,col7_val00174,col8_val00174,col9_val00174,col10_val00174,col11_val00174,col12_val00174,col13_val00174,col14_val00174,col15_val00174,col16_val00174,col17_val00174,col18_val00174,col19_val00174,col20_val00174,col21_val00174,col22_val00174,col23_val00174,col24_val00174,col25_val00174,col26_val00174,col27_val00174,col28_val00174,col29_val00174
col0_val00175,col1_val00175,col2_val00175,col3_val00175,col4_val00175,col5_val00175,col6_val00175,col7_val00175,col8_val00175,col9_val00175,col10_val00175,col11_val00175,col12_val00175,col13_val00175,col14_val00175,col15_val00175,col16_val00175,col17_val00175,col18_val00175,col19_val00175,col20_val00175,col21_val00175,col22_val00175,col23_val00175,col24_val00175,col25_val00175,col26_val00175,col27_val00175,col28_val00175,col29_val00175
col0_val00176,col1_val00176,col2_val00176,col3_val00176,col4_val00176,col5_val00176,col6_val00176,col7_val00176,col8_val00176,col9_val00176,col10_val00176,col11_val00176,col12_val00176,col13_val00176,col14_val00176,col15_val00176,col16_val00176,col17_val00176,col18_val00176,col19_val00176,col20_val00176,col21_val00176,col22_val00176,col23_val00176,col24_val00176,col25_val00176,col26_val00176,col27_val00176,col28_val00176,col29_val00176
col0_val00177,col1_val00177,col2_val00177,col3_val00177,col4_val00177,col5_val00177,col6_val00177,col7_val00177,col8_val00177,col9_val00177,col10_val00177,col11_val00177,col12_val00177,col13_val00177,col14_val00177,col15_val00177,col16_val00177,col17_val00177,col18_val00177,col19_val00177,col20_val00177,col21_val00177,col22_val00177,col23_val00177,col24_val00177,col25_val00177,col26_val00177,col27_val00177,col28_val00177,col29_val00177
col0_val00178,col1_val00178,col2_val00178,col3_val00178,col4_val00178,col5_val00178,col6_val00178,col7_val00178,col8_val00178,col9_val00178,col10_val00178,col11_val00178,col12_val00178,col13_val00178,col14_val00178,col15_val00178,col16_val00178,col17_val00178,col18_val00178,col19_val00178,col20_val00178,col21_val00178,col22_val00178,col23_val00178,col24_val00178,col25_val00178,col26_val00178,col27_val00178,col28_val00178,col29_val00178
col0_val00179,col1_val00179,col2_val00179,col3_val00179,col4_val00179,col5_val00179,col6_val00179,col7_val00179,col8_val00179,col9_val00179,col10_val00179,col11_val00179,col12_val00179,col13_val00179,col14_val00179,col15_val00179,col16_val00179,col17_val00179,col18_val00179,col19_val00179,col20_val00179,col21_val00179,col22_val00179,col23_val00179,col24_val00179,col25_val00179,col26_val00179,col27_val00179,col28_val00179,col29_val00179
col0_val00180,col1_val00180,col2_val00180,col3_val00180,col4_val00180,col5_val00180,col6_val00180,col7_val00180,col8_val00180,col9_val00180,col10_val00180,col11_val00180,col12_val00180,col13_val00180,col14_val00180,col15_val00180,col16_val00180,col17_val00180,col18_val00180,col19_val00180,col20_val00180,col21_val00180,col22_val00180,col23_val00180,col24_val00180,col25_val00180,col26_val00180,col27_val00180,col28_val00180,col29_val00180
col0_val00181,col1_val00181,col2_val00181,col3_val00181,col4_val00181,col5_val00181,col6_val00181,col7_val00181,col8_val00181,col9_val00181,col10_val00181,col11_val00181,col12_val00181,col13_val00181,col14_val00181,col15_val00181,col16_val00181,col17_val00181,col18_val00181,col19_val00181,col20_val00181,col21_val00181,col22_val00181,col23_val00181,col24_val00181,col25_val00181,col26_val00181,col27_val00181,col28_val00181,col29_val00181
col0_val00182,col1_val00182,col2_val00182,col3_val00182,col4_val00182,col5_val00182,col6_val00182,col7_val00182,col8_val00182,col9_val00182,col10_val00182,col11_val00182,col12_val00182,col13_val00182,col14_val00182,col15_val00182,col16_val00182,col17_val00182,col18_val00182,col19_val00182,col20_val00182,col21_val00182,col22_val00182,col23_val00182,col24_val00182,col25_val00182,col26_val00182,col27_val00182,col28_val00182,col29_val00182
col0_val00183,col1_val00183,col2_val00183,col3_val00183,col4_val00183,col5_val00183,col6_val00183,col7_val00183,col8_val00183,col9_val00183,col10_val00183,col11_val00183,col12_val00183,col13_val00183,col14_val00183,col15_val00183,col16_val00183,col17_val00183,col18_val00183,col19_val00183,col20_val00183,col21_val00183,col22_val00183,col23_val00183,col24_val00183,col25_val00183,col26_val00183,col27_val00183,col28_val00183,col29_val00183
col0_val00184,col1_val00184,col2_val00184,col3_val00184,col4_val00184,col5_val00184,col6_val00184,col7_val00184,col8_val00184,col9_val00184,col10_val00184,col11_val00184,col12_val00184,col13_val00184,col14_val00184,col15_val00184,col16_val00184,col17_val00184,col18_val00184,col19_val00184,col20_val00184,col21_val00184,col22_val00184,col23_val00184,col24_val00184,col25_val00184,col26_val00184,col27_val00184,col28_val00184,col29_val00184
col0_val00185,col1_val00185,col2_val00185,col3_val00185,col4_val00185,col5_val00185,col6_val00185,col7_val00185,col8_val00185,col9_val00185,col10_val00185,col11_val00185,col12_val00185,col13_val00185,col14_val00185,col15_val00185,col16_val00185,col17_val00185,col18_val00185,col19_val00185,col20_val00185,col21_val00185,col22_val00185,col23_val00185,col24_val00185,col25_val00185,col26_val00185,col27_val00185,col28_val00185,col29_val00185
col0_val00186,col1_val00186,col2_val00186,col3_val00186,col4_val00186,col5_val00186,col6_val00186,col7_val00186,col8_val00186,col9_val00186,col10_val00186,col11_val00186,col12_val00186,col13_val00186,col14_val00186,col15_val00186,col16_val00186,col17_val00186,col18_val00186,col19_val00186,col20_val00186,col21_val00186,col22_val00186,col23_val00186,col24_val00186,col25_val00186,col26_val00186,col27_val00186,col28_val00186,col29_val00186
col0_val00187,col1_val00187,col2_val00187,col3_val00187,col4_val00187,col5_val00187,col6_val00187,col7_val00187,col8_val00187,col9_val00187,col10_val00187,col11_val00187,col12_val00187,col13_val00187,col14_val00187,col15_val00187,col16_val00187,col17_val00187,col18_val00187,col19_val00187,col20_val00187,col21_val00187,col22_val00187,col23_val00187,col24_val00187,col25_val00187,col26_val00187,col27_val00187,col28_val00187,col29_val00187
col0_val00188,col1_val00188,col2_val00188,col3_val00188,col4_val00188,col5_val00188,col6_val00188,col7_val00188,col8_val00188,col9_val00188,col10_val00188,col11_val00188,col12_val00188,col13_val00188,col14_val00188,col15_val00188,col16_val00188,col17_val00188,col18_val00188,col19_val00188,col20_val00188,col21_val00188,col22_val00188,col23_val00188,col24_val00188,col25_val00188,col26_val00188,col27_val00188,col28_val00188,col29_val00188
col0_val00189,col1_val00189,col2_val00189,col3_val00189,col4_val00189,col5_val00189,col6_val00189,col7_val00189,col8_val00189,col9_val00189,col10_val00189,col11_val00189,col12_val00189,col13_val00189,col14_val00189,col15_val00189,col16_val00189,col17_val00189,col18_val00189,col19_val00189,col20_val00189,col21_val00189,col22_val00189,col23_val00189,col24_val00189,col25_val00189,col26_val00189,col27_val00189,col28_val00189,col29_val00189
col0_val00190,col1_val00190,col2_val00190,col3_val00190,col4_val00190,col5_val00190,col6_val00190,col7_val00190,col8_val00190,col9_val00190,col10_val00190,col11_val00190,col12_val00190,col13_val00190,col14_val00190,col15_val00190,col16_val00190,col17_val00190,col18_val00190,col19_val00190,col20_val00190,col21_val00190,col22_val00190,col23_val00190,col24_val00190,col25_val00190,col26_val00190,col27_val00190,col28_val00190,col29_val00190
col0_val00191,col1_val00191,col2_val00191,col3_val00191,col4_val00191,col5_val00191,col6_val00191,col7_val00191,col8_val00191,col9_val00191,col10_val00191,col11_val00191,col12_val00191,col13_val00191,col14_val00191,col15_val00191,col16_val00191,col17_val00191,col18_val00191,col19_val00191,col20_val00191,col21_val00191,col22_val00191,col23_val00191,col24_val00191,col25_val00191,col26_val00191,col27_val00191,col28_val00191,col29_val00191
col0_val00192,col1_val00192,col2_val00192,col3_val00192,col4_val00192,col5_val00192,col6_val00192,col7_val00192,col8_val00192,col9_val00192,col10_val00192,col11_val00192,col12_val00192,col13_val00192,col14_val00192,col15_val00192,col16_val00192,col17_val00192,col18_val00192,col19_val00192,col20_val00192,col21_val00192,col22_val00192,col23_val00192,col24_val00192,col25_val00192,col26_val00192,col27_val00192,col28_val00192,col29_val00192
col0_val00193,col1_val00193,col2_val00193,col3_val00193,col4_val00193,col5_val00193,col6_val00193,col7_val00193,col8_val00193,col9_val00193,col10_val00193,col11_val00193,col12_val00193,col13_val00193,col14_val00193,col15_val00193,col16_val00193,col17_val00193,col18_val00193,col19_val00193,col20_val00193,col21_val00193,col22_val00193,col23_val00193,col24_val00193,col25_val00193,col26_val00193,col27_val00193,col28_val00193,col29_val00193
col0_val00194,col1_val00194,col2_val00194,col3_val00194,col4_val00194,col5_val00194,col6_val00194,col7_val00194,col8_val00194,col9_val00194,col10_val00194,col11_val00194,col12_val00194,col13_val00194,col14_val00194,col15_val00194,col16_val00194,col17_val00194,col18_val00194,col19_val00194,col20_val00194,col21_val00194,col22_val00194,col23_val00194,col24_val00194,col25_val00194,col26_val00194,col27_val00194,col28_val00194,col29_val00194
col0_val00195,col1_val00195,col2_val00195,col3_val00195,col4_val00195,col5_val00195,col6_val00195,col7_val00195,col8_val00195,col9_val00195,col10_val00195,col11_val00195,col12_val00195,col13_val00195,col14_val00195,col15_val00195,col16_val00195,col17_val00195,col18_val00195,col19_val00195,col20_val00195,col21_val00195,col22_val00195,col23_val00195,col24_val00195,col25_val00195,col26_val00195,col27_val00195,col28_val00195,col29_val00195
col0_val00196,col1_val00196,col2_val00196,col3_val00196,col4_val00196,col5_val00196,col6_val00196,col7_val00196,col8_val00196,col9_val00196,col10_val00196,col11_val00196,col12_val00196,col13_val00196,col14_val00196,col15_val00196,col16_val00196,col17_val00196,col18_val00196,col19_val00196,col20_val00196,col21_val00196,col22_val00196,col23_val00196,col24_val00196,col25_val00196,col26_val00196,col27_val00196,col28_val00196,col29_val00196
col0_val00197,col1_val00197,col2_val00197,col3_val00197,col4_val00197,col5_val00197,col6_val00197,col7_val00197,col8_val00197,col9_val00197,col10_val00197,col11_val00197,col12_val00197,col13_val00197,col14_val00197,col15_val00197,col16_val00197,col17_val00197,col18_val00197,col19_val00197,col20_val00197,col21_val00197,col22_val00197,col23_val00197,col24_val00197,col25_val00197,col26_val00197,col27_val00197,col28_val00197,col29_val00197
col0_val00198,col1_val00198,col2_val00198,col3_val00198,col4_val00198,col5_val00198,col6_val00198,col7_val00198,col8_val00198,col9_val00198,col10_val00198,col11_val00198,col12_val00198,col13_val00198,col14_val00198,col15_val00198,col16_val00198,col17_val00198,col18_val00198,col19_val00198,col20_val00198,col21_val00198,col22_val00198,col23_val00198,col24_val00198,col25_val00198,col26_val00198,col27_val00198,col28_val00198,col29_val00198
col0_val00199,col1_val00199,col2_val00199,col3_val00199,col4_val00199,col5_val00199,col6_val00199,col7_val00199,col8_val00199,col9_val00199,col10_val00199,col11_val00199,col12_val00199,col13_val00199,col14_val00199,col15_val00199,col16_val00199,col17_val00199,col18_val00199,col19_val00199,col20_val00199,col21_val00199,col22_val00199,col23_val00199,col24_val00199,col25_val00199,col26_val00199,col27_val00199,col28_val00199,col29_val00199
col0_val00200,col1_val00200,col2_val00200,col3_val00200,col4_val00200,col5_val00200,col6_val00200,col7_val00200,col8_val00200,col9_val00200,col10_val00200,col11_val00200,col12_val00200,col13_val00200,col14_val00200,col15_val00200,col16_val00200,col17_val00200,col18_val00200,col19_val00200,col20_val00200,col21_val00200,col22_val00200,col23_val00200,col24_val00200,col25_val00200,col26_val00200,col27_val00200,col28_val00200,col29_val00200
col0_val00201,col1_val00201,col2_val00201,col3_val00201,col4_val00201,col5_val00201,col6_val00201,col7_val00201,col8_val00201,col9_val00201,col10_val00201,col11_val00201,col12_val00201,col13_val00201,col14_val00201,col15_val00201,col16_val00201,col17_val00201,col18_val00201,col19_val00201,col20_val00201,col21_val00201,col22_val00201,col23_val00201,col24_val00201,col25_val00201,col26_val00201,col27_val00201,col28_val00201,col29_val00201
col0_val00202,col1_val00202,col2_val00202,col3_val00202,col4_val00202,col5_val00202,col6_val00202,col7_val00202,col8_val00202,col9_val00202,col10_val00202,col11_val00202,col12_val00202,col13_val00202,col14_val00202,col15_val00202,col16_val00202,col17_val00202,col18_val00202,col19_val00202,col20_val00202,col21_val00202,col22_val00202,col23_val00202,col24_val00202,col25_val00202,col26_val00202,col27_val00202,col28_val00202,col29_val00202
col0_val00203,col1_val00203,col2_val00203,col3_val00203,col4_val00203,col5_val00203,col6_val00203,col7_val00203,col8_val00203,col9_val00203,col10_val00203,col11_val00203,col12_val00203,col13_val00203,col14_val00203,col15_val00203,col16_val00203,col17_val00203,col18_val00203,col19_val00203,col20_val00203,col21_val00203,col22_val00203,col23_val00203,col24_val00203,col25_val00203,col26_val00203,col27_val00203,col28_val00203,col29_val00203
col0_val00204,col1_val00204,col2_val00204,col3_val00204,col4_val00204,col5_val00204,col6_val00204,col7_val00204,col8_val00204,col9_val00204,col10_val00204,col11_val00204,col12_val00204,col13_val00204,col14_val00204,col15_val00204,col16_val00204,col17_val00204,col18_val00204,col19_val00204,col20_val00204,col21_val00204,col22_val00204,col23_val00204,col24_val00204,col25_val00204,col26_val00204,col27_val00204,col28_val00204,col29_val00204
col0_val00205,col1_val00205,col2_val00205,col3_val00205,col4_val00205,col5_val00205,col6_val00205,col7_val00205,col8_val00205,col9_val00205,col10_val00205,col11_val00205,col12_val00205,col13_val00205,col14_val00205,col15_val00205,col16_val00205,col17_val00205,col18_val00205,col19_val00205,col20_val00205,col21_val00205,col22_val00205,col23_val00205,col24_val00205,col25_val00205,col26_val00205,col27_val00205,col28_val00205,col29_val00205
col0_val00206,col1_val00206,col2_val00206,col3_val00206,col4_val00206,col5_val00206,col6_val00206,col7_val00206,col8_val00206,col9_val00206,col10_val00206,col11_val00206,col12_val00206,col13_val00206,col14_val00206,col15_val00206,col16_val00206,col17_val00206,col18_val00206,col19_val00206,col20_val00206,col21_val00206,col22_val00206,col23_val00206,col24_val00206,col25_val00206,col26_val00206,col27_val00206,col28_val00206,col29_val00206
col0_val00207,col1_val00207,col2_val00207,col3_val00207,col4_val00207,col5_val00207,col6_val00207,col7_val00207,col8_val00207,col9_val00207,col10_val00207,col11_val00207,col12_val00207,col13_val00207,col14_val00207,col15_val00207,col16_val00207,col17_val00207,col18_val00207,col19_val00207,col20_val00207,col21_val00207,col22_val00207,col23_val00207,col24_val00207,col25_val00207,col26_val00207,col27_val00207,col28_val00207,col29_val00207
col0_val00208,col1_val00208,col2_val00208,col3_val00208,col4_val00208,col5_val00208,col6_val00208,col7_val00208,col8_val00208,col9_val00208,col10_val00208,col11_val00208,col12_val00208,col13_val00208,col14_val00208,col15_val00208,col16_val00208,col17_val00208,col18_val00208,col19_val00208,col20_val00208,col21_val00208,col22_val00208,col23_val00208,col24_val00208,col25_val00208,col26_val00208,col27_val00208,col28_val00208,col29_val00208
col0_val00209,col1_val00209,col2_val00209,col3_val00209,col4_val00209,col5_val00209,col6_val00209,col7_val00209,col8_val00209,col9_val00209,col10_val00209,col11_val00209,col12_val00209,col13_val00209,col14_val00209,col15_val00209,col16_val00209,col17_val00209,col18_val00209,col19_val00209,col20_val00209,col21_val00209,col22_val00209,col23_val00209,col24_val00209,col25_val00209,col26_val00209,col27_val00209,col28_val00209,col29_val00209
col0_val00210,col1_val00210,col2_val00210,col3_val00210,col4_val00210,col5_val00210,col6_val00210,col7_val00210,col8_val00210,col9_val00210,col10_val00210,col11_val00210,col12_val00210,col13_val00210,col14_val00210,col15_val00210,col16_val00210,col17_val00210,col18_val00210,col19_val00210,col20_val00210,col21_val00210,col22_val00210,col23_val00210,col24_val00210,col25_val00210,col26_val00210,col27_val00210,col28_val00210,col29_val00210
col0_val00211,col1_val00211,col2_val00211,col3_val00211,col4_val00211,col5_val00211,col6_val00211,col7_val00211,col8_val00211,col9_val00211,col10_val00211,col11_val00211,col12_val00211,col13_val00211,col14_val00211,col15_val00211,col16_val00211,col17_val00211,col18_val00211,col19_val00211,col20_val00211,col21_val00211,col22_val00211,col23_val00211,col24_val00211,col25_val00211,col26_val00211,col27_val00211,col28_val00211,col29_val00211
col0_val00212,col1_val00212,col2_val00212,col3_val00212,col4_val00212,col5_val00212,col6_val00212,col7_val00212,col8_val00212,col9_val00212,col10_val00212,col11_val00212,col12_val00212,col13_val00212,col14_val00212,col15_val00212,col16_val00212,col17_val00212,col18_val00212,col19_val00212,col20_val00212,col21_val00212,col22_val00212,col23_val00212,col24_val00212,col25_val00212,col26_val00212,col27_val00212,col28_val00212,col29_val00212
col0_val00213,col1_val00213,col2_val00213,col3_val00213,col4_val00213,col5_val00213,col6_val00213,col7_val00213,col8_val00213,col9_val00213,col10_val00213,col11_val00213,col12_val00213,col13_val00213,col14_val00213,col15_val00213,col16_val00213,col17_val00213,col18_val00213,col19_val00213,col20_val00213,col21_val00213,col22_val00213,col23_val00213,col24_val00213,col25_val00213,col26_val00213,col27_val00213,col28_val00213,col29_val00213
col0_val00214,col1_val00214,col2_val00214,col3_val00214,col4_val00214,col5_val00214,col6_val00214,col7_val00214,col8_val00214,col9_val00214,col10_val00214,col11_val00214,col12_val00214,col13_val00214,col14_val00214,col15_val00214,col16_val00214,col17_val00214,col18_val00214,col19_val00214,col20_val00214,col21_val00214,col22_val00214,col23_val00214,col24_val00214,col25_val00214,col26_val00214,col27_val00214,col28_val00214,col29_val00214
col0_val00215,col1_val00215,col2_val00215,col3_val00215,col4_val00215,col5_val00215,col6_val00215,col7_val00215,col8_val00215,col9_val00215,col10_val00215,col11_val00215,col12_val00215,col13_val00215,col14_val00215,col15_val00215,col16_val00215,col17_val00215,col18_val00215,col19_val00215,col20_val00215,col21_val00215,col22_val00215,col23_val00215,col24_val00215,col25_val00215,col26_val00215,col27_val00215,col28_val00215,col29_val00215
col0_val00216,col1_val00216,col2_val00216,col3_val00216,col4_val00216,col5_val00216,col6_val00216,col7_val00216,col8_val00216,col9_val00216,col10_val00216,col11_val00216,col12_val00216,col13_val00216,col14_val00216,col15_val00216,col16_val00216,col17_val00216,col18_val00216,col19_val00216,col20_val00216,col21_val00216,col22_val00216,col23_val00216,col24_val00216,col25_val00216,col26_val00216,col27_val00216,col28_val00216,col29_val00216
col0_val00217,col1_val00217,col2_val00217,col3_val00217,col4_val00217,col5_val00217,col6_val00217,col7_val00217,col8_val00217,col9_val00217,col10_val00217,col11_val00217,col12_val00217,col13_val00217,col14_val00217,col15_val00217,col16_val00217,col17_val00217,col18_val00217,col19_val00217,col20_val00217,col21_val00217,col22_val00217,col23_val00217,col24_val00217,col25_val00217,col26_val00217,col27_val00217,col28_val00217,col29_val00217
col0_val00218,col1_val00218,col2_val00218,col3_val00218,col4_val00218,col5_val00218,col6_val00218,col7_val00218,col8_val00218,col9_val00218,col10_val00218,col11_val00218,col12_val00218,col13_val00218,col14_val00218,col15_val00218,col16_val00218,col17_val00218,col18_val00218,col19_val00218,col20_val00218,col21_val00218,col22_val00218,col23_val00218,col24_val00218,col25_val00218,col26_val00218,col27_val00218,col28_val00218,col29_val00218
col0_val00219,col1_val00219,col2_val00219,col3_val00219,col4_val00219,col5_val00219,col6_val00219,col7_val00219,col8_val00219,col9_val00219,col10_val00219,col11_val00219,col12_val00219,col13_val00219,col14_val00219,col15_val00219,col16_val00219,col17_val00219,col18_val00219,col19_val00219,col20_val00219,col21_val00219,col22_val00219,col23_val00219,col24_val00219,col25_val00219,col26_val00219,col27_val00219,col28_val00219,col29_val00219
col0_val00220,col1_val00220,col2_val00220,col3_val00220,col4_val00220,col5_val00220,col6_val00220,col7_val00220,col8_val00220,col9_val00220,col10_val00220,col11_val00220,col12_val00220,col13_val00220,col14_val00220,col15_val00220,col16_val00220,col17_val00220,col18_val00220,col19_val00220,col20_val00220,col21_val00220,col22_val00220,col23_val00220,col24_val00220,col25_val00220,col26_val00220,col27_val00220,col28_val00220,col29_val00220
col0_val00221,col1_val00221,col2_val00221,col3_val00221,col4_val00221,col5_val00221,col6_val00221,col7_val00221,col8_val00221,col9_val00221,col10_val00221,col11_val00221,col12_val00221,col13_val00221,col14_val00221,col15_val00221,col16_val00221,col17_val00221,col18_val00221,col19_val00221,col20_val00221,col21_val00221,col22_val00221,col23_val00221,col24_val00221,col25_val00221,col26_val00221,col27_val00221,col28_val00221,col29_val00221
col0_val00222,col1_val00222,col2_val00222,col3_val00222,col4_val00222,col5_val00222,col6_val00222,col7_val00222,col8_val00222,col9_val00222,col10_val00222,col11_val00222,col12_val00222,col13_val00222,col14_val00222,col15_val00222,col16_val00222,col17_val00222,col18_val00222,col19_val00222,col20_val00222,col21_val00222,col22_val00222,col23_val00222,col24_val00222,col25_val00222,col26_val00222,col27_val00222,col28_val00222,col29_val00222
col0_val00223,col1_val00223,col2_val00223,col3_val00223,col4_val00223,col5_val00223,col6_val00223,col7_val00223,col8_val00223,col9_val00223,col10_val00223,col11_val00223,col12_val00223,col13_val00223,col14_val00223,col15_val00223,col16_val00223,col17_val00223,col18_val00223,col19_val00223,col20_val00223,col21_val00223,col22_val00223,col23_val00223,col24_val00223,col25_val00223,col26_val00223,col27_val00223,col28_val00223,col29_val00223
col0_val00224,col1_val00224,col2_val00224,col3_val00224,col4_val00224,col5_val00224,col6_val00224,col7_val00224,col8_val00224,col9_val00224,col10_val00224,col11_val00224,col12_val00224,col13_val00224,col14_val00224,col15_val00224,col16_val00224,col17_val00224,col18_val00224,col19_val00224,col20_val00224,col21_val00224,col22_val00224,col23_val00224,col24_val00224,col25_val00224,col26_val00224,col27_val00224,col28_val00224,col29_val00224
col0_val00225,col1_val00225,col2_val00225,col3_val00225,col4_val00225,col5_val00225,col6_val00225,col7_val00225,col8_val00225,col9_val00225,col10_val00225,col11_val00225,col12_val00225,col13_val00225,col14_val00225,col15_val00225,col16_val00225,col17_val00225,col18_val00225,col19_val00225,col20_val00225,col21_val00225,col22_val00225,col23_val00225,col24_val00225,col25_val00225,col26_val00225,col27_val00225,col28_val00225,col29_val00225
col0_val00226,col1_val00226,col2_val00226,col3_val00226,col4_val00226,col5_val00226,col6_val00226,col7_val00226,col8_val00226,col9_val00226,col10_val00226,col11_val00226,col12_val00226,col13_val00226,col14_val00226,col15_val00226,col16_val00226,col17_val00226,col18_val00226,col19_val00226,col20_val00226,col21_val00226,col22_val00226,col23_val00226,col24_val00226,col25_val00226,col26_val00226,col27_val00226,col28_val00226,col29_val00226
col0_val00227,col1_val00227,col2_val00227,col3_val00227,col4_val00227,col5_val00227,col6_val00227,col7_val00227,col8_val00227,col9_val00227,col10_val00227,col11_val00227,col12_val00227,col13_val00227,col14_val00227,col15_val00227,col16_val00227,col17_val00227,col18_val00227,col19_val00227,col20_val00227,col21_val00227,col22_val00227,col23_val00227,col24_val00227,col25_val00227,col26_val00227,col27_val00227,col28_val00227,col29_val00227
col0_val00228,col1_val00228,col2_val00228,col3_val00228,col4_val00228,col5_val00228,col6_val00228,col7_val00228,col8_val00228,col9_val00228,col10_val00228,col11_val00228,col12_val00228,col13_val00228,col14_val00228,col15_val00228,col16_val00228,col17_val00228,col18_val00228,col19_val00228,col20_val00228,col21_val00228,col22_val00228,col23_val00228,col24_val00228,col25_val00228,col26_val00228,col27_val00228,col28_val00228,col29_val00228
col0_val00229,col1_val00229,col2_val00229,col3_val00229,col4_val00229,col5_val00229,col6_val00229,col7_val00229,col8_val00229,col9_val00229,col10_val00229,col11_val00229,col12_val00229,col13_val00229,col14_val00229,col15_val00229,col16_val00229,col17_val00229,col18_val00229,col19_val00229,col20_val00229,col21_val00229,col22_val00229,col23_val00229,col24_val00229,col25_val00229,col26_val00229,col27_val00229,col28_val00229,col29_val00229
col0_val00230,col1_val00230,col2_val00230,col3_val00230,col4_val00230,col5_val00230,col6_val00230,col7_val00230,col8_val00230,col9_val00230,col10_val00230,col11_val00230,col12_val00230,col13_val00230,col14_val00230,col15_val00230,col16_val00230,col17_val00230,col18_val00230,col19_val00230,col20_val00230,col21_val00230,col22_val00230,col23_val00230,col24_val00230,col25_val00230,col26_val00230,col27_val00230,col28_val00230,col29_val00230
col0_val00231,col1_val00231,col2_val00231,col3_val00231,col4_val00231,col5_val00231,col6_val00231,col7_val00231,col8_val00231,col9_val00231,col10_val00231,col11_val00231,col12_val00231,col13_val00231,col14_val00231,col15_val00231,col16_val00231,col17_val00231,col18_val00231,col19_val00231,col20_val00231,col21_val00231,col22_val00231,col23_val00231,col24_val00231,col25_val00231,col26_val00231,col27_val00231,col28_val00231,col29_val00231
col0_val00232,col1_val00232,col2_val00232,col3_val00232,col4_val00232,col5_val00232,col6_val00232,col7_val00232,col8_val00232,col9_val00232,col10_val00232,col11_val00232,col12_val00232,col13_val00232,col14_val00232,col15_val00232,col16_val00232,col17_val00232,col18_val00232,col19_val00232,col20_val00232,col21_val00232,col22_val00232,col23_val00232,col24_val00232,col25_val00232,col26_val00232,col27_val00232,col28_val00232,col29_val00232
col0_val00233,col1_val00233,col2_val00233,col3_val00233,col4_val00233,col5_val00233,col6_val00233,col7_val00233,col8_val00233,col9_val00233,col10_val00233,col11_val00233,col12_val00233,col13_val00233,col14_val00233,col15_val00233,col16_val00233,col17_val00233,col18_val00233,col19_val00233,col20_val00233,col21_val00233,col22_val00233,col23_val00233,col24_val00233,col25_val00233,col26_val00233,col27_val00233,col28_val00233,col29_val00233
col0_val00234,col1_val00234,col2_val00234,col3_val00234,col4_val00234,col5_val00234,col6_val00234,col7_val00234,col8_val00234,col9_val00234,col10_val00234,col11_val00234,col12_val00234,col13_val00234,col14_val00234,col15_val00234,col16_val00234,col17_val00234,col18_val00234,col19_val00234,col20_val00234,col21_val00234,col22_val00234,col23_val00234,col24_val00234,col25_val00234,col26_val00234,col27_val00234,col28_val00234,col29_val00234
col0_val00235,col1_val00235,col2_val00235,col3_val00235,col4_val00235,col5_val00235,col6_val00235,col7_val00235,col8_val00235,col9_val00235,col10_val00235,col11_val00235,col12_val00235,col13_val00235,col14_val00235,col15_val00235,col16_val00235,col17_val00235,col18_val00235,col19_val00235,col20_val00235,col21_val00235,col22_val00235,col23_val00235,col24_val00235,col25_val00235,col26_val00235,col27_val00235,col28_val00235,col29_val00235
col0_val00236,col1_val00236,col2_val00236,col3_val00236,col4_val00236,col5_val00236,col6_val00236,col7_val00236,col8_val00236,col9_val00236,col10_val00236,col11_val00236,col12_val00236,col13_val00236,col14_val00236,col15_val00236,col16_val00236,col17_val00236,col18_val00236,col19_val00236,col20_val00236,col21_val00236,col22_val00236,col23_val00236,col24_val00236,col25_val00236,col26_val00236,col27_val00236,col28_val00236,col29_val00236
col0_val00237,col1_val00237,col2_val00237,col3_val00237,col4_val00237,col5_val00237,col6_val00237,col7_val00237,col8_val00237,col9_val00237,col10_val00237,col11_val00237,col12_val00237,col13_val00237,col14_val00237,col15_val00237,col16_val00237,col17_val00237,col18_val00237,col19_val00237,col20_val00237,col21_val00237,col22_val00237,col23_val00237,col24_val00237,col25_val00237,col26_val00237,col27_val00237,col28_val00237,col29_val00237
col0_val00238,col1_val00238,col2_val00238,col3_val00238,col4_val00238,col5_val00238,col6_val00238,col7_val00238,col8_val00238,col9_val00238,col10_val00238,col11_val00238,col12_val00238,col13_val00238,col14_val00238,col15_val00238,col16_val00238,col17_val00238,col18_val00238,col19_val00238,col20_val00238,col21_val00238,col22_val00238,col23_val00238,col24_val00238,col25_val00238,col26_val00238,col27_val00238,col28_val00238,col29_val00238
col0_val00239,col1_val00239,col2_val00239,col3_val00239,col4_val00239,col5_val00239,col6_val00239,col7_val00239,col8_val00239,col9_val00239,col10_val00239,col11_val00239,col12_val00239,col13_val00239,col14_val00239,col15_val00239,col16_val00239,col17_val00239,col18_val00239,col19_val00239,col20_val00239,col21_val00239,col22_val00239,col23_val00239,col24_val00239,col25_val00239,col26_val00239,col27_val00239,col28_val00239,col29_val00239
col0_val00240,col1_val00240,col2_val00240,col3_val00240,col4_val00240,col5_val00240,col6_val00240,col7_val00240,col8_val00240,col9_val00240,col10_val00240,col11_val00240,col12_val00240,col13_val00240,col14_val00240,col15_val00240,col16_val00240,col17_val00240,col18_val00240,col19_val00240,col20_val00240,col21_val00240,col22_val00240,col23_val00240,col24_val00240,col25_val00240,col26_val00240,col27_val00240,col28_val00240,col29_val00240
col0_val00241,col1_val00241,col2_val00241,col3_val00241,col4_val00241,col5_val00241,col6_val00241,col7_val00241,col8_val00241,col9_val00241,col10_val00241,col11_val00241,col12_val00241,col13_val00241,col14_val00241,col15_val00241,col16_val00241,col17_val00241,col18_val00241,col19_val00241,col20_val00241,col21_val00241,col22_val00241,col23_val00241,col24_val00241,col25_val00241,col26_val00241,col27_val00241,col28_val00241,col29_val00241
col0_val00242,col1_val00242,col2_val00242,col3_val00242,col4_val00242,col5_val00242,col6_val00242,col7_val00242,col8_val00242,col9_val00242,col10_val00242,col11_val00242,col12_val00242,col13_val00242,col14_val00242,col15_val00242,col16_val00242,col17_val00242,col18_val00242,col19_val00242,col20_val00242,col21_val00242,col22_val00242,col23_val00242,col24_val00242,col25_val00242,col26_val00242,col27_val00242,col28_val00242,col29_val00242
col0_val00243,col1_val00243,col2_val00243,col3_val00243,col4_val00243,col5_val00243,col6_val00243,col7_val00243,col8_val00243,col9_val00243,col10_val00243,col11_val00243,col12_val00243,col13_val00243,col14_val00243,col15_val00243,col16_val00243,col17_val00243,col18_val00243,col19_val00243,col20_val00243,col21_val00243,col22_val00243,col23_val00243,col24_val00243,col25_val00243,col26_val00243,col27_val00243,col28_val00243,col29_val00243
col0_val00244,col1_val00244,col2_val00244,col3_val00244,col4_val00244,col5_val00244,col6_val00244,col7_val00244,col8_val00244,col9_val00244,col10_val00244,col11_val00244,col12_val00244,col13_val00244,col14_val00244,col15_val00244,col16_val00244,col17_val00244,col18_val00244,col19_val00244,col20_val00244,col21_val00244,col22_val00244,col23_val00244,col24_val00244,col25_val00244,col26_val00244,col27_val00244,col28_val00244,col29_val00244
col0_val00245,col1_val00245,col2_val00245,col3_val00245,col4_val00245,col5_val00245,col6_val00245,col7_val00245,col8_val00245,col9_val00245,col10_val00245,col11_val00245,col12_val00245,col13_val00245,col14_val00245,col15_val00245,col16_val00245,col17_val00245,col18_val00245,col19_val00245,col20_val00245,col21_val00245,col22_val00245,col23_val00245,col24_val00245,col25_val00245,col26_val00245,col27_val00245,col28_val00245,col29_val00245
col0_val00246,col1_val00246,col2_val00246,col3_val00246,col4_val00246,col5_val00246,col6_val00246,col7_val00246,col8_val00246,col9_val00246,col10_val00246,col11_val00246,col12_val00246,col13_val00246,col14_val00246,col15_val00246,col16_val00246,col17_val00246,col18_val00246,col19_val00246,col20_val00246,col21_val00246,col22_val00246,col23_val00246,col24_val00246,col25_val00246,col26_val00246,col27_val00246,col28_val00246,col29_val00246
col0_val00247,col1_val00247,col2_val00247,col3_val00247,col4_val00247,col5_val00247,col6_val00247,col7_val00247,col8_val00247,col9_val00247,col10_val00247,col11_val00247,col12_val00247,col13_val00247,col14_val00247,col15_val00247,col16_val00247,col17_val00247,col18_val00247,col19_val00247,col20_val00247,col21_val00247,col22_val00247,col23_val00247,col24_val00247,col25_val00247,col26_val00247,col27_val00247,col28_val00247,col29_val00247
col0_val00248,col1_val00248,col2_val00248,col3_val00248,col4_val00248,col5_val00248,col6_val00248,col7_val00248,col8_val00248,col9_val00248,col10_val00248,col11_val00248,col12_val00248,col13_val00248,col14_val00248,col15_val00248,col16_val00248,col17_val00248,col18_val00248,col19_val00248,col20_val00248,col21_val00248,col22_val00248,col23_val00248,col24_val00248,col25_val00248,col26_val00248,col27_val00248,col28_val00248,col29_val00248
col0_val00249,col1_val00249,col2_val00249,col3_val00249,col4_val00249,col5_val00249,col6_val00249,col7_val00249,col8_val00249,col9_val00249,col10_val00249,col11_val00249,col12_val00249,col13_val00249,col14_val00249,col15_val00249,col16_val00249,col17_val00249,col18_val00249,col19_val00249,col20_val00249,col21_val00249,col22_val00249,col23_val00249,col24_val00249,col25_val00249,col26_val00249,col27_val00249,col28_val00249,col29_val00249
col0_val00250,col1_val00250,col2_val00250,col3_val00250,col4_val00250,col5_val00250,col6_val00250,col7_val00250,col8_val00250,col9_val00250,col10_val00250,col11_val00250,col12_val00250,col13_val00250,col14_val00250,col15_val00250,col16_val00250,col17_val00250,col18_val00250,col19_val00250,col20_val00250,col21_val00250,col22_val00250,col23_val00250,col24_val00250,col25_val00250,col26_val00250,col27_val00250,col28_val00250,col29_val00250
col0_val00251,col1_val00251,col2_val00251,col3_val00251,col4_val00251,col5_val00251,col6_val00251,col7_val00251,col8_val00251,col9_val00251,col10_val00251,col11_val00251,col12_val00251,col13_val00251,col14_val00251,col15_val00251,col16_val00251,col17_val00251,col18_val00251,col19_val00251,col20_val00251,col21_val00251,col22_val00251,col23_val00251,col24_val00251,col25_val00251,col26_val00251,col27_val00251,col28_val00251,col29_val00251
col0_val00252,col1_val00252,col2_val00252,col3_val00252,col4_val00252,col5_val00252,col6_val00252,col7_val00252,col8_val00252,col9_val00252,col10_val00252,col11_val00252,col12_val00252,col13_val00252,col14_val00252,col15_val00252,col16_val00252,col17_val00252,col18_val00252,col19_val00252,col20_val00252,col21_val00252,col22_val00252,col23_val00252,col24_val00252,col25_val00252,col26_val00252,col27_val00252,col28_val00252,col29_val00252
col0_val00253,col1_val00253,col2_val00253,col3_val00253,col4_val00253,col5_val00253,col6_val00253,col7_val00253,col8_val00253,col9_val00253,col10_val00253,col11_val00253,col12_val00253,col13_val00253,col14_val00253,col15_val00253,col16_val00253,col17_val00253,col18_val00253,col19_val00253,col20_val00253,col21_val00253,col22_val00253,col23_val00253,col24_val00253,col25_val00253,col26_val00253,col27_val00253,col28_val00253,col29_val00253
col0_val00254,col1_val00254,col2_val00254,col3_val00254,col4_val00254,col5_val00254,col6_val00254,col7_val00254,col8_val00254,col9_val00254,col10_val00254,col11_val00254,col12_val00254,col13_val00254,col14_val00254,col15_val00254,col16_val00254,col17_val00254,col18_val00254,col19_val00254,col20_val00254,col21_val00254,col22_val00254,col23_val00254,col24_val00254,col25_val00254,col26_val00254,col27_val00254,col28_val00254,col29_val00254
col0_val00255,col1_val00255,col2_val00255,col3_val00255,col4_val00255,col5_val00255,col6_val00255,col7_val00255,col8_val00255,col9_val00255,col10_val00255,col11_val00255,col12_val00255,col13_val00255,col14_val00255,col15_val00255,col16_val00255,col17_val00255,col18_val00255,col19_val00255,col20_val00255,col21_val00255,col22_val00255,col23_val00255,col24_val00255,col25_val00255,col26_val00255,col27_val00255,col28_val00255,col29_val00255
col0_val00256,col1_val00256,col2_val00256,col3_val00256,col4_val00256,col5_val00256,col6_val00256,col7_val00256,col8_val00256,col9_val00256,col10_val00256,col11_val00256,col12_val00256,col13_val00256,col14_val00256,col15_val00256,col16_val00256,col17_val00256,col18_val00256,col19_val00256,col20_val00256,col21_val00256,col22_val00256,col23_val00256,col24_val00256,col25_val00256,col26_val00256,col27_val00256,col28_val00256,col29_val00256
col0_val00257,col1_val00257,col2_val00257,col3_val00257,col4_val00257,col5_val00257,col6_val00257,col7_val00257,col8_val00257,col9_val00257,col10_val00257,col11_val00257,col12_val00257,col13_val00257,col14_val00257,col15_val00257,col16_val00257,col17_val00257,col18_val00257,col19_val00257,col20_val00257,col21_val00257,col22_val00257,col23_val00257,col24_val00257,col25_val00257,col26_val00257,col27_val00257,col28_val00257,col29_val00257
col0_val00258,col1_val00258,col2_val00258,col3_val00258,col4_val00258,col5_val00258,col6_val00258,col7_val00258,col8_val00258,col9_val00258,col10_val00258,col11_val00258,col12_val00258,col13_val00258,col14_val00258,col15_val00258,col16_val00258,col17_val00258,col18_val00258,col19_val00258,col20_val00258,col21_val00258,col22_val00258,col23_val00258,col24_val00258,col25_val00258,col26_val00258,col27_val00258,col28_val00258,col29_val00258
col0_val00259,col1_val00259,col2_val00259,col3_val00259,col4_val00259,col5_val00259,col6_val00259,col7_val00259,col8_val00259,col9_val00259,col10_val00259,col11_val00259,col12_val00259,col13_val00259,col14_val00259,col15_val00259,col16_val00259,col17_val00259,col18_val00259,col19_val00259,col20_val00259,col21_val00259,col22_val00259,col23_val00259,col24_val00259,col25_val00259,col26_val00259,col27_val00259,col28_val00259,col29_val00259
col0_val00260,col1_val00260,col2_val00260,col3_val00260,col4_val00260,col5_val00260,col6_val00260,col7_val00260,col8_val00260,col9_val00260,col10_val00260,col11_val00260,col12_val00260,col13_val00260,col14_val00260,col15_val00260,col16_val00260,col17_val00260,col18_val00260,col19_val00260,col20_val00260,col21_val00260,col22_val00260,col23_val00260,col24_val00260,col25_val00260,col26_val00260,col27_val00260,col28_val00260,col29_val00260
col0_val00261,col1_val00261,col2_val00261,col3_val00261,col4_val00261,col5_val00261,col6_val00261,col7_val00261,col8_val00261,col9_val00261,col10_val00261,col11_val00261,col12_val00261,col13_val00261,col14_val00261,col15_val00261,col16_val00261,col17_val00261,col18_val00261,col19_val00261,col20_val00261,col21_val00261,col22_val00261,col23_val00261,col24_val00261,col25_val00261,col26_val00261,col27_val00261,col28_val00261,col29_val00261
col0_val00262,col1_val00262,col2_val00262,col3_val00262,col4_val00262,col5_val00262,col6_val00262,col7_val00262,col8_val00262,col9_val00262,col10_val00262,col11_val00262,col12_val00262,col13_val00262,col14_val00262,col15_val00262,col16_val00262,col17_val00262,col18_val00262,col19_val00262,col20_val00262,col21_val00262,col22_val00262,col23_val00262,col24_val00262,col25_val00262,col26_val00262,col27_val00262,col28_val00262,col29_val00262
col0_val00263,col1_val00263,col2_val00263,col3_val00263,col4_val00263,col5_val00263,col6_val00263,col7_val00263,col8_val00263,col9_val00263,col10_val00263,col11_val00263,col12_val00263,col13_val00263,col14_val00263,col15_val00263,col16_val00263,col17_val00263,col18_val00263,col19_val00263,col20_val00263,col21_val00263,col22_val00263,col23_val00263,col24_val00263,col25_val00263,col26_val00263,col27_val00263,col28_val00263,col29_val00263
col0_val00264,col1_val00264,col2_val00264,col3_val00264,col4_val00264,col5_val00264,col6_val00264,col7_val00264,col8_val00264,col9_val00264,col10_val00264,col11_val00264,col12_val00264,col13_val00264,col14_val00264,col15_val00264,col16_val00264,col17_val00264,col18_val00264,col19_val00264,col20_val00264,col21_val00264,col22_val00264,col23_val00264,col24_val00264,col25_val00264,col26_val00264,col27_val00264,col28_val00264,col29_val00264
col0_val00265,col1_val00265,col2_val00265,col3_val00265,col4_val00265,col5_val00265,col6_val00265,col7_val00265,col8_val00265,col9_val00265,col10_val00265,col11_val00265,col12_val00265,col13_val00265,col14_val00265,col15_val00265,col16_val00265,col17_val00265,col18_val00265,col19_val00265,col20_val00265,col21_val00265,col22_val00265,col23_val00265,col24_val00265,col25_val00265,col26_val00265,col27_val00265,col28_val00265,col29_val00265
col0_val00266,col1_val00266,col2_val00266,col3_val00266,col4_val00266,col5_val00266,col6_val00266,col7_val00266,col8_val00266,col9_val00266,col10_val00266,col11_val00266,col12_val00266,col13_val00266,col14_val00266,col15_val00266,col16_val00266,col17_val00266,col18_val00266,col19_val00266,col20_val00266,col21_val00266,col22_val00266,col23_val00266,col24_val00266,col25_val00266,col26_val00266,col27_val00266,col28_val00266,col29_val00266
col0_val00267,col1_val00267,col2_val00267,col3_val00267,col4_val00267,col5_val00267,col6_val00267,col7_val00267,col8_val00267,col9_val00267,col10_val00267,col11_val00267,col12_val00267,col13_val00267,col14_val00267,col15_val00267,col16_val00267,col17_val00267,col18_val00267,col19_val00267,col20_val00267,col21_val00267,col22_val00267,col23_val00267,col24_val00267,col25_val00267,col26_val00267,col27_val00267,col28_val00267,col29_val00267
col0_val00268,col1_val00268,col2_val00268,col3_val00268,col4_val00268,col5_val00268,col6_val00268,col7_val00268,col8_val00268,col9_val00268,col10_val00268,col11_val00268,col12_val00268,col13_val00268,col14_val00268,col15_val00268,col16_val00268,col17_val00268,col18_val00268,col19_val00268,col20_val00268,col21_val00268,col22_val00268,col23_val00268,col24_val00268,col25_val00268,col26_val00268,col27_val00268,col28_val00268,col29_val00268
col0_val00269,col1_val00269,col2_val00269,col3_val00269,col4_val00269,col5_val00269,col6_val00269,col7_val00269,col8_val00269,col9_val00269,col10_val00269,col11_val00269,col12_val00269,col13_val00269,col14_val00269,col15_val00269,col16_val00269,col17_val00269,col18_val00269,col19_val00269,col20_val00269,col21_val00269,col22_val00269,col23_val00269,col24_val00269,col25_val00269,col26_val00269,col27_val00269,col28_val00269,col29_val00269
col0_val00270,col1_val00270,col2_val00270,col3_val00270,col4_val00270,col5_val00270,col6_val00270,col7_val00270,col8_val00270,col9_val00270,col10_val00270,col11_val00270,col12_val00270,col13_val00270,col14_val00270,col15_val00270,col16_val00270,col17_val00270,col18_val00270,col19_val00270,col20_val00270,col21_val00270,col22_val00270,col23_val00270,col24_val00270,col25_val00270,col26_val00270,col27_val00270,col28_val00270,col29_val00270
col0_val00271,col1_val00271,col2_val00271,col3_val00271,col4_val00271,col5_val00271,col6_val00271,col7_val00271,col8_val00271,col9_val00271,col10_val00271,col11_val00271,col12_val00271,col13_val00271,col14_val00271,col15_val00271,col16_val00271,col17_val00271,col18_val00271,col19_val00271,col20_val00271,col21_val00271,col22_val00271,col23_val00271,col24_val00271,col25_val00271,col26_val00271,col27_val00271,col28_val00271,col29_val00271
col0_val00272,col1_val00272,col2_val00272,col3_val00272,col4_val00272,col5_val00272,col6_val00272,col7_val00272,col8_val00272,col9_val00272,col10_val00272,col11_val00272,col12_val00272,col13_val00272,col14_val00272,col15_val00272,col16_val00272,col17_val00272,col18_val00272,col19_val00272,col20_val00272,col21_val00272,col22_val00272,col23_val00272,col24_val00272,col25_val00272,col26_val00272,col27_val00272,col28_val00272,col29_val00272
col0_val00273,col1_val00273,col2_val00273,col3_val00273,col4_val00273,col5_val00273,col6_val00273,col7_val00273,col8_val00273,col9_val00273,col10_val00273,col11_val00273,col12_val00273,col13_val00273,col14_val00273,col15_val00273,col16_val00273,col17_val00273,col18_val00273,col19_val00273,col20_val00273,col21_val00273,col22_val00273,col23_val00273,col24_val00273,col25_val00273,col26_val00273,col27_val00273,col28_val00273,col29_val00273
col0_val00274,col1_val00274,col2_val00274,col3_val00274,col4_val00274,col5_val00274,col6_val00274,col7_val00274,col8_val00274,col9_val00274,col10_val00274,col11_val00274,col12_val00274,col13_val00274,col14_val00274,col15_val00274,col16_val00274,col17_val00274,col18_val00274,col19_val00274,col20_val00274,col21_val00274,col22_val00274,col23_val00274,col24_val00274,col25_val00274,col26_val00274,col27_val00274,col28_val00274,col29_val00274
col0_val00275,col1_val00275,col2_val00275,col3_val00275,col4_val00275,col5_val00275,col6_val00275,col7_val00275,col8_val00275,col9_val00275,col10_val00275,col11_val00275,col12_val00275,col13_val00275,col14_val00275,col15_val00275,col16_val00275,col17_val00275,col18_val00275,col19_val00275,col20_val00275,col21_val00275,col22_val00275,col23_val00275,col24_val00275,col25_val00275,col26_val00275,col27_val00275,col28_val00275,col29_val00275
col0_val00276,col1_val00276,col2_val00276,col3_val00276,col4_val00276,col5_val00276,col6_val00276,col7_val00276,col8_val00276,col9_val00276,col10_val00276,col11_val00276,col12_val00276,col13_val00276,col14_val00276,col15_val00276,col16_val00276,col17_val00276,col18_val00276,col19_val00276,col20_val00276,col21_val00276,col22_val00276,col23_val00276,col24_val00276,col25_val00276,col26_val00276,col27_val00276,col28_val00276,col29_val00276
col0_val00277,col1_val00277,col2_val00277,col3_val00277,col4_val00277,col5_val00277,col6_val00277,col7_val00277,col8_val00277,col9_val00277,col10_val00277,col11_val00277,col12_val00277,col13_val00277,col14_val00277,col15_val00277,col16_val00277,col17_val00277,col18_val00277,col19_val00277,col20_val00277,col21_val00277,col22_val00277,col23_val00277,col24_val00277,col25_val00277,col26_val00277,col27_val00277,col28_val00277,col29_val00277
col0_val00278,col1_val00278,col2_val00278,col3_val00278,col4_val00278,col5_val00278,col6_val00278,col7_val00278,col8_val00278,col9_val00278,col10_val00278,col11_val00278,col12_val00278,col13_val00278,col14_val00278,col15_val00278,col16_val00278,col17_val00278,col18_val00278,col19_val00278,col20_val00278,col21_val00278,col22_val00278,col23_val00278,col24_val00278,col25_val00278,col26_val00278,col27_val00278,col28_val00278,col29_val00278
col0_val00279,col1_val00279,col2_val00279,col3_val00279,col4_val00279,col5_val00279,col6_val00279,col7_val00279,col8_val00279,col9_val00279,col10_val00279,col11_val00279,col12_val00279,col13_val00279,col14_val00279,col15_val00279,col16_val00279,col17_val00279,col18_val00279,col19_val00279,col20_val00279,col21_val00279,col22_val00279,col23_val00279,col24_val00279,col25_val00279,col26_val00279,col27_val00279,col28_val00279,col29_val00279
col0_val00280,col1_val00280,col2_val00280,col3_val00280,col4_val00280,col5_val00280,col6_val00280,col7_val00280,col8_val00280,col9_val00280,col10_val00280,col11_val00280,col12_val00280,col13_val00280,col14_val00280,col15_val00280,col16_val00280,col17_val00280,col18_val00280,col19_val00280,col20_val00280,col21_val00280,col22_val00280,col23_val00280,col24_val00280,col25_val00280,col26_val00280,col27_val00280,col28_val00280,col29_val00280
col0_val00281,col1_val00281,col2_val00281,col3_val00281,col4_val00281,col5_val00281,col6_val00281,col7_val00281,col8_val00281,col9_val00281,col10_val00281,col11_val00281,col12_val00281,col13_val00281,col14_val00281,col15_val00281,col16_val00281,col17_val00281,col18_val00281,col19_val00281,col20_val00281,col21_val00281,col22_val00281,col23_val00281,col24_val00281,col25_val00281,col26_val00281,col27_val00281,col28_val00281,col29_val00281
col0_val00282,col1_val00282,col2_val00282,col3_val00282,col4_val00282,col5_val00282,col6_val00282,col7_val00282,col8_val00282,col9_val00282,col10_val00282,col11_val00282,col12_val00282,col13_val00282,col14_val00282,col15_val00282,col16_val00282,col17_val00282,col18_val00282,col19_val00282,col20_val00282,col21_val00282,col22_val00282,col23_val00282,col24_val00282,col25_val00282,col26_val00282,col27_val00282,col28_val00282,col29_val00282
col0_val00283,col1_val00283,col2_val00283,col3_val00283,col4_val00283,col5_val00283,col6_val00283,col7_val00283,col8_val00283,col9_val00283,col10_val00283,col11_val00283,col12_val00283,col13_val00283,col14_val00283,col15_val00283,col16_val00283,col17_val00283,col18_val00283,col19_val00283,col20_val00283,col21_val00283,col22_val00283,col23_val00283,col24_val00283,col25_val00283,col26_val00283,col27_val00283,col28_val00283,col29_val00283
col0_val00284,col1_val00284,col2_val00284,col3_val00284,col4_val00284,col5_val00284,col6_val00284,col7_val00284,col8_val00284,col9_val00284,col10_val00284,col11_val00284,col12_val00284,col13_val00284,col14_val00284,col15_val00284,col16_val00284,col17_val00284,col18_val00284,col19_val00284,col20_val00284,col21_val00284,col22_val00284,col23_val00284,col24_val00284,col25_val00284,col26_val00284,col27_val00284,col28_val00284,col29_val00284
col0_val00285,col1_val00285,col2_val00285,col3_val00285,col4_val00285,col5_val00285,col6_val00285,col7_val00285,col8_val00285,col9_val00285,col10_val00285,col11_val00285,col12_val00285,col13_val00285,col14_val00285,col15_val00285,col16_val00285,col17_val00285,col18_val00285,col19_val00285,col20_val00285,col21_val00285,col22_val00285,col23_val00285,col24_val00285,col25_val00285,col26_val00285,col27_val00285,col28_val00285,col29_val00285
col0_val00286,col1_val00286,col2_val00286,col3_val00286,col4_val00286,col5_val00286,col6_val00286,col7_val00286,col8_val00286,col9_val00286,col10_val00286,col11_val00286,col12_val00286,col13_val00286,col14_val00286,col15_val00286,col16_val00286,col17_val00286,col18_val00286,col19_val00286,col20_val00286,col21_val00286,col22_val00286,col23_val00286,col24_val00286,col25_val00286,col26_val00286,col27_val00286,col28_val00286,col29_val00286
col0_val00287,col1_val00287,col2_val00287,col3_val00287,col4_val00287,col5_val00287,col6_val00287,col7_val00287,col8_val00287,col9_val00287,col10_val00287,col11_val00287,col12_val00287,col13_val00287,col14_val00287,col15_val00287,col16_val00287,col17_val00287,col18_val00287,col19_val00287,col20_val00287,col21_val00287,col22_val00287,col23_val00287,col24_val00287,col25_val00287,col26_val00287,col27_val00287,col28_val00287,col29_val00287
col0_val00288,col1_val00288,col2_val00288,col3_val00288,col4_val00288,col5_val00288,col6_val00288,col7_val00288,col8_val00288,col9_val00288,col10_val00288,col11_val00288,col12_val00288,col13_val00288,col14_val00288,col15_val00288,col16_val00288,col17_val00288,col18_val00288,col19_val00288,col20_val00288,col21_val00288,col22_val00288,col23_val00288,col24_val00288,col25_val00288,col26_val00288,col27_val00288,col28_val00288,col29_val00288
col0_val00289,col1_val00289,col2_val00289,col3_val00289,col4_val00289,col5_val00289,col6_val00289,col7_val00289,col8_val00289,col9_val00289,col10_val00289,col11_val00289,col12_val00289,col13_val00289,col14_val00289,col15_val00289,col16_val00289,col17_val00289,col18_val00289,col19_val00289,col20_val00289,col21_val00289,col22_val00289,col23_val00289,col24_val00289,col25_val00289,col26_val00289,col27_val00289,col28_val00289,col29_val00289
col0_val00290,col1_val00290,col2_val00290,col3_val00290,col4_val00290,col5_val00290,col6_val00290,col7_val00290,col8_val00290,col9_val00290,col10_val00290,col11_val00290,col12_val00290,col13_val00290,col14_val00290,col15_val00290,col16_val00290,col17_val00290,col18_val00290,col19_val00290,col20_val00290,col21_val00290,col22_val00290,col23_val00290,col24_val00290,col25_val00290,col26_val00290,col27_val00290,col28_val00290,col29_val00290
col0_val00291,col1_val00291,col2_val00291,col3_val00291,col4_val00291,col5_val00291,col6_val00291,col7_val00291,col8_val00291,col9_val00291,col10_val00291,col11_val00291,col12_val00291,col13_val00291,col14_val00291,col15_val00291,col16_val00291,col17_val00291,col18_val00291,col19_val00291,col20_val00291,col21_val00291,col22_val00291,col23_val00291,col24_val00291,col25_val00291,col26_val00291,col27_val00291,col28_val00291,col29_val00291
col0_val00292,col1_val00292,col2_val00292,col3_val00292,col4_val00292,col5_val00292,col6_val00292,col7_val00292,col8_val00292,col9_val00292,col10_val00292,col11_val00292,col12_val00292,col13_val00292,col14_val00292,col15_val00292,col16_val00292,col17_val00292,col18_val00292,col19_val00292,col20_val00292,col21_val00292,col22_val00292,col23_val00292,col24_val00292,col25_val00292,col26_val00292,col27_val00292,col28_val00292,col29_val00292
col0_val00293,col1_val00293,col2_val00293,col3_val00293,col4_val00293,col5_val00293,col6_val00293,col7_val00293,col8_val00293,col9_val00293,col10_val00293,col11_val00293,col12_val00293,col13_val00293,col14_val00293,col15_val00293,col16_val00293,col17_val00293,col18_val00293,col19_val00293,col20_val00293,col21_val00293,col22_val00293,col23_val00293,col24_val00293,col25_val00293,col26_val00293,col27_val00293,col28_val00293,col29_val00293
col0_val00294,col1_val00294,col2_val00294,col3_val00294,col4_val00294,col5_val00294,col6_val00294,col7_val00294,col8_val00294,col9_val00294,col10_val00294,col11_val00294,col12_val00294,col13_val00294,col14_val00294,col15_val00294,col16_val00294,col17_val00294,col18_val00294,col19_val00294,col20_val00294,col21_val00294,col22_val00294,col23_val00294,col24_val00294,col25_val00294,col26_val00294,col27_val00294,col28_val00294,col29_val00294
col0_val00295,col1_val00295,col2_val00295,col3_val00295,col4_val00295,col5_val00295,col6_val00295,col7_val00295,col8_val00295,col9_val00295,col10_val00295,col11_val00295,col12_val00295,col13_val00295,col14_val00295,col15_val00295,col16_val00295,col17_val00295,col18_val00295,col19_val00295,col20_val00295,col21_val00295,col22_val00295,col23_val00295,col24_val00295,col25_val00295,col26_val00295,col27_val00295,col28_val00295,col29_val00295
col0_val00296,col1_val00296,col2_val00296,col3_val00296,col4_val00296,col5_val00296,col6_val00296,col7_val00296,col8_val00296,col9_val00296,col10_val00296,col11_val00296,col12_val00296,col13_val00296,col14_val00296,col15_val00296,col16_val00296,col17_val00296,col18_val00296,col19_val00296,col20_val00296,col21_val00296,col22_val00296,col23_val00296,col24_val00296,col25_val00296,col26_val00296,col27_val00296,col28_val00296,col29_val00296
col0_val00297,col1_val00297,col2_val00297,col3_val00297,col4_val00297,col5_val00297,col6_val00297,col7_val00297,col8_val00297,col9_val00297,col10_val00297,col11_val00297,col12_val00297,col13_val00297,col14_val00297,col15_val00297,col16_val00297,col17_val00297,col18_val00297,col19_val00297,col20_val00297,col21_val00297,col22_val00297,col23_val00297,col24_val00297,col25_val00297,col26_val00297,col27_val00297,col28_val00297,col29_val00297
col0_val00298,col1_val00298,col2_val00298,col3_val00298,col4_val00298,col5_val00298,col6_val00298,col7_val00298,col8_val00298,col9_val00298,col10_val00298,col11_val00298,col12_val00298,col13_val00298,col14_val00298,col15_val00298,col16_val00298,col17_val00298,col18_val00298,col19_val00298,col20_val00298,col21_val00298,col22_val00298,col23_val00298,col24_val00298,col25_val00298,col26_val00298,col27_val00298,col28_val00298,col29_val00298
col0_val00299,col1_val00299,col2_val00299,col3_val00299,col4_val00299,col5_val00299,col6_val00299,col7_val00299,col8_val00299,col9_val00299,col10_val00299,col11_val00299,col12_val00299,col13_val00299,col14_val00299,col15_val00299,col16_val00299,col17_val00299,col18_val00299,col19_val00299,col20_val00299,col21_val00299,col22_val00299,col23_val00299,col24_val00299,col25_val00299,col26_val00299,col27_val00299,col28_val00299,col29_val00299
col0_val00300,col1_val00300,col2_val00300,col3_val00300,col4_val00300,col5_val00300,col6_val00300,col7_val00300,col8_val00300,col9_val00300,col10_val00300,col11_val00300,col12_val00300,col13_val00300,col14_val00300,col15_val00300,col16_val00300,col17_val00300,col18_val00300,col19_val00300,col20_val00300,col21_val00300,col22_val00300,col23_val00300,col24_val00300,col25_val00300,col26_val00300,col27_val00300,col28_val00300,col29_val00300
col0_val00301,col1_val00301,col2_val00301,col3_val00301,col4_val00301,col5_val00301,col6_val00301,col7_val00301,col8_val00301,col9_val00301,col10_val00301,col11_val00301,col12_val00301,col13_val00301,col14_val00301,col15_val00301,col16_val00301,col17_val00301,col18_val00301,col19_val00301,col20_val00301,col21_val00301,col22_val00301,col23_val00301,col24_val00301,col25_val00301,col26_val00301,col27_val00301,col28_val00301,col29_val00301
col0_val00302,col1_val00302,col2_val00302,col3_val00302,col4_val00302,col5_val00302,col6_val00302,col7_val00302,col8_val00302,col9_val00302,col10_val00302,col11_val00302,col12_val00302,col13_val00302,col14_val00302,col15_val00302,col16_val00302,col17_val00302,col18_val00302,col19_val00302,col20_val00302,col21_val00302,col22_val00302,col23_val00302,col24_val00302,col25_val00302,col26_val00302,col27_val00302,col28_val00302,col29_val00302
col0_val00303,col1_val00303,col2_val00303,col3_val00303,col4_val00303,col5_val00303,col6_val00303,col7_val00303,col8_val00303,col9_val00303,col10_val00303,col11_val00303,col12_val00303,col13_val00303,col14_val00303,col15_val00303,col16_val00303,col17_val00303,col18_val00303,col19_val00303,col20_val00303,col21_val00303,col22_val00303,col23_val00303,col24_val00303,col25_val00303,col26_val00303,col27_val00303,col28_val00303,col29_val00303
col0_val00304,col1_val00304,col2_val00304,col3_val00304,col4_val00304,col5_val00304,col6_val00304,col7_val00304,col8_val00304,col9_val00304,col10_val00304,col11_val00304,col12_val00304,col13_val00304,col14_val00304,col15_val00304,col16_val00304,col17_val00304,col18_val00304,col19_val00304,col20_val00304,col21_val00304,col22_val00304,col23_val00304,col24_val00304,col25_val00304,col26_val00304,col27_val00304,col28_val00304,col29_val00304
col0_val00305,col1_val00305,col2_val00305,col3_val00305,col4_val00305,col5_val00305,col6_val00305,col7_val00305,col8_val00305,col9_val00305,col10_val00305,col11_val00305,col12_val00305,col13_val00305,col14_val00305,col15_val00305,col16_val00305,col17_val00305,col18_val00305,col19_val00305,col20_val00305,col21_val00305,col22_val00305,col23_val00305,col24_val00305,col25_val00305,col26_val00305,col27_val00305,col28_val00305,col29_val00305
col0_val00306,col1_val00306,col2_val00306,col3_val00306,col4_val00306,col5_val00306,col6_val00306,col7_val00306,col8_val00306,col9_val00306,col10_val00306,col11_val00306,col12_val00306,col13_val00306,col14_val00306,col15_val00306,col16_val00306,col17_val00306,col18_val00306,col19_val00306,col20_val00306,col21_val00306,col22_val00306,col23_val00306,col24_val00306,col25_val00306,col26_val00306,col27_val00306,col28_val00306,col29_val00306
col0_val00307,col1_val00307,col2_val00307,col3_val00307,col4_val00307,col5_val00307,col6_val00307,col7_val00307,col8_val00307,col9_val00307,col10_val00307,col11_val00307,col12_val00307,col13_val00307,col14_val00307,col15_val00307,col16_val00307,col17_val00307,col18_val00307,col19_val00307,col20_val00307,col21_val00307,col22_val00307,col23_val00307,col24_val00307,col25_val00307,col26_val00307,col27_val00307,col28_val00307,col29_val00307
col0_val00308,col1_val00308,col2_val00308,col3_val00308,col4_val00308,col5_val00308,col6_val00308,col7_val00308,col8_val00308,col9_val00308,col10_val00308,col11_val00308,col12_val00308,col13_val00308,col14_val00308,col15_val00308,col16_val00308,col17_val00308,col18_val00308,col19_val00308,col20_val00308,col21_val00308,col22_val00308,col23_val00308,col24_val00308,col25_val00308,col26_val00308,col27_val00308,col28_val00308,col29_val00308
col0_val00309,col1_val00309,col2_val00309,col3_val00309,col4_val00309,col5_val00309,col6_val00309,col7_val00309,col8_val00309,col9_val00309,col10_val00309,col11_val00309,col12_val00309,col13_val00309,col14_val00309,col15_val00309,col16_val00309,col17_val00309,col18_val00309,col19_val00309,col20_val00309,col21_val00309,col22_val00309,col23_val00309,col24_val00309,col25_val00309,col26_val00309,col27_val00309,col28_val00309,col29_val00309
col0_val00310,col1_val00310,col2_val00310,col3_val00310,col4_val00310,col5_val00310,col6_val00310,col7_val00310,col8_val00310,col9_val00310,col10_val00310,col11_val00310,col12_val00310,col13_val00310,col14_val00310,col15_val00310,col16_val00310,col17_val00310,col18_val00310,col19_val00310,col20_val00310,col21_val00310,col22_val00310,col23_val00310,col24_val00310,col25_val00310,col26_val00310,col27_val00310,col28_val00310,col29_val00310
col0_val00311,col1_val00311,col2_val00311,col3_val00311,col4_val00311,col5_val00311,col6_val00311,col7_val00311,col8_val00311,col9_val00311,col10_val00311,col11_val00311,col12_val00311,col13_val00311,col14_val00311,col15_val00311,col16_val00311,col17_val00311,col18_val00311,col19_val00311,col20_val00311,col21_val00311,col22_val00311,col23_val00311,col24_val00311,col25_val00311,col26_val00311,col27_val00311,col28_val00311,col29_val00311
col0_val00312,col1_val00312,col2_val00312,col3_val00312,col4_val00312,col5_val00312,col6_val00312,col7_val00312,col8_val00312,col9_val00312,col10_val00312,col11_val00312,col12_val00312,col13_val00312,col14_val00312,col15_val00312,col16_val00312,col17_val00312,col18_val00312,col19_val00312,col20_val00312,col21_val00312,col22_val00312,col23_val00312,col24_val00312,col25_val00312,col26_val00312,col27_val00312,col28_val00312,col29_val00312
col0_val00313,col1_val00313,col2_val00313,col3_val00313,col4_val00313,col5_val00313,col6_val00313,col7_val00313,col8_val00313,col9_val00313,col10_val00313,col11_val00313,col12_val00313,col13_val00313,col14_val00313,col15_val00313,col16_val00313,col17_val00313,col18_val00313,col19_val00313,col20_val00313,col21_val00313,col22_val00313,col23_val00313,col24_val00313,col25_val00313,col26_val00313,col27_val00313,col28_val00313,col29_val00313
col0_val00314,col1_val00314,col2_val00314,col3_val00314,col4_val00314,col5_val00314,col6_val00314,col7_val00314,col8_val00314,col9_val00314,col10_val00314,col11_val00314,col12_val00314,col13_val00314,col14_val00314,col15_val00314,col16_val00314,col17_val00314,col18_val00314,col19_val00314,col20_val00314,col21_val00314,col22_val00314,col23_val00314,col24_val00314,col25_val00314,col26_val00314,col27_val00314,col28_val00314,col29_val00314
col0_val00315,col1_val00315,col2_val00315,col3_val00315,col4_val00315,col5_val00315,col6_val00315,col7_val00315,col8_val00315,col9_val00315,col10_val00315,col11_val00315,col12_val00315,col13_val00315,col14_val00315,col15_val00315,col16_val00315,col17_val00315,col18_val00315,col19_val00315,col20_val00315,col21_val00315,col22_val00315,col23_val00315,col24_val00315,col25_val00315,col26_val00315,col27_val00315,col28_val00315,col29_val00315
col0_val00316,col1_val00316,col2_val00316,col3_val00316,col4_val00316,col5_val00316,col6_val00316,col7_val00316,col8_val00316,col9_val00316,col10_val00316,col11_val00316,col12_val00316,col13_val00316,col14_val00316,col15_val00316,col16_val00316,col17_val00316,col18_val00316,col19_val00316,col20_val00316,col21_val00316,col22_val00316,col23_val00316,col24_val00316,col25_val00316,col26_val00316,col27_val00316,col28_val00316,col29_val00316
col0_val00317,col1_val00317,col2_val00317,col3_val00317,col4_val00317,col5_val00317,col6_val00317,col7_val00317,col8_val00317,col9_val00317,col10_val00317,col11_val00317,col12_val00317,col13_val00317,col14_val00317,col15_val00317,col16_val00317,col17_val00317,col18_val00317,col19_val00317,col20_val00317,col21_val00317,col22_val00317,col23_val00317,col24_val00317,col25_val00317,col26_val00317,col27_val00317,col28_val00317,col29_val00317
col0_val00318,col1_val00318,col2_val00318,col3_val00318,col4_val00318,col5_val00318,col6_val00318,col7_val00318,col8_val00318,col9_val00318,col10_val00318,col11_val00318,col12_val00318,col13_val00318,col14_val00318,col15_val00318,col16_val00318,col17_val00318,col18_val00318,col19_val00318,col20_val00318,col21_val00318,col22_val00318,col23_val00318,col24_val00318,col25_val00318,col26_val00318,col27_val00318,col28_val00318,col29_val00318
col0_val00319,col1_val00319,col2_val00319,col3_val00319,col4_val00319,col5_val00319,col6_val00319,col7_val00319,col8_val00319,col9_val00319,col10_val00319,col11_val00319,col12_val00319,col13_val00319,col14_val00319,col15_val00319,col16_val00319,col17_val00319,col18_val00319,col19_val00319,col20_val00319,col21_val00319,col22_val00319,col23_val00319,col24_val00319,col25_val00319,col26_val00319,col27_val00319,col28_val00319,col29_val00319
col0_val00320,col1_val00320,col2_val00320,col3_val00320,col4_val00320,col5_val00320,col6_val00320,col7_val00320,col8_val00320,col9_val00320,col10_val00320,col11_val00320,col12_val00320,col13_val00320,col14_val00320,col15_val00320,col16_val00320,col17_val00320,col18_val00320,col19_val00320,col20_val00320,col21_val00320,col22_val00320,col23_val00320,col24_val00320,col25_val00320,col26_val00320,col27_val00320,col28_val00320,col29_val00320
col0_val00321,col1_val00321,col2_val00321,col3_val00321,col4_val00321,col5_val00321,col6_val00321,col7_val00321,col8_val00321,col9_val00321,col10_val00321,col11_val00321,col12_val00321,col13_val00321,col14_val00321,col15_val00321,col16_val00321,col17_val00321,col18_val00321,col19_val00321,col20_val00321,col21_val00321,col22_val00321,col23_val00321,col24_val00321,col25_val00321,col26_val00321,col27_val00321,col28_val00321,col29_val00321
col0_val00322,col1_val00322,col2_val00322,col3_val00322,col4_val00322,col5_val00322,col6_val00322,col7_val00322,col8_val00322,col9_val00322,col10_val00322,col11_val00322,col12_val00322,col13_val00322,col14_val00322,col15_val00322,col16_val00322,col17_val00322,col18_val00322,col19_val00322,col20_val00322,col21_val00322,col22_val00322,col23_val00322,col24_val00322,col25_val00322,col26_val00322,col27_val00322,col28_val00322,col29_val00322
col0_val00323,col1_val00323,col2_val00323,col3_val00323,col4_val00323,col5_val00323,col6_val00323,col7_val00323,col8_val00323,col9_val00323,col10_val00323,col11_val00323,col12_val00323,col13_val00323,col14_val00323,col15_val00323,col16_val00323,col17_val00323,col18_val00323,col19_val00323,col20_val00323,col21_val00323,col22_val00323,col23_val00323,col24_val00323,col25_val00323,col26_val00323,col27_val00323,col28_val00323,col29_val00323
col0_val00324,col1_val00324,col2_val00324,col3_val00324,col4_val00324,col5_val00324,col6_val00324,col7_val00324,col8_val00324,col9_val00324,col10_val00324,col11_val00324,col12_val00324,col13_val00324,col14_val00324,col15_val00324,col16_val00324,col17_val00324,col18_val00324,col19_val00324,col20_val00324,col21_val00324,col22_val00324,col23_val00324,col24_val00324,col25_val00324,col26_val00324,col27_val00324,col28_val00324,col29_val00324
col0_val00325,col1_val00325,col2_val00325,col3_val00325,col4_val00325,col5_val00325,col6_val00325,col7_val00325,col8_val00325,col9_val00325,col10_val00325,col11_val00325,col12_val00325,col13_val00325,col14_val00325,col15_val00325,col16_val00325,col17_val00325,col18_val00325,col19_val00325,col20_val00325,col21_val00325,col22_val00325,col23_val00325,col24_val00325,col25_val00325,col26_val00325,col27_val00325,col28_val00325,col29_val00325
col0_val00326,col1_val00326,col2_val00326,col3_val00326,col4_val00326,col5_val00326,col6_val00326,col7_val00326,col8_val00326,col9_val00326,col10_val00326,col11_val00326,col12_val00326,col13_val00326,col14_val00326,col15_val00326,col16_val00326,col17_val00326,col18_val00326,col19_val00326,col20_val00326,col21_val00326,col22_val00326,col23_val00326,col24_val00326,col25_val00326,col26_val00326,col27_val00326,col28_val00326,col29_val00326
col0_val00327,col1_val00327,col2_val00327,col3_val00327,col4_val00327,col5_val00327,col6_val00327,col7_val00327,col8_val00327,col9_val00327,col10_val00327,col11_val00327,col12_val00327,col13_val00327,col14_val00327,col15_val00327,col16_val00327,col17_val00327,col18_val00327,col19_val00327,col20_val00327,col21_val00327,col22_val00327,col23_val00327,col24_val00327,col25_val00327,col26_val00327,col27_val00327,col28_val00327,col29_val00327
col0_val00328,col1_val00328,col2_val00328,col3_val00328,col4_val00328,col5_val00328,col6_val00328,col7_val00328,col8_val00328,col9_val00328,col10_val00328,col11_val00328,col12_val00328,col13_val00328,col14_val00328,col15_val00328,col16_val00328,col17_val00328,col18_val00328,col19_val00328,col20_val00328,col21_val00328,col22_val00328,col23_val00328,col24_val00328,col25_val00328,col26_val00328,col27_val00328,col28_val00328,col29_val00328
col0_val00329,col1_val00329,col2_val00329,col3_val00329,col4_val00329,col5_val00329,col6_val00329,col7_val00329,col8_val00329,col9_val00329,col10_val00329,col11_val00329,col12_val00329,col13_val00329,col14_val00329,col15_val00329,col16_val00329,col17_val00329,col18_val00329,col19_val00329,col20_val00329,col21_val00329,col22_val00329,col23_val00329,col24_val00329,col25_val00329,col26_val00329,col27_val00329,col28_val00329,col29_val00329
col0_val00330,col1_val00330,col2_val00330,col3_val00330,col4_val00330,col5_val00330,col6_val00330,col7_val00330,col8_val00330,col9_val00330,col10_val00330,col11_val00330,col12_val00330,col13_val00330,col14_val00330,col15_val00330,col16_val00330,col17_val00330,col18_val00330,col19_val00330,col20_val00330,col21_val00330,col22_val00330,col23_val00330,col24_val00330,col25_val00330,col26_val00330,col27_val00330,col28_val00330,col29_val00330
col0_val00331,col1_val00331,col2_val00331,col3_val00331,col4_val00331,col5_val00331,col6_val00331,col7_val00331,col8_val00331,col9_val00331,col10_val00331,col11_val00331,col12_val00331,col13_val00331,col14_val00331,col15_val00331,col16_val00331,col17_val00331,col18_val00331,col19_val00331,col20_val00331,col21_val00331,col22_val00331,col23_val00331,col24_val00331,col25_val00331,col26_val00331,col27_val00331,col28_val00331,col29_val00331
col0_val00332,col1_val00332,col2_val00332,col3_val00332,col4_val00332,col5_val00332,col6_val00332,col7_val00332,col8_val00332,col9_val00332,col10_val00332,col11_val00332,col12_val00332,col13_val00332,col14_val00332,col15_val00332,col16_val00332,col17_val00332,col18_val00332,col19_val00332,col20_val00332,col21_val00332,col22_val00332,col23_val00332,col24_val00332,col25_val00332,col26_val00332,col27_val00332,col28_val00332,col29_val00332
col0_val00333,col1_val00333,col2_val00333,col3_val00333,col4_val00333,col5_val00333,col6_val00333,col7_val00333,col8_val00333,col9_val00333,col10_val00333,col11_val00333,col12_val00333,col13_val00333,col14_val00333,col15_val00333,col16_val00333,col17_val00333,col18_val00333,col19_val00333,col20_val00333,col21_val00333,col22_val00333,col23_val00333,col24_val00333,col25_val00333,col26_val00333,col27_val00333,col28_val00333,col29_val00333
col0_val00334,col1_val00334,col2_val00334,col3_val00334,col4_val00334,col5_val00334,col6_val00334,col7_val00334,col8_val00334,col9_val00334,col10_val00334,col11_val00334,col12_val00334,col13_val00334,col14_val00334,col15_val00334,col16_val00334,col17_val00334,col18_val00334,col19_val00334,col20_val00334,col21_val00334,col22_val00334,col23_val00334,col24_val00334,col25_val00334,col26_val00334,col27_val00334,col28_val00334,col29_val00334
col0_val00335,col1_val00335,col2_val00335,col3_val00335,col4_val00335,col5_val00335,col6_val00335,col7_val00335,col8_val00335,col9_val00335,col10_val00335,col11_val00335,col12_val00335,col13_val00335,col14_val00335,col15_val00335,col16_val00335,col17_val00335,col18_val00335,col19_val00335,col20_val00335,col21_val00335,col22_val00335,col23_val00335,col24_val00335,col25_val00335,col26_val00335,col27_val00335,col28_val00335,col29_val00335
col0_val00336,col1_val00336,col2_val00336,col3_val00336,col4_val00336,col5_val00336,col6_val00336,col7_val00336,col8_val00336,col9_val00336,col10_val00336,col11_val00336,col12_val00336,col13_val00336,col14_val00336,col15_val00336,col16_val00336,col17_val00336,col18_val00336,col19_val00336,col20_val00336,col21_val00336,col22_val00336,col23_val00336,col24_val00336,col25_val00336,col26_val00336,col27_val00336,col28_val00336,col29_val00336
col0_val00337,col1_val00337,col2_val00337,col3_val00337,col4_val00337,col5_val00337,col6_val00337,col7_val00337,col8_val00337,col9_val00337,col10_val00337,col11_val00337,col12_val00337,col13_val00337,col14_val00337,col15_val00337,col16_val00337,col17_val00337,col18_val00337,col19_val00337,col20_val00337,col21_val00337,col22_val00337,col23_val00337,col24_val00337,col25_val00337,col26_val00337,col27_val00337,col28_val00337,col29_val00337
col0_val00338,col1_val00338,col2_val00338,col3_val00338,col4_val00338,col5_val00338,col6_val00338,col7_val00338,col8_val00338,col9_val00338,col10_val00338,col11_val00338,col12_val00338,col13_val00338,col14_val00338,col15_val00338,col16_val00338,col17_val00338,col18_val00338,col19_val00338,col20_val00338,col21_val00338,col22_val00338,col23_val00338,col24_val00338,col25_val00338,col26_val00338,col27_val00338,col28_val00338,col29_val00338
col0_val00339,col1_val00339,col2_val00339,col3_val00339,col4_val00339,col5_val00339,col6_val00339,col7_val00339,col8_val00339,col9_val00339,col10_val00339,col11_val00339,col12_val00339,col13_val00339,col14_val00339,col15_val00339,col16_val00339,col17_val00339,col18_val00339,col19_val00339,col20_val00339,col21_val00339,col22_val00339,col23_val00339,col24_val00339,col25_val00339,col26_val00339,col27_val00339,col28_val00339,col29_val00339
col0_val00340,col1_val00340,col2_val00340,col3_val00340,col4_val00340,col5_val00340,col6_val00340,col7_val00340,col8_val00340,col9_val00340,col10_val00340,col11_val00340,col12_val00340,col13_val00340,col14_val00340,col15_val00340,col16_val00340,col17_val00340,col18_val00340,col19_val00340,col20_val00340,col21_val00340,col22_val00340,col23_val00340,col24_val00340,col25_val00340,col26_val00340,col27_val00340,col28_val00340,col29_val00340
col0_val00341,col1_val00341,col2_val00341,col3_val00341,col4_val00341,col5_val00341,col6_val00341,col7_val00341,col8_val00341,col9_val00341,col10_val00341,col11_val00341,col12_val00341,col13_val00341,col14_val00341,col15_val00341,col16_val00341,col17_val00341,col18_val00341,col19_val00341,col20_val00341,col21_val00341,col22_val00341,col23_val00341,col24_val00341,col25_val00341,col26_val00341,col27_val00341,col28_val00341,col29_val00341
col0_val00342,col1_val00342,col2_val00342,col3_val00342,col4_val00342,col5_val00342,col6_val00342,col7_val00342,col8_val00342,col9_val00342,col10_val00342,col11_val00342,col12_val00342,col13_val00342,col14_val00342,col15_val00342,col16_val00342,col17_val00342,col18_val00342,col19_val00342,col20_val00342,col21_val00342,col22_val00342,col23_val00342,col24_val00342,col25_val00342,col26_val00342,col27_val00342,col28_val00342,col29_val00342
col0_val00343,col1_val00343,col2_val00343,col3_val00343,col4_val00343,col5_val00343,col6_val00343,col7_val00343,col8_val00343,col9_val00343,col10_val00343,col11_val00343,col12_val00343,col13_val00343,col14_val00343,col15_val00343,col16_val00343,col17_val00343,col18_val00343,col19_val00343,col20_val00343,col21_val00343,col22_val00343,col23_val00343,col24_val00343,col25_val00343,col26_val00343,col27_val00343,col28_val00343,col29_val00343
col0_val00344,col1_val00344,col2_val00344,col3_val00344,col4_val00344,col5_val00344,col6_val00344,col7_val00344,col8_val00344,col9_val00344,col10_val00344,col11_val00344,col12_val00344,col13_val00344,col14_val00344,col15_val00344,col16_val00344,col17_val00344,col18_val00344,col19_val00344,col20_val00344,col21_val00344,col22_val00344,col23_val00344,col24_val00344,col25_val00344,col26_val00344,col27_val00344,col28_val00344,col29_val00344
col0_val00345,col1_val00345,col2_val00345,col3_val00345,col4_val00345,col5_val00345,col6_val00345,col7_val00345,col8_val00345,col9_val00345,col10_val00345,col11_val00345,col12_val00345,col13_val00345,col14_val00345,col15_val00345,col16_val00345,col17_val00345,col18_val00345,col19_val00345,col20_val00345,col21_val00345,col22_val00345,col23_val00345,col24_val00345,col25_val00345,col26_val00345,col27_val00345,col28_val00345,col29_val00345
col0_val00346,col1_val00346,col2_val00346,col3_val00346,col4_val00346,col5_val00346,col6_val00346,col7_val00346,col8_val00346,col9_val00346,col10_val00346,col11_val00346,col12_val00346,col13_val00346,col14_val00346,col15_val00346,col16_val00346,col17_val00346,col18_val00346,col19_val00346,col20_val00346,col21_val00346,col22_val00346,col23_val00346,col24_val00346,col25_val00346,col26_val00346,col27_val00346,col28_val00346,col29_val00346
col0_val00347,col1_val00347,col2_val00347,col3_val00347,col4_val00347,col5_val00347,col6_val00347,col7_val00347,col8_val00347,col9_val00347,col10_val00347,col11_val00347,col12_val00347,col13_val00347,col14_val00347,col15_val00347,col16_val00347,col17_val00347,col18_val00347,col19_val00347,col20_val00347,col21_val00347,col22_val00347,col23_val00347,col24_val00347,col25_val00347,col26_val00347,col27_val00347,col28_val00347,col29_val00347
col0_val00348,col1_val00348,col2_val00348,col3_val00348,col4_val00348,col5_val00348,col6_val00348,col7_val00348,col8_val00348,col9_val00348,col10_val00348,col11_val00348,col12_val00348,col13_val00348,col14_val00348,col15_val00348,col16_val00348,col17_val00348,col18_val00348,col19_val00348,col20_val00348,col21_val00348,col22_val00348,col23_val00348,col24_val00348,col25_val00348,col26_val00348,col27_val00348,col28_val00348,col29_val00348
col0_val00349,col1_val00349,col2_val00349,col3_val00349,col4_val00349,col5_val00349,col6_val00349,col7_val00349,col8_val00349,col9_val00349,col10_val00349,col11_val00349,col12_val00349,col13_val00349,col14_val00349,col15_val00349,col16_val00349,col17_val00349,col18_val00349,col19_val00349,col20_val00349,col21_val00349,col22_val00349,col23_val00349,col24_val00349,col25_val00349,col26_val00349,col27_val00349,col28_val00349,col29_val00349
col0_val00350,col1_val00350,col2_val00350,col3_val00350,col4_val00350,col5_val00350,col6_val00350,col7_val00350,col8_val00350,col9_val00350,col10_val00350,col11_val00350,col12_val00350,col13_val00350,col14_val00350,col15_val00350,col16_val00350,col17_val00350,col18_val00350,col19_val00350,col20_val00350,col21_val00350,col22_val00350,col23_val00350,col24_val00350,col25_val00350,col26_val00350,col27_val00350,col28_val00350,col29_val00350
col0_val00351,col1_val00351,col2_val00351,col3_val00351,col4_val00351,col5_val00351,col6_val00351,col7_val00351,col8_val00351,col9_val00351,col10_val00351,col11_val00351,col12_val00351,col13_val00351,col14_val00351,col15_val00351,col16_val00351,col17_val00351,col18_val00351,col19_val00351,col20_val00351,col21_val00351,col22_val00351,col23_val00351,col24_val00351,col25_val00351,col26_val00351,col27_val00351,col28_val00351,col29_val00351
col0_val00352,col1_val00352,col2_val00352,col3_val00352,col4_val00352,col5_val00352,col6_val00352,col7_val00352,col8_val00352,col9_val00352,col10_val00352,col11_val00352,col12_val00352,col13_val00352,col14_val00352,col15_val00352,col16_val00352,col17_val00352,col18_val00352,col19_val00352,col20_val00352,col21_val00352,col22_val00352,col23_val00352,col24_val00352,col25_val00352,col26_val00352,col27_val00352,col28_val00352,col29_val00352
col0_val00353,col1_val00353,col2_val00353,col3_val00353,col4_val00353,col5_val00353,col6_val00353,col7_val00353,col8_val00353,col9_val00353,col10_val00353,col11_val00353,col12_val00353,col13_val00353,col14_val00353,col15_val00353,col16_val00353,col17_val00353,col18_val00353,col19_val00353,col20_val00353,col21_val00353,col22_val00353,col23_val00353,col24_val00353,col25_val00353,col26_val00353,col27_val00353,col28_val00353,col29_val00353
col0_val00354,col1_val00354,col2_val00354,col3_val00354,col4_val00354,col5_val00354,col6_val00354,col7_val00354,col8_val00354,col9_val00354,col10_val00354,col11_val00354,col12_val00354,col13_val00354,col14_val00354,col15_val00354,col16_val00354,col17_val00354,col18_val00354,col19_val00354,col20_val00354,col21_val00354,col22_val00354,col23_val00354,col24_val00354,col25_val00354,col26_val00354,col27_val00354,col28_val00354,col29_val00354
col0_val00355,col1_val00355,col2_val00355,col3_val00355,col4_val00355,col5_val00355,col6_val00355,col7_val00355,col8_val00355,col9_val00355,col10_val00355,col11_val00355,col12_val00355,col13_val00355,col14_val00355,col15_val00355,col16_val00355,col17_val00355,col18_val00355,col19_val00355,col20_val00355,col21_val00355,col22_val00355,col23_val00355,col24_val00355,col25_val00355,col26_val00355,col27_val00355,col28_val00355,col29_val00355
col0_val00356,col1_val00356,col2_val00356,col3_val00356,col4_val00356,col5_val00356,col6_val00356,col7_val00356,col8_val00356,col9_val00356,col10_val00356,col11_val00356,col12_val00356,col13_val00356,col14_val00356,col15_val00356,col16_val00356,col17_val00356,col18_val00356,col19_val00356,col20_val00356,col21_val00356,col22_val00356,col23_val00356,col24_val00356,col25_val00356,col26_val00356,col27_val00356,col28_val00356,col29_val00356
col0_val00357,col1_val00357,col2_val00357,col3_val00357,col4_val00357,col5_val00357,col6_val00357,col7_val00357,col8_val00357,col9_val00357,col10_val00357,col11_val00357,col12_val00357,col13_val00357,col14_val00357,col15_val00357,col16_val00357,col17_val00357,col18_val00357,col19_val00357,col20_val00357,col21_val00357,col22_val00357,col23_val00357,col24_val00357,col25_val00357,col26_val00357,col27_val00357,col28_val00357,col29_val00357
col0_val00358,col1_val00358,col2_val00358,col3_val00358,col4_val00358,col5_val00358,col6_val00358,col7_val00358,col8_val00358,col9_val00358,col10_val00358,col11_val00358,col12_val00358,col13_val00358,col14_val00358,col15_val00358,col16_val00358,col17_val00358,col18_val00358,col19_val00358,col20_val00358,col21_val00358,col22_val00358,col23_val00358,col24_val00358,col25_val00358,col26_val00358,col27_val00358,col28_val00358,col29_val00358
col0_val00359,col1_val00359,col2_val00359,col3_val00359,col4_val00359,col5_val00359,col6_val00359,col7_val00359,col8_val00359,col9_val00359,col10_val00359,col11_val00359,col12_val00359,col13_val00359,col14_val00359,col15_val00359,col16_val00359,col17_val00359,col18_val00359,col19_val00359,col20_val00359,col21_val00359,col22_val00359,col23_val00359,col24_val00359,col25_val00359,col26_val00359,col27_val00359,col28_val00359,col29_val00359
col0_val00360,col1_val00360,col2_val00360,col3_val00360,col4_val00360,col5_val00360,col6_val00360,col7_val00360,col8_val00360,col9_val00360,col10_val00360,col11_val00360,col12_val00360,col13_val00360,col14_val00360,col15_val00360,col16_val00360,col17_val00360,col18_val00360,col19_val00360,col20_val00360,col21_val00360,col22_val00360,col23_val00360,col24_val00360,col25_val00360,col26_val00360,col27_val00360,col28_val00360,col29_val00360
col0_val00361,col1_val00361,col2_val00361,col3_val00361,col4_val00361,col5_val00361,col6_val00361,col7_val00361,col8_val00361,col9_val00361,col10_val00361,col11_val00361,col12_val00361,col13_val00361,col14_val00361,col15_val00361,col16_val00361,col17_val00361,col18_val00361,col19_val00361,col20_val00361,col21_val00361,col22_val00361,col23_val00361,col24_val00361,col25_val00361,col26_val00361,col27_val00361,col28_val00361,col29_val00361
col0_val00362,col1_val00362,col2_val00362,col3_val00362,col4_val00362,col5_val00362,col6_val00362,col7_val00362,col8_val00362,col9_val00362,col10_val00362,col11_val00362,col12_val00362,col13_val00362,col14_val00362,col15_val00362,col16_val00362,col17_val00362,col18_val00362,col19_val00362,col20_val00362,col21_val00362,col22_val00362,col23_val00362,col24_val00362,col25_val00362,col26_val00362,col27_val00362,col28_val00362,col29_val00362
col0_val00363,col1_val00363,col2_val00363,col3_val00363,col4_val00363,col5_val00363,col6_val00363,col7_val00363,col8_val00363,col9_val00363,col10_val00363,col11_val00363,col12_val00363,col13_val00363,col14_val00363,col15_val00363,col16_val00363,col17_val00363,col18_val00363,col19_val00363,col20_val00363,col21_val00363,col22_val00363,col23_val00363,col24_val00363,col25_val00363,col26_val00363,col27_val00363,col28_val00363,col29_val00363
col0_val00364,col1_val00364,col2_val00364,col3_val00364,col4_val00364,col5_val00364,col6_val00364,col7_val00364,col8_val00364,col9_val00364,col10_val00364,col11_val00364,col12_val00364,col13_val00364,col14_val00364,col15_val00364,col16_val00364,col17_val00364,col18_val00364,col19_val00364,col20_val00364,col21_val00364,col22_val00364,col23_val00364,col24_val00364,col25_val00364,col26_val00364,col27_val00364,col28_val00364,col29_val00364
col0_val00365,col1_val00365,col2_val00365,col3_val00365,col4_val00365,col5_val00365,col6_val00365,col7_val00365,col8_val00365,col9_val00365,col10_val00365,col11_val00365,col12_val00365,col13_val00365,col14_val00365,col15_val00365,col16_val00365,col17_val00365,col18_val00365,col19_val00365,col20_val00365,col21_val00365,col22_val00365,col23_val00365,col24_val00365,col25_val00365,col26_val00365,col27_val00365,col28_val00365,col29_val00365
col0_val00366,col1_val00366,col2_val00366,col3_val00366,col4_val00366,col5_val00366,col6_val00366,col7_val00366,col8_val00366,col9_val00366,col10_val00366,col11_val00366,col12_val00366,col13_val00366,col14_val00366,col15_val00366,col16_val00366,col17_val00366,col18_val00366,col19_val00366,col20_val00366,col21_val00366,col22_val00366,col23_val00366,col24_val00366,col25_val00366,col26_val00366,col27_val00366,col28_val00366,col29_val00366
col0_val00367,col1_val00367,col2_val00367,col3_val00367,col4_val00367,col5_val00367,col6_val00367,col7_val00367,col8_val00367,col9_val00367,col10_val00367,col11_val00367,col12_val00367,col13_val00367,col14_val00367,col15_val00367,col16_val00367,col17_val00367,col18_val00367,col19_val00367,col20_val00367,col21_val00367,col22_val00367,col23_val00367,col24_val00367,col25_val00367,col26_val00367,col27_val00367,col28_val00367,col29_val00367
col0_val00368,col1_val00368,col2_val00368,col3_val00368,col4_val00368,col5_val00368,col6_val00368,col7_val00368,col8_val00368,col9_val00368,col10_val00368,col11_val00368,col12_val00368,col13_val00368,col14_val00368,col15_val00368,col16_val00368,col17_val00368,col18_val00368,col19_val00368,col20_val00368,col21_val00368,col22_val00368,col23_val00368,col24_val00368,col25_val00368,col26_val00368,col27_val00368,col28_val00368,col29_val00368
col0_val00369,col1_val00369,col2_val00369,col3_val00369,col4_val00369,col5_val00369,col6_val00369,col7_val00369,col8_val00369,col9_val00369,col10_val00369,col11_val00369,col12_val00369,col13_val00369,col14_val00369,col15_val00369,col16_val00369,col17_val00369,col18_val00369,col19_val00369,col20_val00369,col21_val00369,col22_val00369,col23_val00369,col24_val00369,col25_val00369,col26_val00369,col27_val00369,col28_val00369,col29_val00369
col0_val00370,col1_val00370,col2_val00370,col3_val00370,col4_val00370,col5_val00370,col6_val00370,col7_val00370,col8_val00370,col9_val00370,col10_val00370,col11_val00370,col12_val00370,col13_val00370,col14_val00370,col15_val00370,col16_val00370,col17_val00370,col18_val00370,col19_val00370,col20_val00370,col21_val00370,col22_val00370,col23_val00370,col24_val00370,col25_val00370,col26_val00370,col27_val00370,col28_val00370,col29_val00370
col0_val00371,col1_val00371,col2_val00371,col3_val00371,col4_val00371,col5_val00371,col6_val00371,col7_val00371,col8_val00371,col9_val00371,col10_val00371,col11_val00371,col12_val00371,col13_val00371,col14_val00371,col15_val00371,col16_val00371,col17_val00371,col18_val00371,col19_val00371,col20_val00371,col21_val00371,col22_val00371,col23_val00371,col24_val00371,col25_val00371,col26_val00371,col27_val00371,col28_val00371,col29_val00371
col0_val00372,col1_val00372,col2_val00372,col3_val00372,col4_val00372,col5_val00372,col6_val00372,col7_val00372,col8_val00372,col9_val00372,col10_val00372,col11_val00372,col12_val00372,col13_val00372,col14_val00372,col15_val00372,col16_val00372,col17_val00372,col18_val00372,col19_val00372,col20_val00372,col21_val00372,col22_val00372,col23_val00372,col24_val00372,col25_val00372,col26_val00372,col27_val00372,col28_val00372,col29_val00372
col0_val00373,col1_val00373,col2_val00373,col3_val00373,col4_val00373,col5_val00373,col6_val00373,col7_val00373,col8_val00373,col9_val00373,col10_val00373,col11_val00373,col12_val00373,col13_val00373,col14_val00373,col15_val00373,col16_val00373,col17_val00373,col18_val00373,col19_val00373,col20_val00373,col21_val00373,col22_val00373,col23_val00373,col24_val00373,col25_val00373,col26_val00373,col27_val00373,col28_val00373,col29_val00373
col0_val00374,col1_val00374,col2_val00374,col3_val00374,col4_val00374,col5_val00374,col6_val00374,col7_val00374,col8_val00374,col9_val00374,col10_val00374,col11_val00374,col12_val00374,col13_val00374,col14_val00374,col15_val00374,col16_val00374,col17_val00374,col18_val00374,col19_val00374,col20_val00374,col21_val00374,col22_val00374,col23_val00374,col24_val00374,col25_val00374,col26_val00374,col27_val00374,col28_val00374,col29_val00374
col0_val00375,col1_val00375,col2_val00375,col3_val00375,col4_val00375,col5_val00375,col6_val00375,col7_val00375,col8_val00375,col9_val00375,col10_val00375,col11_val00375,col12_val00375,col13_val00375,col14_val00375,col15_val00375,col16_val00375,col17_val00375,col18_val00375,col19_val00375,col20_val00375,col21_val00375,col22_val00375,col23_val00375,col24_val00375,col25_val00375,col26_val00375,col27_val00375,col28_val00375,col29_val00375
col0_val00376,col1_val00376,col2_val00376,col3_val00376,col4_val00376,col5_val00376,col6_val00376,col7_val00376,col8_val00376,col9_val00376,col10_val00376,col11_val00376,col12_val00376,col13_val00376,col14_val00376,col15_val00376,col16_val00376,col17_val00376,col18_val00376,col19_val00376,col20_val00376,col21_val00376,col22_val00376,col23_val00376,col24_val00376,col25_val00376,col26_val00376,col27_val00376,col28_val00376,col29_val00376
col0_val00377,col1_val00377,col2_val00377,col3_val00377,col4_val00377,col5_val00377,col6_val00377,col7_val00377,col8_val00377,col9_val00377,col10_val00377,col11_val00377,col12_val00377,col13_val00377,col14_val00377,col15_val00377,col16_val00377,col17_val00377,col18_val00377,col19_val00377,col20_val00377,col21_val00377,col22_val00377,col23_val00377,col24_val00377,col25_val00377,col26_val00377,col27_val00377,col28_val00377,col29_val00377
col0_val00378,col1_val00378,col2_val00378,col3_val00378,col4_val00378,col5_val00378,col6_val00378,col7_val00378,col8_val00378,col9_val00378,col10_val00378,col11_val00378,col12_val00378,col13_val00378,col14_val00378,col15_val00378,col16_val00378,col17_val00378,col18_val00378,col19_val00378,col20_val00378,col21_val00378,col22_val00378,col23_val00378,col24_val00378,col25_val00378,col26_val00378,col27_val00378,col28_val00378,col29_val00378
col0_val00379,col1_val00379,col2_val00379,col3_val00379,col4_val00379,col5_val00379,col6_val00379,col7_val00379,col8_val00379,col9_val00379,col10_val00379,col11_val00379,col12_val00379,col13_val00379,col14_val00379,col15_val00379,col16_val00379,col17_val00379,col18_val00379,col19_val00379,col20_val00379,col21_val00379,col22_val00379,col23_val00379,col24_val00379,col25_val00379,col26_val00379,col27_val00379,col28_val00379,col29_val00379
col0_val00380,col1_val00380,col2_val00380,col3_val00380,col4_val00380,col5_val00380,col6_val00380,col7_val00380,col8_val00380,col9_val00380,col10_val00380,col11_val00380,col12_val00380,col13_val00380,col14_val00380,col15_val00380,col16_val00380,col17_val00380,col18_val00380,col19_val00380,col20_val00380,col21_val00380,col22_val00380,col23_val00380,col24_val00380,col25_val00380,col26_val00380,col27_val00380,col28_val00380,col29_val00380
col0_val00381,col1_val00381,col2_val00381,col3_val00381,col4_val00381,col5_val00381,col6_val00381,col7_val00381,col8_val00381,col9_val00381,col10_val00381,col11_val00381,col12_val00381,col13_val00381,col14_val00381,col15_val00381,col16_val00381,col17_val00381,col18_val00381,col19_val00381,col20_val00381,col21_val00381,col22_val00381,col23_val00381,col24_val00381,col25_val00381,col26_val00381,col27_val00381,col28_val00381,col29_val00381
col0_val00382,col1_val00382,col2_val00382,col3_val00382,col4_val00382,col5_val00382,col6_val00382,col7_val00382,col8_val00382,col9_val00382,col10_val00382,col11_val00382,col12_val00382,col13_val00382,col14_val00382,col15_val00382,col16_val00382,col17_val00382,col18_val00382,col19_val00382,col20_val00382,col21_val00382,col22_val00382,col23_val00382,col24_val00382,col25_val00382,col26_val00382,col27_val00382,col28_val00382,col29_val00382
col0_val00383,col1_val00383,col2_val00383,col3_val00383,col4_val00383,col5_val00383,col6_val00383,col7_val00383,col8_val00383,col9_val00383,col10_val00383,col11_val00383,col12_val00383,col13_val00383,col14_val00383,col15_val00383,col16_val00383,col17_val00383,col18_val00383,col19_val00383,col20_val00383,col21_val00383,col22_val00383,col23_val00383,col24_val00383,col25_val00383,col26_val00383,col27_val00383,col28_val00383,col29_val00383
col0_val00384,col1_val00384,col2_val00384,col3_val00384,col4_val00384,col5_val00384,col6_val00384,col7_val00384,col8_val00384,col9_val00384,col10_val00384,col11_val00384,col12_val00384,col13_val00384,col14_val00384,col15_val00384,col16_val00384,col17_val00384,col18_val00384,col19_val00384,col20_val00384,col21_val00384,col22_val00384,col23_val00384,col24_val00384,col25_val00384,col26_val00384,col27_val00384,col28_val00384,col29_val00384
col0_val00385,col1_val00385,col2_val00385,col3_val00385,col4_val00385,col5_val00385,col6_val00385,col7_val00385,col8_val00385,col9_val00385,col10_val00385,col11_val00385,col12_val00385,col13_val00385,col14_val00385,col15_val00385,col16_val00385,col17_val00385,col18_val00385,col19_val00385,col20_val00385,col21_val00385,col22_val00385,col23_val00385,col24_val00385,col25_val00385,col26_val00385,col27_val00385,col28_val00385,col29_val00385
col0_val00386,col1_val00386,col2_val00386,col3_val00386,col4_val00386,col5_val00386,col6_val00386,col7_val00386,col8_val00386,col9_val00386,col10_val00386,col11_val00386,col12_val00386,col13_val00386,col14_val00386,col15_val00386,col16_val00386,col17_val00386,col18_val00386,col19_val00386,col20_val00386,col21_val00386,col22_val00386,col23_val00386,col24_val00386,col25_val00386,col26_val00386,col27_val00386,col28_val00386,col29_val00386
col0_val00387,col1_val00387,col2_val00387,col3_val00387,col4_val00387,col5_val00387,col6_val00387,col7_val00387,col8_val00387,col9_val00387,col10_val00387,col11_val00387,col12_val00387,col13_val00387,col14_val00387,col15_val00387,col16_val00387,col17_val00387,col18_val00387,col19_val00387,col20_val00387,col21_val00387,col22_val00387,col23_val00387,col24_val00387,col25_val00387,col26_val00387,col27_val00387,col28_val00387,col29_val00387
col0_val00388,col1_val00388,col2_val00388,col3_val00388,col4_val00388,col5_val00388,col6_val00388,col7_val00388,col8_val00388,col9_val00388,col10_val00388,col11_val00388,col12_val00388,col13_val00388,col14_val00388,col15_val00388,col16_val00388,col17_val00388,col18_val00388,col19_val00388,col20_val00388,col21_val00388,col22_val00388,col23_val00388,col24_val00388,col25_val00388,col26_val00388,col27_val00388,col28_val00388,col29_val00388
col0_val00389,col1_val00389,col2_val00389,col3_val00389,col4_val00389,col5_val00389,col6_val00389,col7_val00389,col8_val00389,col9_val00389,col10_val00389,col11_val00389,col12_val00389,col13_val00389,col14_val00389,col15_val00389,col16_val00389,col17_val00389,col18_val00389,col19_val00389,col20_val00389,col21_val00389,col22_val00389,col23_val00389,col24_val00389,col25_val00389,col26_val00389,col27_val00389,col28_val00389,col29_val00389
col0_val00390,col1_val00390,col2_val00390,col3_val00390,col4_val00390,col5_val00390,col6_val00390,col7_val00390,col8_val00390,col9_val00390,col10_val00390,col11_val00390,col12_val00390,col13_val00390,col14_val00390,col15_val00390,col16_val00390,col17_val00390,col18_val00390,col19_val00390,col20_val00390,col21_val00390,col22_val00390,col23_val00390,col24_val00390,col25_val00390,col26_val00390,col27_val00390,col28_val00390,col29_val00390
col0_val00391,col1_val00391,col2_val00391,col3_val00391,col4_val00391,col5_val00391,col6_val00391,col7_val00391,col8_val00391,col9_val00391,col10_val00391,col11_val00391,col12_val00391,col13_val00391,col14_val00391,col15_val00391,col16_val00391,col17_val00391,col18_val00391,col19_val00391,col20_val00391,col21_val00391,col22_val00391,col23_val00391,col24_val00391,col25_val00391,col26_val00391,col27_val00391,col28_val00391,col29_val00391
col0_val00392,col1_val00392,col2_val00392,col3_val00392,col4_val00392,col5_val00392,col6_val00392,col7_val00392,col8_val00392,col9_val00392,col10_val00392,col11_val00392,col12_val00392,col13_val00392,col14_val00392,col15_val00392,col16_val00392,col17_val00392,col18_val00392,col19_val00392,col20_val00392,col21_val00392,col22_val00392,col23_val00392,col24_val00392,col25_val00392,col26_val00392,col27_val00392,col28_val00392,col29_val00392
col0_val00393,col1_val00393,col2_val00393,col3_val00393,col4_val00393,col5_val00393,col6_val00393,col7_val00393,col8_val00393,col9_val00393,col10_val00393,col11_val00393,col12_val00393,col13_val00393,col14_val00393,col15_val00393,col16_val00393,col17_val00393,col18_val00393,col19_val00393,col20_val00393,col21_val00393,col22_val00393,col23_val00393,col24_val00393,col25_val00393,col26_val00393,col27_val00393,col28_val00393,col29_val00393
col0_val00394,col1_val00394,col2_val00394,col3_val00394,col4_val00394,col5_val00394,col6_val00394,col7_val00394,col8_val00394,col9_val00394,col10_val00394,col11_val00394,col12_val00394,col13_val00394,col14_val00394,col15_val00394,col16_val00394,col17_val00394,col18_val00394,col19_val00394,col20_val00394,col21_val00394,col22_val00394,col23_val00394,col24_val00394,col25_val00394,col26_val00394,col27_val00394,col28_val00394,col29_val00394
col0_val00395,col1_val00395,col2_val00395,col3_val00395,col4_val00395,col5_val00395,col6_val00395,col7_val00395,col8_val00395,col9_val00395,col10_val00395,col11_val00395,col12_val00395,col13_val00395,col14_val00395,col15_val00395,col16_val00395,col17_val00395,col18_val00395,col19_val00395,col20_val00395,col21_val00395,col22_val00395,col23_val00395,col24_val00395,col25_val00395,col26_val00395,col27_val00395,col28_val00395,col29_val00395
col0_val00396,col1_val00396,col2_val00396,col3_val00396,col4_val00396,col5_val00396,col6_val00396,col7_val00396,col8_val00396,col9_val00396,col10_val00396,col11_val00396,col12_val00396,col13_val00396,col14_val00396,col15_val00396,col16_val00396,col17_val00396,col18_val00396,col19_val00396,col20_val00396,col21_val00396,col22_val00396,col23_val00396,col24_val00396,col25_val00396,col26_val00396,col27_val00396,col28_val00396,col29_val00396
col0_val00397,col1_val00397,col2_val00397,col3_val00397,col4_val00397,col5_val00397,col6_val00397,col7_val00397,col8_val00397,col9_val00397,col10_val00397,col11_val00397,col12_val00397,col13_val00397,col14_val00397,col15_val00397,col16_val00397,col17_val00397,col18_val00397,col19_val00397,col20_val00397,col21_val00397,col22_val00397,col23_val00397,col24_val00397,col25_val00397,col26_val00397,col27_val00397,col28_val00397,col29_val00397
col0_val00398,col1_val00398,col2_val00398,col3_val00398,col4_val00398,col5_val00398,col6_val00398,col7_val00398,col8_val00398,col9_val00398,col10_val00398,col11_val00398,col12_val00398,col13_val00398,col14_val00398,col15_val00398,col16_val00398,col17_val00398,col18_val00398,col19_val00398,col20_val00398,col21_val00398,col22_val00398,col23_val00398,col24_val00398,col25_val00398,col26_val00398,col27_val00398,col28_val00398,col29_val00398
col0_val00399,col1_val00399,col2_val00399,col3_val00399,col4_val00399,col5_val00399,col6_val00399,col7_val00399,col8_val00399,col9_val00399,col10_val00399,col11_val00399,col12_val00399,col13_val00399,col14_val00399,col15_val00399,col16_val00399,col17_val00399,col18_val00399,col19_val00399,col20_val00399,col21_val00399,col22_val00399,col23_val00399,col24_val00399,col25_val00399,col26_val00399,col27_val00399,col28_val00399,col29_val00399
col0_val00400,col1_val00400,col2_val00400,col3_val00400,col4_val00400,col5_val00400,col6_val00400,col7_val00400,col8_val00400,col9_val00400,col10_val00400,col11_val00400,col12_val00400,col13_val00400,col14_val00400,col15_val00400,col16_val00400,col17_val00400,col18_val00400,col19_val00400,col20_val00400,col21_val00400,col22_val00400,col23_val00400,col24_val00400,col25_val00400,col26_val00400,col27_val00400,col28_val00400,col29_val00400
col0_val00401,col1_val00401,col2_val00401,col3_val00401,col4_val00401,col5_val00401,col6_val00401,col7_val00401,col8_val00401,col9_val00401,col10_val00401,col11_val00401,col12_val00401,col13_val00401,col14_val00401,col15_val00401,col16_val00401,col17_val00401,col18_val00401,col19_val00401,col20_val00401,col21_val00401,col22_val00401,col23_val00401,col24_val00401,col25_val00401,col26_val00401,col27_val00401,col28_val00401,col29_val00401
col0_val00402,col1_val00402,col2_val00402,col3_val00402,col4_val00402,col5_val00402,col6_val00402,col7_val00402,col8_val00402,col9_val00402,col10_val00402,col11_val00402,col12_val00402,col13_val00402,col14_val00402,col15_val00402,col16_val00402,col17_val00402,col18_val00402,col19_val00402,col20_val00402,col21_val00402,col22_val00402,col23_val00402,col24_val00402,col25_val00402,col26_val00402,col27_val00402,col28_val00402,col29_val00402
col0_val00403,col1_val00403,col2_val00403,col3_val00403,col4_val00403,col5_val00403,col6_val00403,col7_val00403,col8_val00403,col9_val00403,col10_val00403,col11_val00403,col12_val00403,col13_val00403,col14_val00403,col15_val00403,col16_val00403,col17_val00403,col18_val00403,col19_val00403,col20_val00403,col21_val00403,col22_val00403,col23_val00403,col24_val00403,col25_val00403,col26_val00403,col27_val00403,col28_val00403,col29_val00403
col0_val00404,col1_val00404,col2_val00404,col3_val00404,col4_val00404,col5_val00404,col6_val00404,col7_val00404,col8_val00404,col9_val00404,col10_val00404,col11_val00404,col12_val00404,col13_val00404,col14_val00404,col15_val00404,col16_val00404,col17_val00404,col18_val00404,col19_val00404,col20_val00404,col21_val00404,col22_val00404,col23_val00404,col24_val00404,col25_val00404,col26_val00404,col27_val00404,col28_val00404,col29_val00404
col0_val00405,col1_val00405,col2_val00405,col3_val00405,col4_val00405,col5_val00405,col6_val00405,col7_val00405,col8_val00405,col9_val00405,col10_val00405,col11_val00405,col12_val00405,col13_val00405,col14_val00405,col15_val00405,col16_val00405,col17_val00405,col18_val00405,col19_val00405,col20_val00405,col21_val00405,col22_val00405,col23_val00405,col24_val00405,col25_val00405,col26_val00405,col27_val00405,col28_val00405,col29_val00405
col0_val00406,col1_val00406,col2_val00406,col3_val00406,col4_val00406,col5_val00406,col6_val00406,col7_val00406,col8_val00406,col9_val00406,col10_val00406,col11_val00406,col12_val00406,col13_val00406,col14_val00406,col15_val00406,col16_val00406,col17_val00406,col18_val00406,col19_val00406,col20_val00406,col21_val00406,col22_val00406,col23_val00406,col24_val00406,col25_val00406,col26_val00406,col27_val00406,col28_val00406,col29_val00406
col0_val00407,col1_val00407,col2_val00407,col3_val00407,col4_val00407,col5_val00407,col6_val00407,col7_val00407,col8_val00407,col9_val00407,col10_val00407,col11_val00407,col12_val00407,col13_val00407,col14_val00407,col15_val00407,col16_val00407,col17_val00407,col18_val00407,col19_val00407,col20_val00407,col21_val00407,col22_val00407,col23_val00407,col24_val00407,col25_val00407,col26_val00407,col27_val00407,col28_val00407,col29_val00407
col0_val00408,col1_val00408,col2_val00408,col3_val00408,col4_val00408,col5_val00408,col6_val00408,col7_val00408,col8_val00408,col9_val00408,col10_val00408,col11_val00408,col12_val00408,col13_val00408,col14_val00408,col15_val00408,col16_val00408,col17_val00408,col18_val00408,col19_val00408,col20_val00408,col21_val00408,col22_val00408,col23_val00408,col24_val00408,col25_val00408,col26_val00408,col27_val00408,col28_val00408,col29_val00408
col0_val00409,col1_val00409,col2_val00409,col3_val00409,col4_val00409,col5_val00409,col6_val00409,col7_val00409,col8_val00409,col9_val00409,col10_val00409,col11_val00409,col12_val00409,col13_val00409,col14_val00409,col15_val00409,col16_val00409,col17_val00409,col18_val00409,col19_val00409,col20_val00409,col21_val00409,col22_val00409,col23_val00409,col24_val00409,col25_val00409,col26_val00409,col27_val00409,col28_val00409,col29_val00409
col0_val00410,col1_val00410,col2_val00410,col3_val00410,col4_val00410,col5_val00410,col6_val00410,col7_val00410,col8_val00410,col9_val00410,col10_val00410,col11_val00410,col12_val00410,col13_val00410,col14_val00410,col15_val00410,col16_val00410,col17_val00410,col18_val00410,col19_val00410,col20_val00410,col21_val00410,col22_val00410,col23_val00410,col24_val00410,col25_val00410,col26_val00410,col27_val00410,col28_val00410,col29_val00410
col0_val00411,col1_val00411,col2_val00411,col3_val00411,col4_val00411,col5_val00411,col6_val00411,col7_val00411,col8_val00411,col9_val00411,col10_val00411,col11_val00411,col12_val00411,col13_val00411,col14_val00411,col15_val00411,col16_val00411,col17_val00411,col18_val00411,col19_val00411,col20_val00411,col21_val00411,col22_val00411,col23_val00411,col24_val00411,col25_val00411,col26_val00411,col27_val00411,col28_val00411,col29_val00411
col0_val00412,col1_val00412,col2_val00412,col3_val00412,col4_val00412,col5_val00412,col6_val00412,col7_val00412,col8_val00412,col9_val00412,col10_val00412,col11_val00412,col12_val00412,col13_val00412,col14_val00412,col15_val00412,col16_val00412,col17_val00412,col18_val00412,col19_val00412,col20_val00412,col21_val00412,col22_val00412,col23_val00412,col24_val00412,col25_val00412,col26_val00412,col27_val00412,col28_val00412,col29_val00412
col0_val00413,col1_val00413,col2_val00413,col3_val00413,col4_val00413,col5_val00413,col6_val00413,col7_val00413,col8_val00413,col9_val00413,col10_val00413,col11_val00413,col12_val00413,col13_val00413,col14_val00413,col15_val00413,col16_val00413,col17_val00413,col18_val00413,col19_val00413,col20_val00413,col21_val00413,col22_val00413,col23_val00413,col24_val00413,col25_val00413,col26_val00413,col27_val00413,col28_val00413,col29_val00413
col0_val00414,col1_val00414,col2_val00414,col3_val00414,col4_val00414,col5_val00414,col6_val00414,col7_val00414,col8_val00414,col9_val00414,col10_val00414,col11_val00414,col12_val00414,col13_val00414,col14_val00414,col15_val00414,col16_val00414,col17_val00414,col18_val00414,col19_val00414,col20_val00414,col21_val00414,col22_val00414,col23_val00414,col24_val00414,col25_val00414,col26_val00414,col27_val00414,col28_val00414,col29_val00414
col0_val00415,col1_val00415,col2_val00415,col3_val00415,col4_val00415,col5_val00415,col6_val00415,col7_val00415,col8_val00415,col9_val00415,col10_val00415,col11_val00415,col12_val00415,col13_val00415,col14_val00415,col15_val00415,col16_val00415,col17_val00415,col18_val00415,col19_val00415,col20_val00415,col21_val00415,col22_val00415,col23_val00415,col24_val00415,col25_val00415,col26_val00415,col27_val00415,col28_val00415,col29_val00415
col0_val00416,col1_val00416,col2_val00416,col3_val00416,col4_val00416,col5_val00416,col6_val00416,col7_val00416,col8_val00416,col9_val00416,col10_val00416,col11_val00416,col12_val00416,col13_val00416,col14_val00416,col15_val00416,col16_val00416,col17_val00416,col18_val00416,col19_val00416,col20_val00416,col21_val00416,col22_val00416,col23_val00416,col24_val00416,col25_val00416,col26_val00416,col27_val00416,col28_val00416,col29_val00416
col0_val00417,col1_val00417,col2_val00417,col3_val00417,col4_val00417,col5_val00417,col6_val00417,col7_val00417,col8_val00417,col9_val00417,col10_val00417,col11_val00417,col12_val00417,col13_val00417,col14_val00417,col15_val00417,col16_val00417,col17_val00417,col18_val00417,col19_val00417,col20_val00417,col21_val00417,col22_val00417,col23_val00417,col24_val00417,col25_val00417,col26_val00417,col27_val00417,col28_val00417,col29_val00417
col0_val00418,col1_val00418,col2_val00418,col3_val00418,col4_val00418,col5_val00418,col6_val00418,col7_val00418,col8_val00418,col9_val00418,col10_val00418,col11_val00418,col12_val00418,col13_val00418,col14_val00418,col15_val00418,col16_val00418,col17_val00418,col18_val00418,col19_val00418,col20_val00418,col21_val00418,col22_val00418,col23_val00418,col24_val00418,col25_val00418,col26_val00418,col27_val00418,col28_val00418,col29_val00418
col0_val00419,col1_val00419,col2_val00419,col3_val00419,col4_val00419,col5_val00419,col6_val00419,col7_val00419,col8_val00419,col9_val00419,col10_val00419,col11_val00419,col12_val00419,col13_val00419,col14_val00419,col15_val00419,col16_val00419,col17_val00419,col18_val00419,col19_val00419,col20_val00419,col21_val00419,col22_val00419,col23_val00419,col24_val00419,col25_val00419,col26_val00419,col27_val00419,col28_val00419,col29_val00419
col0_val00420,col1_val00420,col2_val00420,col3_val00420,col4_val00420,col5_val00420,col6_val00420,col7_val00420,col8_val00420,col9_val00420,col10_val00420,col11_val00420,col12_val00420,col13_val00420,col14_val00420,col15_val00420,col16_val00420,col17_val00420,col18_val00420,col19_val00420,col20_val00420,col21_val00420,col22_val00420,col23_val00420,col24_val00420,col25_val00420,col26_val00420,col27_val00420,col28_val00420,col29_val00420
col0_val00421,col1_val00421,col2_val00421,col3_val00421,col4_val00421,col5_val00421,col6_val00421,col7_val00421,col8_val00421,col9_val00421,col10_val00421,col11_val00421,col12_val00421,col13_val00421,col14_val00421,col15_val00421,col16_val00421,col17_val00421,col18_val00421,col19_val00421,col20_val00421,col21_val00421,col22_val00421,col23_val00421,col24_val00421,col25_val00421,col26_val00421,col27_val00421,col28_val00421,col29_val00421
col0_val00422,col1_val00422,col2_val00422,col3_val00422,col4_val00422,col5_val00422,col6_val00422,col7_val00422,col8_val00422,col9_val00422,col10_val00422,col11_val00422,col12_val00422,col13_val00422,col14_val00422,col15_val00422,col16_val00422,col17_val00422,col18_val00422,col19_val00422,col20_val00422,col21_val00422,col22_val00422,col23_val00422,col24_val00422,col25_val00422,col26_val00422,col27_val00422,col28_val00422,col29_val00422
col0_val00423,col1_val00423,col2_val00423,col3_val00423,col4_val00423,col5_val00423,col6_val00423,col7_val00423,col8_val00423,col9_val00423,col10_val00423,col11_val00423,col12_val00423,col13_val00423,col14_val00423,col15_val00423,col16_val00423,col17_val00423,col18_val00423,col19_val00423,col20_val00423,col21_val00423,col22_val00423,col23_val00423,col24_val00423,col25_val00423,col26_val00423,col27_val00423,col28_val00423,col29_val00423
col0_val00424,col1_val00424,col2_val00424,col3_val00424,col4_val00424,col5_val00424,col6_val00424,col7_val00424,col8_val00424,col9_val00424,col10_val00424,col11_val00424,col12_val00424,col13_val00424,col14_val00424,col15_val00424,col16_val00424,col17_val00424,col18_val00424,col19_val00424,col20_val00424,col21_val00424,col22_val00424,col23_val00424,col24_val00424,col25_val00424,col26_val00424,col27_val00424,col28_val00424,col29_val00424
col0_val00425,col1_val00425,col2_val00425,col3_val00425,col4_val00425,col5_val00425,col6_val00425,col7_val00425,col8_val00425,col9_val00425,col10_val00425,col11_val00425,col12_val00425,col13_val00425,col14_val00425,col15_val00425,col16_val00425,col17_val00425,col18_val00425,col19_val00425,col20_val00425,col21_val00425,col22_val00425,col23_val00425,col24_val00425,col25_val00425,col26_val00425,col27_val00425,col28_val00425,col29_val00425
col0_val00426,col1_val00426,col2_val00426,col3_val00426,col4_val00426,col5_val00426,col6_val00426,col7_val00426,col8_val00426,col9_val00426,col10_val00426,col11_val00426,col12_val00426,col13_val00426,col14_val00426,col15_val00426,col16_val00426,col17_val00426,col18_val00426,col19_val00426,col20_val00426,col21_val00426,col22_val00426,col23_val00426,col24_val00426,col25_val00426,col26_val00426,col27_val00426,col28_val00426,col29_val00426
col0_val00427,col1_val00427,col2_val00427,col3_val00427,col4_val00427,col5_val00427,col6_val00427,col7_val00427,col8_val00427,col9_val00427,col10_val00427,col11_val00427,col12_val00427,col13_val00427,col14_val00427,col15_val00427,col16_val00427,col17_val00427,col18_val00427,col19_val00427,col20_val00427,col21_val00427,col22_val00427,col23_val00427,col24_val00427,col25_val00427,col26_val00427,col27_val00427,col28_val00427,col29_val00427
col0_val00428,col1_val00428,col2_val00428,col3_val00428,col4_val00428,col5_val00428,col6_val00428,col7_val00428,col8_val00428,col9_val00428,col10_val00428,col11_val00428,col12_val00428,col13_val00428,col14_val00428,col15_val00428,col16_val00428,col17_val00428,col18_val00428,col19_val00428,col20_val00428,col21_val00428,col22_val00428,col23_val00428,col24_val00428,col25_val00428,col26_val00428,col27_val00428,col28_val00428,col29_val00428
col0_val00429,col1_val00429,col2_val00429,col3_val00429,col4_val00429,col5_val00429,col6_val00429,col7_val00429,col8_val00429,col9_val00429,col10_val00429,col11_val00429,col12_val00429,col13_val00429,col14_val00429,col15_val00429,col16_val00429,col17_val00429,col18_val00429,col19_val00429,col20_val00429,col21_val00429,col22_val00429,col23_val00429,col24_val00429,col25_val00429,col26_val00429,col27_val00429,col28_val00429,col29_val00429
col0_val00430,col1_val00430,col2_val00430,col3_val00430,col4_val00430,col5_val00430,col6_val00430,col7_val00430,col8_val00430,col9_val00430,col10_val00430,col11_val00430,col12_val00430,col13_val00430,col14_val00430,col15_val00430,col16_val00430,col17_val00430,col18_val00430,col19_val00430,col20_val00430,col21_val00430,col22_val00430,col23_val00430,col24_val00430,col25_val00430,col26_val00430,col27_val00430,col28_val00430,col29_val00430
col0_val00431,col1_val00431,col2_val00431,col3_val00431,col4_val00431,col5_val00431,col6_val00431,col7_val00431,col8_val00431,col9_val00431,col10_val00431,col11_val00431,col12_val00431,col13_val00431,col14_val00431,col15_val00431,col16_val00431,col17_val00431,col18_val00431,col19_val00431,col20_val00431,col21_val00431,col22_val00431,col23_val00431,col24_val00431,col25_val00431,col26_val00431,col27_val00431,col28_val00431,col29_val00431
col0_val00432,col1_val00432,col2_val00432,col3_val00432,col4_val00432,col5_val00432,col6_val00432,col7_val00432,col8_val00432,col9_val00432,col10_val00432,col11_val00432,col12_val00432,col13_val00432,col14_val00432,col15_val00432,col16_val00432,col17_val00432,col18_val00432,col19_val00432,col20_val00432,col21_val00432,col22_val00432,col23_val00432,col24_val00432,col25_val00432,col26_val00432,col27_val00432,col28_val00432,col29_val00432
col0_val00433,col1_val00433,col2_val00433,col3_val00433,col4_val00433,col5_val00433,col6_val00433,col7_val00433,col8_val00433,col9_val00433,col10_val00433,col11_val00433,col12_val00433,col13_val00433,col14_val00433,col15_val00433,col16_val00433,col17_val00433,col18_val00433,col19_val00433,col20_val00433,col21_val00433,col22_val00433,col23_val00433,col24_val00433,col25_val00433,col26_val00433,col27_val00433,col28_val00433,col29_val00433
col0_val00434,col1_val00434,col2_val00434,col3_val00434,col4_val00434,col5_val00434,col6_val00434,col7_val00434,col8_val00434,col9_val00434,col10_val00434,col11_val00434,col12_val00434,col13_val00434,col14_val00434,col15_val00434,col16_val00434,col17_val00434,col18_val00434,col19_val00434,col20_val00434,col21_val00434,col22_val00434,col23_val00434,col24_val00434,col25_val00434,col26_val00434,col27_val00434,col28_val00434,col29_val00434
col0_val00435,col1_val00435,col2_val00435,col3_val00435,col4_val00435,col5_val00435,col6_val00435,col7_val00435,col8_val00435,col9_val00435,col10_val00435,col11_val00435,col12_val00435,col13_val00435,col14_val00435,col15_val00435,col16_val00435,col17_val00435,col18_val00435,col19_val00435,col20_val00435,col21_val00435,col22_val00435,col23_val00435,col24_val00435,col25_val00435,col26_val00435,col27_val00435,col28_val00435,col29_val00435
col0_val00436,col1_val00436,col2_val00436,col3_val00436,col4_val00436,col5_val00436,col6_val00436,col7_val00436,col8_val00436,col9_val00436,col10_val00436,col11_val00436,col12_val00436,col13_val00436,col14_val00436,col15_val00436,col16_val00436,col17_val00436,col18_val00436,col19_val00436,col20_val00436,col21_val00436,col22_val00436,col23_val00436,col24_val00436,col25_val00436,col26_val00436,col27_val00436,col28_val00436,col29_val00436
col0_val00437,col1_val00437,col2_val00437,col3_val00437,col4_val00437,col5_val00437,col6_val00437,col7_val00437,col8_val00437,col9_val00437,col10_val00437,col11_val00437,col12_val00437,col13_val00437,col14_val00437,col15_val00437,col16_val00437,col17_val00437,col18_val00437,col19_val00437,col20_val00437,col21_val00437,col22_val00437,col23_val00437,col24_val00437,col25_val00437,col26_val00437,col27_val00437,col28_val00437,col29_val00437
col0_val00438,col1_val00438,col2_val00438,col3_val00438,col4_val00438,col5_val00438,col6_val00438,col7_val00438,col8_val00438,col9_val00438,col10_val00438,col11_val00438,col12_val00438,col13_val00438,col14_val00438,col15_val00438,col16_val00438,col17_val00438,col18_val00438,col19_val00438,col20_val00438,col21_val00438,col22_val00438,col23_val00438,col24_val00438,col25_val00438,col26_val00438,col27_val00438,col28_val00438,col29_val00438
col0_val00439,col1_val00439,col2_val00439,col3_val00439,col4_val00439,col5_val00439,col6_val00439,col7_val00439,col8_val00439,col9_val00439,col10_val00439,col11_val00439,col12_val00439,col13_val00439,col14_val00439,col15_val00439,col16_val00439,col17_val00439,col18_val00439,col19_val00439,col20_val00439,col21_val00439,col22_val00439,col23_val00439,col24_val00439,col25_val00439,col26_val00439,col27_val00439,col28_val00439,col29_val00439
col0_val00440,col1_val00440,col2_val00440,col3_val00440,col4_val00440,col5_val00440,col6_val00440,col7_val00440,col8_val00440,col9_val00440,col10_val00440,col11_val00440,col12_val00440,col13_val00440,col14_val00440,col15_val00440,col16_val00440,col17_val00440,col18_val00440,col19_val00440,col20_val00440,col21_val00440,col22_val00440,col23_val00440,col24_val00440,col25_val00440,col26_val00440,col27_val00440,col28_val00440,col29_val00440
col0_val00441,col1_val00441,col2_val00441,col3_val00441,col4_val00441,col5_val00441,col6_val00441,col7_val00441,col8_val00441,col9_val00441,col10_val00441,col11_val00441,col12_val00441,col13_val00441,col14_val00441,col15_val00441,col16_val00441,col17_val00441,col18_val00441,col19_val00441,col20_val00441,col21_val00441,col22_val00441,col23_val00441,col24_val00441,col25_val00441,col26_val00441,col27_val00441,col28_val00441,col29_val00441
col0_val00442,col1_val00442,col2_val00442,col3_val00442,col4_val00442,col5_val00442,col6_val00442,col7_val00442,col8_val00442,col9_val00442,col10_val00442,col11_val00442,col12_val00442,col13_val00442,col14_val00442,col15_val00442,col16_val00442,col17_val00442,col18_val00442,col19_val00442,col20_val00442,col21_val00442,col22_val00442,col23_val00442,col24_val00442,col25_val00442,col26_val00442,col27_val00442,col28_val00442,col29_val00442
col0_val00443,col1_val00443,col2_val00443,col3_val00443,col4_val00443,col5_val00443,col6_val00443,col7_val00443,col8_val00443,col9_val00443,col10_val00443,col11_val00443,col12_val00443,col13_val00443,col14_val00443,col15_val00443,col16_val00443,col17_val00443,col18_val00443,col19_val00443,col20_val00443,col21_val00443,col22_val00443,col23_val00443,col24_val00443,col25_val00443,col26_val00443,col27_val00443,col28_val00443,col29_val00443
col0_val00444,col1_val00444,col2_val00444,col3_val00444,col4_val00444,col5_val00444,col6_val00444,col7_val00444,col8_val00444,col9_val00444,col10_val00444,col11_val00444,col12_val00444,col13_val00444,col14_val00444,col15_val00444,col16_val00444,col17_val00444,col18_val00444,col19_val00444,col20_val00444,col21_val00444,col22_val00444,col23_val00444,col24_val00444,col25_val00444,col26_val00444,col27_val00444,col28_val00444,col29_val00444
col0_val00445,col1_val00445,col2_val00445,col3_val00445,col4_val00445,col5_val00445,col6_val00445,col7_val00445,col8_val00445,col9_val00445,col10_val00445,col11_val00445,col12_val00445,col13_val00445,col14_val00445,col15_val00445,col16_val00445,col17_val00445,col18_val00445,col19_val00445,col20_val00445,col21_val00445,col22_val00445,col23_val00445,col24_val00445,col25_val00445,col26_val00445,col27_val00445,col28_val00445,col29_val00445
col0_val00446,col1_val00446,col2_val00446,col3_val00446,col4_val00446,col5_val00446,col6_val00446,col7_val00446,col8_val00446,col9_val00446,col10_val00446,col11_val00446,col12_val00446,col13_val00446,col14_val00446,col15_val00446,col16_val00446,col17_val00446,col18_val00446,col19_val00446,col20_val00446,col21_val00446,col22_val00446,col23_val00446,col24_val00446,col25_val00446,col26_val00446,col27_val00446,col28_val00446,col29_val00446
col0_val00447,col1_val00447,col2_val00447,col3_val00447,col4_val00447,col5_val00447,col6_val00447,col7_val00447,col8_val00447,col9_val00447,col10_val00447,col11_val00447,col12_val00447,col13_val00447,col14_val00447,col15_val00447,col16_val00447,col17_val00447,col18_val00447,col19_val00447,col20_val00447,col21_val00447,col22_val00447,col23_val00447,col24_val00447,col25_val00447,col26_val00447,col27_val00447,col28_val00447,col29_val00447
col0_val00448,col1_val00448,col2_val00448,col3_val00448,col4_val00448,col5_val00448,col6_val00448,col7_val00448,col8_val00448,col9_val00448,col10_val00448,col11_val00448,col12_val00448,col13_val00448,col14_val00448,col15_val00448,col16_val00448,col17_val00448,col18_val00448,col19_val00448,col20_val00448,col21_val00448,col22_val00448,col23_val00448,col24_val00448,col25_val00448,col26_val00448,col27_val00448,col28_val00448,col29_val00448
col0_val00449,col1_val00449,col2_val00449,col3_val00449,col4_val00449,col5_val00449,col6_val00449,col7_val00449,col8_val00449,col9_val00449,col10_val00449,col11_val00449,col12_val00449,col13_val00449,col14_val00449,col15_val00449,col16_val00449,col17_val00449,col18_val00449,col19_val00449,col20_val00449,col21_val00449,col22_val00449,col23_val00449,col24_val00449,col25_val00449,col26_val00449,col27_val00449,col28_val00449,col29_val00449
col0_val00450,col1_val00450,col2_val00450,col3_val00450,col4_val00450,col5_val00450,col6_val00450,col7_val00450,col8_val00450,col9_val00450,col10_val00450,col11_val00450,col12_val00450,col13_val00450,col14_val00450,col15_val00450,col16_val00450,col17_val00450,col18_val00450,col19_val00450,col20_val00450,col21_val00450,col22_val00450,col23_val00450,col24_val00450,col25_val00450,col26_val00450,col27_val00450,col28_val00450,col29_val00450
col0_val00451,col1_val00451,col2_val00451,col3_val00451,col4_val00451,col5_val00451,col6_val00451,col7_val00451,col8_val00451,col9_val00451,col10_val00451,col11_val00451,col12_val00451,col13_val00451,col14_val00451,col15_val00451,col16_val00451,col17_val00451,col18_val00451,col19_val00451,col20_val00451,col21_val00451,col22_val00451,col23_val00451,col24_val00451,col25_val00451,col26_val00451,col27_val00451,col28_val00451,col29_val00451
col0_val00452,col1_val00452,col2_val00452,col3_val00452,col4_val00452,col5_val00452,col6_val00452,col7_val00452,col8_val00452,col9_val00452,col10_val00452,col11_val00452,col12_val00452,col13_val00452,col14_val00452,col15_val00452,col16_val00452,col17_val00452,col18_val00452,col19_val00452,col20_val00452,col21_val00452,col22_val00452,col23_val00452,col24_val00452,col25_val00452,col26_val00452,col27_val00452,col28_val00452,col29_val00452
col0_val00453,col1_val00453,col2_val00453,col3_val00453,col4_val00453,col5_val00453,col6_val00453,col7_val00453,col8_val00453,col9_val00453,col10_val00453,col11_val00453,col12_val00453,col13_val00453,col14_val00453,col15_val00453,col16_val00453,col17_val00453,col18_val00453,col19_val00453,col20_val00453,col21_val00453,col22_val00453,col23_val00453,col24_val00453,col25_val00453,col26_val00453,col27_val00453,col28_val00453,col29_val00453
col0_val00454,col1_val00454,col2_val00454,col3_val00454,col4_val00454,col5_val00454,col6_val00454,col7_val00454,col8_val00454,col9_val00454,col10_val00454,col11_val00454,col12_val00454,col13_val00454,col14_val00454,col15_val00454,col16_val00454,col17_val00454,col18_val00454,col19_val00454,col20_val00454,col21_val00454,col22_val00454,col23_val00454,col24_val00454,col25_val00454,col26_val00454,col27_val00454,col28_val00454,col29_val00454
col0_val00455,col1_val00455,col2_val00455,col3_val00455,col4_val00455,col5_val00455,col6_val00455,col7_val00455,col8_val00455,col9_val00455,col10_val00455,col11_val00455,col12_val00455,col13_val00455,col14_val00455,col15_val00455,col16_val00455,col17_val00455,col18_val00455,col19_val00455,col20_val00455,col21_val00455,col22_val00455,col23_val00455,col24_val00455,col25_val00455,col26_val00455,col27_val00455,col28_val00455,col29_val00455
col0_val00456,col1_val00456,col2_val00456,col3_val00456,col4_val00456,col5_val00456,col6_val00456,col7_val00456,col8_val00456,col9_val00456,col10_val00456,col11_val00456,col12_val00456,col13_val00456,col14_val00456,col15_val00456,col16_val00456,col17_val00456,col18_val00456,col19_val00456,col20_val00456,col21_val00456,col22_val00456,col23_val00456,col24_val00456,col25_val00456,col26_val00456,col27_val00456,col28_val00456,col29_val00456
col0_val00457,col1_val00457,col2_val00457,col3_val00457,col4_val00457,col5_val00457,col6_val00457,col7_val00457,col8_val00457,col9_val00457,col10_val00457,col11_val00457,col12_val00457,col13_val00457,col14_val00457,col15_val00457,col16_val00457,col17_val00457,col18_val00457,col19_val00457,col20_val00457,col21_val00457,col22_val00457,col23_val00457,col24_val00457,col25_val00457,col26_val00457,col27_val00457,col28_val00457,col29_val00457
col0_val00458,col1_val00458,col2_val00458,col3_val00458,col4_val00458,col5_val00458,col6_val00458,col7_val00458,col8_val00458,col9_val00458,col10_val00458,col11_val00458,col12_val00458,col13_val00458,col14_val00458,col15_val00458,col16_val00458,col17_val00458,col18_val00458,col19_val00458,col20_val00458,col21_val00458,col22_val00458,col23_val00458,col24_val00458,col25_val00458,col26_val00458,col27_val00458,col28_val00458,col29_val00458
col0_val00459,col1_val00459,col2_val00459,col3_val00459,col4_val00459,col5_val00459,col6_val00459,col7_val00459,col8_val00459,col9_val00459,col10_val00459,col11_val00459,col12_val00459,col13_val00459,col14_val00459,col15_val00459,col16_val00459,col17_val00459,col18_val00459,col19_val00459,col20_val00459,col21_val00459,col22_val00459,col23_val00459,col24_val00459,col25_val00459,col26_val00459,col27_val00459,col28_val00459,col29_val00459
col0_val00460,col1_val00460,col2_val00460,col3_val00460,col4_val00460,col5_val00460,col6_val00460,col7_val00460,col8_val00460,col9_val00460,col10_val00460,col11_val00460,col12_val00460,col13_val00460,col14_val00460,col15_val00460,col16_val00460,col17_val00460,col18_val00460,col19_val00460,col20_val00460,col21_val00460,col22_val00460,col23_val00460,col24_val00460,col25_val00460,col26_val00460,col27_val00460,col28_val00460,col29_val00460
col0_val00461,col1_val00461,col2_val00461,col3_val00461,col4_val00461,col5_val00461,col6_val00461,col7_val00461,col8_val00461,col9_val00461,col10_val00461,col11_val00461,col12_val00461,col13_val00461,col14_val00461,col15_val00461,col16_val00461,col17_val00461,col18_val00461,col19_val00461,col20_val00461,col21_val00461,col22_val00461,col23_val00461,col24_val00461,col25_val00461,col26_val00461,col27_val00461,col28_val00461,col29_val00461
col0_val00462,col1_val00462,col2_val00462,col3_val00462,col4_val00462,col5_val00462,col6_val00462,col7_val00462,col8_val00462,col9_val00462,col10_val00462,col11_val00462,col12_val00462,col13_val00462,col14_val00462,col15_val00462,col16_val00462,col17_val00462,col18_val00462,col19_val00462,col20_val00462,col21_val00462,col22_val00462,col23_val00462,col24_val00462,col25_val00462,col26_val00462,col27_val00462,col28_val00462,col29_val00462
col0_val00463,col1_val00463,col2_val00463,col3_val00463,col4_val00463,col5_val00463,col6_val00463,col7_val00463,col8_val00463,col9_val00463,col10_val00463,col11_val00463,col12_val00463,col13_val00463,col14_val00463,col15_val00463,col16_val00463,col17_val00463,col18_val00463,col19_val00463,col20_val00463,col21_val00463,col22_val00463,col23_val00463,col24_val00463,col25_val00463,col26_val00463,col27_val00463,col28_val00463,col29_val00463
col0_val00464,col1_val00464,col2_val00464,col3_val00464,col4_val00464,col5_val00464,col6_val00464,col7_val00464,col8_val00464,col9_val00464,col10_val00464,col11_val00464,col12_val00464,col13_val00464,col14_val00464,col15_val00464,col16_val00464,col17_val00464,col18_val00464,col19_val00464,col20_val00464,col21_val00464,col22_val00464,col23_val00464,col24_val00464,col25_val00464,col26_val00464,col27_val00464,col28_val00464,col29_val00464
col0_val00465,col1_val00465,col2_val00465,col3_val00465,col4_val00465,col5_val00465,col6_val00465,col7_val00465,col8_val00465,col9_val00465,col10_val00465,col11_val00465,col12_val00465,col13_val00465,col14_val00465,col15_val00465,col16_val00465,col17_val00465,col18_val00465,col19_val00465,col20_val00465,col21_val00465,col22_val00465,col23_val00465,col24_val00465,col25_val00465,col26_val00465,col27_val00465,col28_val00465,col29_val00465
col0_val00466,col1_val00466,col2_val00466,col3_val00466,col4_val00466,col5_val00466,col6_val00466,col7_val00466,col8_val00466,col9_val00466,col10_val00466,col11_val00466,col12_val00466,col13_val00466,col14_val00466,col15_val00466,col16_val00466,col17_val00466,col18_val00466,col19_val00466,col20_val00466,col21_val00466,col22_val00466,col23_val00466,col24_val00466,col25_val00466,col26_val00466,col27_val00466,col28_val00466,col29_val00466
col0_val00467,col1_val00467,col2_val00467,col3_val00467,col4_val00467,col5_val00467,col6_val00467,col7_val00467,col8_val00467,col9_val00467,col10_val00467,col11_val00467,col12_val00467,col13_val00467,col14_val00467,col15_val00467,col16_val00467,col17_val00467,col18_val00467,col19_val00467,col20_val00467,col21_val00467,col22_val00467,col23_val00467,col24_val00467,col25_val00467,col26_val00467,col27_val00467,col28_val00467,col29_val00467
col0_val00468,col1_val00468,col2_val00468,col3_val00468,col4_val00468,col5_val00468,col6_val00468,col7_val00468,col8_val00468,col9_val00468,col10_val00468,col11_val00468,col12_val00468,col13_val00468,col14_val00468,col15_val00468,col16_val00468,col17_val00468,col18_val00468,col19_val00468,col20_val00468,col21_val00468,col22_val00468,col23_val00468,col24_val00468,col25_val00468,col26_val00468,col27_val00468,col28_val00468,col29_val00468
col0_val00469,col1_val00469,col2_val00469,col3_val00469,col4_val00469,col5_val00469,col6_val00469,col7_val00469,col8_val00469,col9_val00469,col10_val00469,col11_val00469,col12_val00469,col13_val00469,col14_val00469,col15_val00469,col16_val00469,col17_val00469,col18_val00469,col19_val00469,col20_val00469,col21_val00469,col22_val00469,col23_val00469,col24_val00469,col25_val00469,col26_val00469,col27_val00469,col28_val00469,col29_val00469
col0_val00470,col1_val00470,col2_val00470,col3_val00470,col4_val00470,col5_val00470,col6_val00470,col7_val00470,col8_val00470,col9_val00470,col10_val00470,col11_val00470,col12_val00470,col13_val00470,col14_val00470,col15_val00470,col16_val00470,col17_val00470,col18_val00470,col19_val00470,col20_val00470,col21_val00470,col22_val00470,col23_val00470,col24_val00470,col25_val00470,col26_val00470,col27_val00470,col28_val00470,col29_val00470
col0_val00471,col1_val00471,col2_val00471,col3_val00471,col4_val00471,col5_val00471,col6_val00471,col7_val00471,col8_val00471,col9_val00471,col10_val00471,col11_val00471,col12_val00471,col13_val00471,col14_val00471,col15_val00471,col16_val00471,col17_val00471,col18_val00471,col19_val00471,col20_val00471,col21_val00471,col22_val00471,col23_val00471,col24_val00471,col25_val00471,col26_val00471,col27_val00471,col28_val00471,col29_val00471
col0_val00472,col1_val00472,col2_val00472,col3_val00472,col4_val00472,col5_val00472,col6_val00472,col7_val00472,col8_val00472,col9_val00472,col10_val00472,col11_val00472,col12_val00472,col13_val00472,col14_val00472,col15_val00472,col16_val00472,col17_val00472,col18_val00472,col19_val00472,col20_val00472,col21_val00472,col22_val00472,col23_val00472,col24_val00472,col25_val00472,col26_val00472,col27_val00472,col28_val00472,col29_val00472
col0_val00473,col1_val00473,col2_val00473,col3_val00473,col4_val00473,col5_val00473,col6_val00473,col7_val00473,col8_val00473,col9_val00473,col10_val00473,col11_val00473,col12_val00473,col13_val00473,col14_val00473,col15_val00473,col16_val00473,col17_val00473,col18_val00473,col19_val00473,col20_val00473,col21_val00473,col22_val00473,col23_val00473,col24_val00473,col25_val00473,col26_val00473,col27_val00473,col28_val00473,col29_val00473
col0_val00474,col1_val00474,col2_val00474,col3_val00474,col4_val00474,col5_val00474,col6_val00474,col7_val00474,col8_val00474,col9_val00474,col10_val00474,col11_val00474,col12_val00474,col13_val00474,col14_val00474,col15_val00474,col16_val00474,col17_val00474,col18_val00474,col19_val00474,col20_val00474,col21_val00474,col22_val00474,col23_val00474,col24_val00474,col25_val00474,col26_val00474,col27_val00474,col28_val00474,col29_val00474
col0_val00475,col1_val00475,col2_val00475,col3_val00475,col4_val00475,col5_val00475,col6_val00475,col7_val00475,col8_val00475,col9_val00475,col10_val00475,col11_val00475,col12_val00475,col13_val00475,col14_val00475,col15_val00475,col16_val00475,col17_val00475,col18_val00475,col19_val00475,col20_val00475,col21_val00475,col22_val00475,col23_val00475,col24_val00475,col25_val00475,col26_val00475,col27_val00475,col28_val00475,col29_val00475
col0_val00476,col1_val00476,col2_val00476,col3_val00476,col4_val00476,col5_val00476,col6_val00476,col7_val00476,col8_val00476,col9_val00476,col10_val00476,col11_val00476,col12_val00476,col13_val00476,col14_val00476,col15_val00476,col16_val00476,col17_val00476,col18_val00476,col19_val00476,col20_val00476,col21_val00476,col22_val00476,col23_val00476,col24_val00476,col25_val00476,col26_val00476,col27_val00476,col28_val00476,col29_val00476
col0_val00477,col1_val00477,col2_val00477,col3_val00477,col4_val00477,col5_val00477,col6_val00477,col7_val00477,col8_val00477,col9_val00477,col10_val00477,col11_val00477,col12_val00477,col13_val00477,col14_val00477,col15_val00477,col16_val00477,col17_val00477,col18_val00477,col19_val00477,col20_val00477,col21_val00477,col22_val00477,col23_val00477,col24_val00477,col25_val00477,col26_val00477,col27_val00477,col28_val00477,col29_val00477
col0_val00478,col1_val00478,col2_val00478,col3_val00478,col4_val00478,col5_val00478,col6_val00478,col7_val00478,col8_val00478,col9_val00478,col10_val00478,col11_val00478,col12_val00478,col13_val00478,col14_val00478,col15_val00478,col16_val00478,col17_val00478,col18_val00478,col19_val00478,col20_val00478,col21_val00478,col22_val00478,col23_val00478,col24_val00478,col25_val00478,col26_val00478,col27_val00478,col28_val00478,col29_val00478
col0_val00479,col1_val00479,col2_val00479,col3_val00479,col4_val00479,col5_val00479,col6_val00479,col7_val00479,col8_val00479,col9_val00479,col10_val00479,col11_val00479,col12_val00479,col13_val00479,col14_val00479,col15_val00479,col16_val00479,col17_val00479,col18_val00479,col19_val00479,col20_val00479,col21_val00479,col22_val00479,col23_val00479,col24_val00479,col25_val00479,col26_val00479,col27_val00479,col28_val00479,col29_val00479
col0_val00480,col1_val00480,col2_val00480,col3_val00480,col4_val00480,col5_val00480,col6_val00480,col7_val00480,col8_val00480,col9_val00480,col10_val00480,col11_val00480,col12_val00480,col13_val00480,col14_val00480,col15_val00480,col16_val00480,col17_val00480,col18_val00480,col19_val00480,col20_val00480,col21_val00480,col22_val00480,col23_val00480,col24_val00480,col25_val00480,col26_val00480,col27_val00480,col28_val00480,col29_val00480
col0_val00481,col1_val00481,col2_val00481,col3_val00481,col4_val00481,col5_val00481,col6_val00481,col7_val00481,col8_val00481,col9_val00481,col10_val00481,col11_val00481,col12_val00481,col13_val00481,col14_val00481,col15_val00481,col16_val00481,col17_val00481,col18_val00481,col19_val00481,col20_val00481,col21_val00481,col22_val00481,col23_val00481,col24_val00481,col25_val00481,col26_val00481,col27_val00481,col28_val00481,col29_val00481
col0_val00482,col1_val00482,col2_val00482,col3_val00482,col4_val00482,col5_val00482,col6_val00482,col7_val00482,col8_val00482,col9_val00482,col10_val00482,col11_val00482,col12_val00482,col13_val00482,col14_val00482,col15_val00482,col16_val00482,col17_val00482,col18_val00482,col19_val00482,col20_val00482,col21_val00482,col22_val00482,col23_val00482,col24_val00482,col25_val00482,col26_val00482,col27_val00482,col28_val00482,col29_val00482
col0_val00483,col1_val00483,col2_val00483,col3_val00483,col4_val00483,col5_val00483,col6_val00483,col7_val00483,col8_val00483,col9_val00483,col10_val00483,col11_val00483,col12_val00483,col13_val00483,col14_val00483,col15_val00483,col16_val00483,col17_val00483,col18_val00483,col19_val00483,col20_val00483,col21_val00483,col22_val00483,col23_val00483,col24_val00483,col25_val00483,col26_val00483,col27_val00483,col28_val00483,col29_val00483
col0_val00484,col1_val00484,col2_val00484,col3_val00484,col4_val00484,col5_val00484,col6_val00484,col7_val00484,col8_val00484,col9_val00484,col10_val00484,col11_val00484,col12_val00484,col13_val00484,col14_val00484,col15_val00484,col16_val00484,col17_val00484,col18_val00484,col19_val00484,col20_val00484,col21_val00484,col22_val00484,col23_val00484,col24_val00484,col25_val00484,col26_val00484,col27_val00484,col28_val00484,col29_val00484
col0_val00485,col1_val00485,col2_val00485,col3_val00485,col4_val00485,col5_val00485,col6_val00485,col7_val00485,col8_val00485,col9_val00485,col10_val00485,col11_val00485,col12_val00485,col13_val00485,col14_val00485,col15_val00485,col16_val00485,col17_val00485,col18_val00485,col19_val00485,col20_val00485,col21_val00485,col22_val00485,col23_val00485,col24_val00485,col25_val00485,col26_val00485,col27_val00485,col28_val00485,col29_val00485
col0_val00486,col1_val00486,col2_val00486,col3_val00486,col4_val00486,col5_val00486,col6_val00486,col7_val00486,col8_val00486,col9_val00486,col10_val00486,col11_val00486,col12_val00486,col13_val00486,col14_val00486,col15_val00486,col16_val00486,col17_val00486,col18_val00486,col19_val00486,col20_val00486,col21_val00486,col22_val00486,col23_val00486,col24_val00486,col25_val00486,col26_val00486,col27_val00486,col28_val00486,col29_val00486
col0_val00487,col1_val00487,col2_val00487,col3_val00487,col4_val00487,col5_val00487,col6_val00487,col7_val00487,col8_val00487,col9_val00487,col10_val00487,col11_val00487,col12_val00487,col13_val00487,col14_val00487,col15_val00487,col16_val00487,col17_val00487,col18_val00487,col19_val00487,col20_val00487,col21_val00487,col22_val00487,col23_val00487,col24_val00487,col25_val00487,col26_val00487,col27_val00487,col28_val00487,col29_val00487
col0_val00488,col1_val00488,col2_val00488,col3_val00488,col4_val00488,col5_val00488,col6_val00488,col7_val00488,col8_val00488,col9_val00488,col10_val00488,col11_val00488,col12_val00488,col13_val00488,col14_val00488,col15_val00488,col16_val00488,col17_val00488,col18_val00488,col19_val00488,col20_val00488,col21_val00488,col22_val00488,col23_val00488,col24_val00488,col25_val00488,col26_val00488,col27_val00488,col28_val00488,col29_val00488
col0_val00489,col1_val00489,col2_val00489,col3_val00489,col4_val00489,col5_val00489,col6_val00489,col7_val00489,col8_val00489,col9_val00489,col10_val00489,col11_val00489,col12_val00489,col13_val00489,col14_val00489,col15_val00489,col16_val00489,col17_val00489,col18_val00489,col19_val00489,col20_val00489,col21_val00489,col22_val00489,col23_val00489,col24_val00489,col25_val00489,col26_val00489,col27_val00489,col28_val00489,col29_val00489
col0_val00490,col1_val00490,col2_val00490,col3_val00490,col4_val00490,col5_val00490,col6_val00490,col7_val00490,col8_val00490,col9_val00490,col10_val00490,col11_val00490,col12_val00490,col13_val00490,col14_val00490,col15_val00490,col16_val00490,col17_val00490,col18_val00490,col19_val00490,col20_val00490,col21_val00490,col22_val00490,col23_val00490,col24_val00490,col25_val00490,col26_val00490,col27_val00490,col28_val00490,col29_val00490
col0_val00491,col1_val00491,col2_val00491,col3_val00491,col4_val00491,col5_val00491,col6_val00491,col7_val00491,col8_val00491,col9_val00491,col10_val00491,col11_val00491,col12_val00491,col13_val00491,col14_val00491,col15_val00491,col16_val00491,col17_val00491,col18_val00491,col19_val00491,col20_val00491,col21_val00491,col22_val00491,col23_val00491,col24_val00491,col25_val00491,col26_val00491,col27_val00491,col28_val00491,col29_val00491
col0_val00492,col1_val00492,col2_val00492,col3_val00492,col4_val00492,col5_val00492,col6_val00492,col7_val00492,col8_val00492,col9_val00492,col10_val00492,col11_val00492,col12_val00492,col13_val00492,col14_val00492,col15_val00492,col16_val00492,col17_val00492,col18_val00492,col19_val00492,col20_val00492,col21_val00492,col22_val00492,col23_val00492,col24_val00492,col25_val00492,col26_val00492,col27_val00492,col28_val00492,col29_val00492
col0_val00493,col1_val00493,col2_val00493,col3_val00493,col4_val00493,col5_val00493,col6_val00493,col7_val00493,col8_val00493,col9_val00493,col10_val00493,col11_val00493,col12_val00493,col13_val00493,col14_val00493,col15_val00493,col16_val00493,col17_val00493,col18_val00493,col19_val00493,col20_val00493,col21_val00493,col22_val00493,col23_val00493,col24_val00493,col25_val00493,col26_val00493,col27_val00493,col28_val00493,col29_val00493
col0_val00494,col1_val00494,col2_val00494,col3_val00494,col4_val00494,col5_val00494,col6_val00494,col7_val00494,col8_val00494,col9_val00494,col10_val00494,col11_val00494,col12_val00494,col13_val00494,col14_val00494,col15_val00494,col16_val00494,col17_val00494,col18_val00494,col19_val00494,col20_val00494,col21_val00494,col22_val00494,col23_val00494,col24_val00494,col25_val00494,col26_val00494,col27_val00494,col28_val00494,col29_val00494
col0_val00495,col1_val00495,col2_val00495,col3_val00495,col4_val00495,col5_val00495,col6_val00495,col7_val00495,col8_val00495,col9_val00495,col10_val00495,col11_val00495,col12_val00495,col13_val00495,col14_val00495,col15_val00495,col16_val00495,col17_val00495,col18_val00495,col19_val00495,col20_val00495,col21_val00495,col22_val00495,col23_val00495,col24_val00495,col25_val00495,col26_val00495,col27_val00495,col28_val00495,col29_val00495
col0_val00496,col1_val00496,col2_val00496,col3_val00496,col4_val00496,col5_val00496,col6_val00496,col7_val00496,col8_val00496,col9_val00496,col10_val00496,col11_val00496,col12_val00496,col13_val00496,col14_val00496,col15_val00496,col16_val00496,col17_val00496,col18_val00496,col19_val00496,col20_val00496,col21_val00496,col22_val00496,col23_val00496,col24_val00496,col25_val00496,col26_val00496,col27_val00496,col28_val00496,col29_val00496
col0_val00497,col1_val00497,col2_val00497,col3_val00497,col4_val00497,col5_val00497,col6_val00497,col7_val00497,col8_val00497,col9_val00497,col10_val00497,col11_val00497,col12_val00497,col13_val00497,col14_val00497,col15_val00497,col16_val00497,col17_val00497,col18_val00497,col19_val00497,col20_val00497,col21_val00497,col22_val00497,col23_val00497,col24_val00497,col25_val00497,col26_val00497,col27_val00497,col28_val00497,col29_val00497
col0_val00498,col1_val00498,col2_val00498,col3_val00498,col4_val00498,col5_val00498,col6_val00498,col7_val00498,col8_val00498,col9_val00498,col10_val00498,col11_val00498,col12_val00498,col13_val00498,col14_val00498,col15_val00498,col16_val00498,col17_val00498,col18_val00498,col19_val00498,col20_val00498,col21_val00498,col22_val00498,col23_val00498,col24_val00498,col25_val00498,col26_val00498,col27_val00498,col28_val00498,col29_val00498
col0_val00499,col1_val00499,col2_val00499,col3_val00499,col4_val00499,col5_val00499,col6_val00499,col7_val00499,col8_val00499,col9_val00499,col10_val00499,col11_val00499,col12_val00499,col13_val00499,col14_val00499,col15_val00499,col16_val00499,col17_val00499,col18_val00499,col19_val00499,col20_val00499,col21_val00499,col22_val00499,col23_val00499,col24_val00499,col25_val00499,col26_val00499,col27_val00499,col28_val00499,col29_val00499
col0_val00500,col1_val00500,col2_val00500,col3_val00500,col4_val00500,col5_val00500,col6_val00500,col7_val00500,col8_val00500,col9_val00500,col10_val00500,col11_val00500,col12_val00500,col13_val00500,col14_val00500,col15_val00500,col16_val00500,col17_val00500,col18_val00500,col19_val00500,col20_val00500,col21_val00500,col22_val00500,col23_val00500,col24_val00500,col25_val00500,col26_val00500,col27_val00500,col28_val00500,col29_val00500
col0_val00501,col1_val00501,col2_val00501,col3_val00501,col4_val00501,col5_val00501,col6_val00501,col7_val00501,col8_val00501,col9_val00501,col10_val00501,col11_val00501,col12_val00501,col13_val00501,col14_val00501,col15_val00501,col16_val00501,col17_val00501,col18_val00501,col19_val00501,col20_val00501,col21_val00501,col22_val00501,col23_val00501,col24_val00501,col25_val00501,col26_val00501,col27_val00501,col28_val00501,col29_val00501
col0_val00502,col1_val00502,col2_val00502,col3_val00502,col4_val00502,col5_val00502,col6_val00502,col7_val00502,col8_val00502,col9_val00502,col10_val00502,col11_val00502,col12_val00502,col13_val00502,col14_val00502,col15_val00502,col16_val00502,col17_val00502,col18_val00502,col19_val00502,col20_val00502,col21_val00502,col22_val00502,col23_val00502,col24_val00502,col25_val00502,col26_val00502,col27_val00502,col28_val00502,col29_val00502
col0_val00503,col1_val00503,col2_val00503,col3_val00503,col4_val00503,col5_val00503,col6_val00503,col7_val00503,col8_val00503,col9_val00503,col10_val00503,col11_val00503,col12_val00503,col13_val00503,col14_val00503,col15_val00503,col16_val00503,col17_val00503,col18_val00503,col19_val00503,col20_val00503,col21_val00503,col22_val00503,col23_val00503,col24_val00503,col25_val00503,col26_val00503,col27_val00503,col28_val00503,col29_val00503
col0_val00504,col1_val00504,col2_val00504,col3_val00504,col4_val00504,col5_val00504,col6_val00504,col7_val00504,col8_val00504,col9_val00504,col10_val00504,col11_val00504,col12_val00504,col13_val00504,col14_val00504,col15_val00504,col16_val00504,col17_val00504,col18_val00504,col19_val00504,col20_val00504,col21_val00504,col22_val00504,col23_val00504,col24_val00504,col25_val00504,col26_val00504,col27_val00504,col28_val00504,col29_val00504
col0_val00505,col1_val00505,col2_val00505,col3_val00505,col4_val00505,col5_val00505,col6_val00505,col7_val00505,col8_val00505,col9_val00505,col10_val00505,col11_val00505,col12_val00505,col13_val00505,col14_val00505,col15_val00505,col16_val00505,col17_val00505,col18_val00505,col19_val00505,col20_val00505,col21_val00505,col22_val00505,col23_val00505,col24_val00505,col25_val00505,col26_val00505,col27_val00505,col28_val00505,col29_val00505
col0_val00506,col1_val00506,col2_val00506,col3_val00506,col4_val00506,col5_val00506,col6_val00506,col7_val00506,col8_val00506,col9_val00506,col10_val00506,col11_val00506,col12_val00506,col13_val00506,col14_val00506,col15_val00506,col16_val00506,col17_val00506,col18_val00506,col19_val00506,col20_val00506,col21_val00506,col22_val00506,col23_val00506,col24_val00506,col25_val00506,col26_val00506,col27_val00506,col28_val00506,col29_val00506
col0_val00507,col1_val00507,col2_val00507,col3_val00507,col4_val00507,col5_val00507,col6_val00507,col7_val00507,col8_val00507,col9_val00507,col10_val00507,col11_val00507,col12_val00507,col13_val00507,col14_val00507,col15_val00507,col16_val00507,col17_val00507,col18_val00507,col19_val00507,col20_val00507,col21_val00507,col22_val00507,col23_val00507,col24_val00507,col25_val00507,col26_val00507,col27_val00507,col28_val00507,col29_val00507
col0_val00508,col1_val00508,col2_val00508,col3_val00508,col4_val00508,col5_val00508,col6_val00508,col7_val00508,col8_val00508,col9_val00508,col10_val00508,col11_val00508,col12_val00508,col13_val00508,col14_val00508,col15_val00508,col16_val00508,col17_val00508,col18_val00508,col19_val00508,col20_val00508,col21_val00508,col22_val00508,col23_val00508,col24_val00508,col25_val00508,col26_val00508,col27_val00508,col28_val00508,col29_val00508
col0_val00509,col1_val00509,col2_val00509,col3_val00509,col4_val00509,col5_val00509,col6_val00509,col7_val00509,col8_val00509,col9_val00509,col10_val00509,col11_val00509,col12_val00509,col13_val00509,col14_val00509,col15_val00509,col16_val00509,col17_val00509,col18_val00509,col19_val00509,col20_val00509,col21_val00509,col22_val00509,col23_val00509,col24_val00509,col25_val00509,col26_val00509,col27_val00509,col28_val00509,col29_val00509
col0_val00510,col1_val00510,col2_val00510,col3_val00510,col4_val00510,col5_val00510,col6_val00510,col7_val00510,col8_val00510,col9_val00510,col10_val00510,col11_val00510,col12_val00510,col13_val00510,col14_val00510,col15_val00510,col16_val00510,col17_val00510,col18_val00510,col19_val00510,col20_val00510,col21_val00510,col22_val00510,col23_val00510,col24_val00510,col25_val00510,col26_val00510,col27_val00510,col28_val00510,col29_val00510
col0_val00511,col1_val00511,col2_val00511,col3_val00511,col4_val00511,col5_val00511,col6_val00511,col7_val00511,col8_val00511,col9_val00511,col10_val00511,col11_val00511,col12_val00511,col13_val00511,col14_val00511,col15_val00511,col16_val00511,col17_val00511,col18_val00511,col19_val00511,col20_val00511,col21_val00511,col22_val00511,col23_val00511,col24_val00511,col25_val00511,col26_val00511,col27_val00511,col28_val00511,col29_val00511
col0_val00512,col1_val00512,col2_val00512,col3_val00512,col4_val00512,col5_val00512,col6_val00512,col7_val00512,col8_val00512,col9_val00512,col10_val00512,col11_val00512,col12_val00512,col13_val00512,col14_val00512,col15_val00512,col16_val00512,col17_val00512,col18_val00512,col19_val00512,col20_val00512,col21_val00512,col22_val00512,col23_val00512,col24_val00512,col25_val00512,col26_val00512,col27_val00512,col28_val00512,col29_val00512
col0_val00513,col1_val00513,col2_val00513,col3_val00513,col4_val00513,col5_val00513,col6_val00513,col7_val00513,col8_val00513,col9_val00513,col10_val00513,col11_val00513,col12_val00513,col13_val00513,col14_val00513,col15_val00513,col16_val00513,col17_val00513,col18_val00513,col19_val00513,col20_val00513,col21_val00513,col22_val00513,col23_val00513,col24_val00513,col25_val00513,col26_val00513,col27_val00513,col28_val00513,col29_val00513
col0_val00514,col1_val00514,col2_val00514,col3_val00514,col4_val00514,col5_val00514,col6_val00514,col7_val00514,col8_val00514,col9_val00514,col10_val00514,col11_val00514,col12_val00514,col13_val00514,col14_val00514,col15_val00514,col16_val00514,col17_val00514,col18_val00514,col19_val00514,col20_val00514,col21_val00514,col22_val00514,col23_val00514,col24_val00514,col25_val00514,col26_val00514,col27_val00514,col28_val00514,col29_val00514
col0_val00515,col1_val00515,col2_val00515,col3_val00515,col4_val00515,col5_val00515,col6_val00515,col7_val00515,col8_val00515,col9_val00515,col10_val00515,col11_val00515,col12_val00515,col13_val00515,col14_val00515,col15_val00515,col16_val00515,col17_val00515,col18_val00515,col19_val00515,col20_val00515,col21_val00515,col22_val00515,col23_val00515,col24_val00515,col25_val00515,col26_val00515,col27_val00515,col28_val00515,col29_val00515
col0_val00516,col1_val00516,col2_val00516,col3_val00516,col4_val00516,col5_val00516,col6_val00516,col7_val00516,col8_val00516,col9_val00516,col10_val00516,col11_val00516,col12_val00516,col13_val00516,col14_val00516,col15_val00516,col16_val00516,col17_val00516,col18_val00516,col19_val00516,col20_val00516,col21_val00516,col22_val00516,col23_val00516,col24_val00516,col25_val00516,col26_val00516,col27_val00516,col28_val00516,col29_val00516
col0_val00517,col1_val00517,col2_val00517,col3_val00517,col4_val00517,col5_val00517,col6_val00517,col7_val00517,col8_val00517,col9_val00517,col10_val00517,col11_val00517,col12_val00517,col13_val00517,col14_val00517,col15_val00517,col16_val00517,col17_val00517,col18_val00517,col19_val00517,col20_val00517,col21_val00517,col22_val00517,col23_val00517,col24_val00517,col25_val00517,col26_val00517,col27_val00517,col28_val00517,col29_val00517
col0_val00518,col1_val00518,col2_val00518,col3_val00518,col4_val00518,col5_val00518,col6_val00518,col7_val00518,col8_val00518,col9_val00518,col10_val00518,col11_val00518,col12_val00518,col13_val00518,col14_val00518,col15_val00518,col16_val00518,col17_val00518,col18_val00518,col19_val00518,col20_val00518,col21_val00518,col22_val00518,col23_val00518,col24_val00518,col25_val00518,col26_val00518,col27_val00518,col28_val00518,col29_val00518
col0_val00519,col1_val00519,col2_val00519,col3_val00519,col4_val00519,col5_val00519,col6_val00519,col7_val00519,col8_val00519,col9_val00519,col10_val00519,col11_val00519,col12_val00519,col13_val00519,col14_val00519,col15_val00519,col16_val00519,col17_val00519,col18_val00519,col19_val00519,col20_val00519,col21_val00519,col22_val00519,col23_val00519,col24_val00519,col25_val00519,col26_val00519,col27_val00519,col28_val00519,col29_val00519
col0_val00520,col1_val00520,col2_val00520,col3_val00520,col4_val00520,col5_val00520,col6_val00520,col7_val00520,col8_val00520,col9_val00520,col10_val00520,col11_val00520,col12_val00520,col13_val00520,col14_val00520,col15_val00520,col16_val00520,col17_val00520,col18_val00520,col19_val00520,col20_val00520,col21_val00520,col22_val00520,col23_val00520,col24_val00520,col25_val00520,col26_val00520,col27_val00520,col28_val00520,col29_val00520
col0_val00521,col1_val00521,col2_val00521,col3_val00521,col4_val00521,col5_val00521,col6_val00521,col7_val00521,col8_val00521,col9_val00521,col10_val00521,col11_val00521,col12_val00521,col13_val00521,col14_val00521,col15_val00521,col16_val00521,col17_val00521,col18_val00521,col19_val00521,col20_val00521,col21_val00521,col22_val00521,col23_val00521,col24_val00521,col25_val00521,col26_val00521,col27_val00521,col28_val00521,col29_val00521
col0_val00522,col1_val00522,col2_val00522,col3_val00522,col4_val00522,col5_val00522,col6_val00522,col7_val00522,col8_val00522,col9_val00522,col10_val00522,col11_val00522,col12_val00522,col13_val00522,col14_val00522,col15_val00522,col16_val00522,col17_val00522,col18_val00522,col19_val00522,col20_val00522,col21_val00522,col22_val00522,col23_val00522,col24_val00522,col25_val00522,col26_val00522,col27_val00522,col28_val00522,col29_val00522
col0_val00523,col1_val00523,col2_val00523,col3_val00523,col4_val00523,col5_val00523,col6_val00523,col7_val00523,col8_val00523,col9_val00523,col10_val00523,col11_val00523,col12_val00523,col13_val00523,col14_val00523,col15_val00523,col16_val00523,col17_val00523,col18_val00523,col19_val00523,col20_val00523,col21_val00523,col22_val00523,col23_val00523,col24_val00523,col25_val00523,col26_val00523,col27_val00523,col28_val00523,col29_val00523
col0_val00524,col1_val00524,col2_val00524,col3_val00524,col4_val00524,col5_val00524,col6_val00524,col7_val00524,col8_val00524,col9_val00524,col10_val00524,col11_val00524,col12_val00524,col13_val00524,col14_val00524,col15_val00524,col16_val00524,col17_val00524,col18_val00524,col19_val00524,col20_val00524,col21_val00524,col22_val00524,col23_val00524,col24_val00524,col25_val00524,col26_val00524,col27_val00524,col28_val00524,col29_val00524
col0_val00525,col1_val00525,col2_val00525,col3_val00525,col4_val00525,col5_val00525,col6_val00525,col7_val00525,col8_val00525,col9_val00525,col10_val00525,col11_val00525,col12_val00525,col13_val00525,col14_val00525,col15_val00525,col16_val00525,col17_val00525,col18_val00525,col19_val00525,col20_val00525,col21_val00525,col22_val00525,col23_val00525,col24_val00525,col25_val00525,col26_val00525,col27_val00525,col28_val00525,col29_val00525
col0_val00526,col1_val00526,col2_val00526,col3_val00526,col4_val00526,col5_val00526,col6_val00526,col7_val00526,col8_val00526,col9_val00526,col10_val00526,col11_val00526,col12_val00526,col13_val00526,col14_val00526,col15_val00526,col16_val00526,col17_val00526,col18_val00526,col19_val00526,col20_val00526,col21_val00526,col22_val00526,col23_val00526,col24_val00526,col25_val00526,col26_val00526,col27_val00526,col28_val00526,col29_val00526
col0_val00527,col1_val00527,col2_val00527,col3_val00527,col4_val00527,col5_val00527,col6_val00527,col7_val00527,col8_val00527,col9_val00527,col10_val00527,col11_val00527,col12_val00527,col13_val00527,col14_val00527,col15_val00527,col16_val00527,col17_val00527,col18_val00527,col19_val00527,col20_val00527,col21_val00527,col22_val00527,col23_val00527,col24_val00527,col25_val00527,col26_val00527,col27_val00527,col28_val00527,col29_val00527
col0_val00528,col1_val00528,col2_val00528,col3_val00528,col4_val00528,col5_val00528,col6_val00528,col7_val00528,col8_val00528,col9_val00528,col10_val00528,col11_val00528,col12_val00528,col13_val00528,col14_val00528,col15_val00528,col16_val00528,col17_val00528,col18_val00528,col19_val00528,col20_val00528,col21_val00528,col22_val00528,col23_val00528,col24_val00528,col25_val00528,col26_val00528,col27_val00528,col28_val00528,col29_val00528
col0_val00529,col1_val00529,col2_val00529,col3_val00529,col4_val00529,col5_val00529,col6_val00529,col7_val00529,col8_val00529,col9_val00529,col10_val00529,col11_val00529,col12_val00529,col13_val00529,col14_val00529,col15_val00529,col16_val00529,col17_val00529,col18_val00529,col19_val00529,col20_val00529,col21_val00529,col22_val00529,col23_val00529,col24_val00529,col25_val00529,col26_val00529,col27_val00529,col28_val00529,col29_val00529
col0_val00530,col1_val00530,col2_val00530,col3_val00530,col4_val00530,col5_val00530,col6_val00530,col7_val00530,col8_val00530,col9_val00530,col10_val00530,col11_val00530,col12_val00530,col13_val00530,col14_val00530,col15_val00530,col16_val00530,col17_val00530,col18_val00530,col19_val00530,col20_val00530,col21_val00530,col22_val00530,col23_val00530,col24_val00530,col25_val00530,col26_val00530,col27_val00530,col28_val00530,col29_val00530
col0_val00531,col1_val00531,col2_val00531,col3_val00531,col4_val00531,col5_val00531,col6_val00531,col7_val00531,col8_val00531,col9_val00531,col10_val00531,col11_val00531,col12_val00531,col13_val00531,col14_val00531,col15_val00531,col16_val00531,col17_val00531,col18_val00531,col19_val00531,col20_val00531,col21_val00531,col22_val00531,col23_val00531,col24_val00531,col25_val00531,col26_val00531,col27_val00531,col28_val00531,col29_val00531
col0_val00532,col1_val00532,col2_val00532,col3_val00532,col4_val00532,col5_val00532,col6_val00532,col7_val00532,col8_val00532,col9_val00532,col10_val00532,col11_val00532,col12_val00532,col13_val00532,col14_val00532,col15_val00532,col16_val00532,col17_val00532,col18_val00532,col19_val00532,col20_val00532,col21_val00532,col22_val00532,col23_val00532,col24_val00532,col25_val00532,col26_val00532,col27_val00532,col28_val00532,col29_val00532
col0_val00533,col1_val00533,col2_val00533,col3_val00533,col4_val00533,col5_val00533,col6_val00533,col7_val00533,col8_val00533,col9_val00533,col10_val00533,col11_val00533,col12_val00533,col13_val00533,col14_val00533,col15_val00533,col16_val00533,col17_val00533,col18_val00533,col19_val00533,col20_val00533,col21_val00533,col22_val00533,col23_val00533,col24_val00533,col25_val00533,col26_val00533,col27_val00533,col28_val00533,col29_val00533
col0_val00534,col1_val00534,col2_val00534,col3_val00534,col4_val00534,col5_val00534,col6_val00534,col7_val00534,col8_val00534,col9_val00534,col10_val00534,col11_val00534,col12_val00534,col13_val00534,col14_val00534,col15_val00534,col16_val00534,col17_val00534,col18_val00534,col19_val00534,col20_val00534,col21_val00534,col22_val00534,col23_val00534,col24_val00534,col25_val00534,col26_val00534,col27_val00534,col28_val00534,col29_val00534
col0_val00535,col1_val00535,col2_val00535,col3_val00535,col4_val00535,col5_val00535,col6_val00535,col7_val00535,col8_val00535,col9_val00535,col10_val00535,col11_val00535,col12_val00535,col13_val00535,col14_val00535,col15_val00535,col16_val00535,col17_val00535,col18_val00535,col19_val00535,col20_val00535,col21_val00535,col22_val00535,col23_val00535,col24_val00535,col25_val00535,col26_val00535,col27_val00535,col28_val00535,col29_val00535
col0_val00536,col1_val00536,col2_val00536,col3_val00536,col4_val00536,col5_val00536,col6_val00536,col7_val00536,col8_val00536,col9_val00536,col10_val00536,col11_val00536,col12_val00536,col13_val00536,col14_val00536,col15_val00536,col16_val00536,col17_val00536,col18_val00536,col19_val00536,col20_val00536,col21_val00536,col22_val00536,col23_val00536,col24_val00536,col25_val00536,col26_val00536,col27_val00536,col28_val00536,col29_val00536
col0_val00537,col1_val00537,col2_val00537,col3_val00537,col4_val00537,col5_val00537,col6_val00537,col7_val00537,col8_val00537,col9_val00537,col10_val00537,col11_val00537,col12_val00537,col13_val00537,col14_val00537,col15_val00537,col16_val00537,col17_val00537,col18_val00537,col19_val00537,col20_val00537,col21_val00537,col22_val00537,col23_val00537,col24_val00537,col25_val00537,col26_val00537,col27_val00537,col28_val00537,col29_val00537
col0_val00538,col1_val00538,col2_val00538,col3_val00538,col4_val00538,col5_val00538,col6_val00538,col7_val00538,col8_val00538,col9_val00538,col10_val00538,col11_val00538,col12_val00538,col13_val00538,col14_val00538,col15_val00538,col16_val00538,col17_val00538,col18_val00538,col19_val00538,col20_val00538,col21_val00538,col22_val00538,col23_val00538,col24_val00538,col25_val00538,col26_val00538,col27_val00538,col28_val00538,col29_val00538
col0_val00539,col1_val00539,col2_val00539,col3_val00539,col4_val00539,col5_val00539,col6_val00539,col7_val00539,col8_val00539,col9_val00539,col10_val00539,col11_val00539,col12_val00539,col13_val00539,col14_val00539,col15_val00539,col16_val00539,col17_val00539,col18_val00539,col19_val00539,col20_val00539,col21_val00539,col22_val00539,col23_val00539,col24_val00539,col25_val00539,col26_val00539,col27_val00539,col28_val00539,col29_val00539
col0_val00540,col1_val00540,col2_val00540,col3_val00540,col4_val00540,col5_val00540,col6_val00540,col7_val00540,col8_val00540,col9_val00540,col10_val00540,col11_val00540,col12_val00540,col13_val00540,col14_val00540,col15_val00540,col16_val00540,col17_val00540,col18_val00540,col19_val00540,col20_val00540,col21_val00540,col22_val00540,col23_val00540,col24_val00540,col25_val00540,col26_val00540,col27_val00540,col28_val00540,col29_val00540
col0_val00541,col1_val00541,col2_val00541,col3_val00541,col4_val00541,col5_val00541,col6_val00541,col7_val00541,col8_val00541,col9_val00541,col10_val00541,col11_val00541,col12_val00541,col13_val00541,col14_val00541,col15_val00541,col16_val00541,col17_val00541,col18_val00541,col19_val00541,col20_val00541,col21_val00541,col22_val00541,col23_val00541,col24_val00541,col25_val00541,col26_val00541,col27_val00541,col28_val00541,col29_val00541
col0_val00542,col1_val00542,col2_val00542,col3_val00542,col4_val00542,col5_val00542,col6_val00542,col7_val00542,col8_val00542,col9_val00542,col10_val00542,col11_val00542,col12_val00542,col13_val00542,col14_val00542,col15_val00542,col16_val00542,col17_val00542,col18_val00542,col19_val00542,col20_val00542,col21_val00542,col22_val00542,col23_val00542,col24_val00542,col25_val00542,col26_val00542,col27_val00542,col28_val00542,col29_val00542
col0_val00543,col1_val00543,col2_val00543,col3_val00543,col4_val00543,col5_val00543,col6_val00543,col7_val00543,col8_val00543,col9_val00543,col10_val00543,col11_val00543,col12_val00543,col13_val00543,col14_val00543,col15_val00543,col16_val00543,col17_val00543,col18_val00543,col19_val00543,col20_val00543,col21_val00543,col22_val00543,col23_val00543,col24_val00543,col25_val00543,col26_val00543,col27_val00543,col28_val00543,col29_val00543
col0_val00544,col1_val00544,col2_val00544,col3_val00544,col4_val00544,col5_val00544,col6_val00544,col7_val00544,col8_val00544,col9_val00544,col10_val00544,col11_val00544,col12_val00544,col13_val00544,col14_val00544,col15_val00544,col16_val00544,col17_val00544,col18_val00544,col19_val00544,col20_val00544,col21_val00544,col22_val00544,col23_val00544,col24_val00544,col25_val00544,col26_val00544,col27_val00544,col28_val00544,col29_val00544
col0_val00545,col1_val00545,col2_val00545,col3_val00545,col4_val00545,col5_val00545,col6_val00545,col7_val00545,col8_val00545,col9_val00545,col10_val00545,col11_val00545,col12_val00545,col13_val00545,col14_val00545,col15_val00545,col16_val00545,col17_val00545,col18_val00545,col19_val00545,col20_val00545,col21_val00545,col22_val00545,col23_val00545,col24_val00545,col25_val00545,col26_val00545,col27_val00545,col28_val00545,col29_val00545
col0_val00546,col1_val00546,col2_val00546,col3_val00546,col4_val00546,col5_val00546,col6_val00546,col7_val00546,col8_val00546,col9_val00546,col10_val00546,col11_val00546,col12_val00546,col13_val00546,col14_val00546,col15_val00546,col16_val00546,col17_val00546,col18_val00546,col19_val00546,col20_val00546,col21_val00546,col22_val00546,col23_val00546,col24_val00546,col25_val00546,col26_val00546,col27_val00546,col28_val00546,col29_val00546
col0_val00547,col1_val00547,col2_val00547,col3_val00547,col4_val00547,col5_val00547,col6_val00547,col7_val00547,col8_val00547,col9_val00547,col10_val00547,col11_val00547,col12_val00547,col13_val00547,col14_val00547,col15_val00547,col16_val00547,col17_val00547,col18_val00547,col19_val00547,col20_val00547,col21_val00547,col22_val00547,col23_val00547,col24_val00547,col25_val00547,col26_val00547,col27_val00547,col28_val00547,col29_val00547
col0_val00548,col1_val00548,col2_val00548,col3_val00548,col4_val00548,col5_val00548,col6_val00548,col7_val00548,col8_val00548,col9_val00548,col10_val00548,col11_val00548,col12_val00548,col13_val00548,col14_val00548,col15_val00548,col16_val00548,col17_val00548,col18_val00548,col19_val00548,col20_val00548,col21_val00548,col22_val00548,col23_val00548,col24_val00548,col25_val00548,col26_val00548,col27_val00548,col28_val00548,col29_val00548
col0_val00549,col1_val00549,col2_val00549,col3_val00549,col4_val00549,col5_val00549,col6_val00549,col7_val00549,col8_val00549,col9_val00549,col10_val00549,col11_val00549,col12_val00549,col13_val00549,col14_val00549,col15_val00549,col16_val00549,col17_val00549,col18_val00549,col19_val00549,col20_val00549,col21_val00549,col22_val00549,col23_val00549,col24_val00549,col25_val00549,col26_val00549,col27_val00549,col28_val00549,col29_val00549
col0_val00550,col1_val00550,col2_val00550,col3_val00550,col4_val00550,col5_val00550,col6_val00550,col7_val00550,col8_val00550,col9_val00550,col10_val00550,col11_val00550,col12_val00550,col13_val00550,col14_val00550,col15_val00550,col16_val00550,col17_val00550,col18_val00550,col19_val00550,col20_val00550,col21_val00550,col22_val00550,col23_val00550,col24_val00550,col25_val00550,col26_val00550,col27_val00550,col28_val00550,col29_val00550
col0_val00551,col1_val00551,col2_val00551,col3_val00551,col4_val00551,col5_val00551,col6_val00551,col7_val00551,col8_val00551,col9_val00551,col10_val00551,col11_val00551,col12_val00551,col13_val00551,col14_val00551,col15_val00551,col16_val00551,col17_val00551,col18_val00551,col19_val00551,col20_val00551,col21_val00551,col22_val00551,col23_val00551,col24_val00551,col25_val00551,col26_val00551,col27_val00551,col28_val00551,col29_val00551
col0_val00552,col1_val00552,col2_val00552,col3_val00552,col4_val00552,col5_val00552,col6_val00552,col7_val00552,col8_val00552,col9_val00552,col10_val00552,col11_val00552,col12_val00552,col13_val00552,col14_val00552,col15_val00552,col16_val00552,col17_val00552,col18_val00552,col19_val00552,col20_val00552,col21_val00552,col22_val00552,col23_val00552,col24_val00552,col25_val00552,col26_val00552,col27_val00552,col28_val00552,col29_val00552
col0_val00553,col1_val00553,col2_val00553,col3_val00553,col4_val00553,col5_val00553,col6_val00553,col7_val00553,col8_val00553,col9_val00553,col10_val00553,col11_val00553,col12_val00553,col13_val00553,col14_val00553,col15_val00553,col16_val00553,col17_val00553,col18_val00553,col19_val00553,col20_val00553,col21_val00553,col22_val00553,col23_val00553,col24_val00553,col25_val00553,col26_val00553,col27_val00553,col28_val00553,col29_val00553
col0_val00554,col1_val00554,col2_val00554,col3_val00554,col4_val00554,col5_val00554,col6_val00554,col7_val00554,col8_val00554,col9_val00554,col10_val00554,col11_val00554,col12_val00554,col13_val00554,col14_val00554,col15_val00554,col16_val00554,col17_val00554,col18_val00554,col19_val00554,col20_val00554,col21_val00554,col22_val00554,col23_val00554,col24_val00554,col25_val00554,col26_val00554,col27_val00554,col28_val00554,col29_val00554
col0_val00555,col1_val00555,col2_val00555,col3_val00555,col4_val00555,col5_val00555,col6_val00555,col7_val00555,col8_val00555,col9_val00555,col10_val00555,col11_val00555,col12_val00555,col13_val00555,col14_val00555,col15_val00555,col16_val00555,col17_val00555,col18_val00555,col19_val00555,col20_val00555,col21_val00555,col22_val00555,col23_val00555,col24_val00555,col25_val00555,col26_val00555,col27_val00555,col28_val00555,col29_val00555
col0_val00556,col1_val00556,col2_val00556,col3_val00556,col4_val00556,col5_val00556,col6_val00556,col7_val00556,col8_val00556,col9_val00556,col10_val00556,col11_val00556,col12_val00556,col13_val00556,col14_val00556,col15_val00556,col16_val00556,col17_val00556,col18_val00556,col19_val00556,col20_val00556,col21_val00556,col22_val00556,col23_val00556,col24_val00556,col25_val00556,col26_val00556,col27_val00556,col28_val00556,col29_val00556
col0_val00557,col1_val00557,col2_val00557,col3_val00557,col4_val00557,col5_val00557,col6_val00557,col7_val00557,col8_val00557,col9_val00557,col10_val00557,col11_val00557,col12_val00557,col13_val00557,col14_val00557,col15_val00557,col16_val00557,col17_val00557,col18_val00557,col19_val00557,col20_val00557,col21_val00557,col22_val00557,col23_val00557,col24_val00557,col25_val00557,col26_val00557,col27_val00557,col28_val00557,col29_val00557
col0_val00558,col1_val00558,col2_val00558,col3_val00558,col4_val00558,col5_val00558,col6_val00558,col7_val00558,col8_val00558,col9_val00558,col10_val00558,col11_val00558,col12_val00558,col13_val00558,col14_val00558,col15_val00558,col16_val00558,col17_val00558,col18_val00558,col19_val00558,col20_val00558,col21_val00558,col22_val00558,col23_val00558,col24_val00558,col25_val00558,col26_val00558,col27_val00558,col28_val00558,col29_val00558
col0_val00559,col1_val00559,col2_val00559,col3_val00559,col4_val00559,col5_val00559,col6_val00559,col7_val00559,col8_val00559,col9_val00559,col10_val00559,col11_val00559,col12_val00559,col13_val00559,col14_val00559,col15_val00559,col16_val00559,col17_val00559,col18_val00559,col19_val00559,col20_val00559,col21_val00559,col22_val00559,col23_val00559,col24_val00559,col25_val00559,col26_val00559,col27_val00559,col28_val00559,col29_val00559
col0_val00560,col1_val00560,col2_val00560,col3_val00560,col4_val00560,col5_val00560,col6_val00560,col7_val00560,col8_val00560,col9_val00560,col10_val00560,col11_val00560,col12_val00560,col13_val00560,col14_val00560,col15_val00560,col16_val00560,col17_val00560,col18_val00560,col19_val00560,col20_val00560,col21_val00560,col22_val00560,col23_val00560,col24_val00560,col25_val00560,col26_val00560,col27_val00560,col28_val00560,col29_val00560
col0_val00561,col1_val00561,col2_val00561,col3_val00561,col4_val00561,col5_val00561,col6_val00561,col7_val00561,col8_val00561,col9_val00561,col10_val00561,col11_val00561,col12_val00561,col13_val00561,col14_val00561,col15_val00561,col16_val00561,col17_val00561,col18_val00561,col19_val00561,col20_val00561,col21_val00561,col22_val00561,col23_val00561,col24_val00561,col25_val00561,col26_val00561,col27_val00561,col28_val00561,col29_val00561
col0_val00562,col1_val00562,col2_val00562,col3_val00562,col4_val00562,col5_val00562,col6_val00562,col7_val00562,col8_val00562,col9_val00562,col10_val00562,col11_val00562,col12_val00562,col13_val00562,col14_val00562,col15_val00562,col16_val00562,col17_val00562,col18_val00562,col19_val00562,col20_val00562,col21_val00562,col22_val00562,col23_val00562,col24_val00562,col25_val00562,col26_val00562,col27_val00562,col28_val00562,col29_val00562
col0_val00563,col1_val00563,col2_val00563,col3_val00563,col4_val00563,col5_val00563,col6_val00563,col7_val00563,col8_val00563,col9_val00563,col10_val00563,col11_val00563,col12_val00563,col13_val00563,col14_val00563,col15_val00563,col16_val00563,col17_val00563,col18_val00563,col19_val00563,col20_val00563,col21_val00563,col22_val00563,col23_val00563,col24_val00563,col25_val00563,col26_val00563,col27_val00563,col28_val00563,col29_val00563
col0_val00564,col1_val00564,col2_val00564,col3_val00564,col4_val00564,col5_val00564,col6_val00564,col7_val00564,col8_val00564,col9_val00564,col10_val00564,col11_val00564,col12_val00564,col13_val00564,col14_val00564,col15_val00564,col16_val00564,col17_val00564,col18_val00564,col19_val00564,col20_val00564,col21_val00564,col22_val00564,col23_val00564,col24_val00564,col25_val00564,col26_val00564,col27_val00564,col28_val00564,col29_val00564
col0_val00565,col1_val00565,col2_val00565,col3_val00565,col4_val00565,col5_val00565,col6_val00565,col7_val00565,col8_val00565,col9_val00565,col10_val00565,col11_val00565,col12_val00565,col13_val00565,col14_val00565,col15_val00565,col16_val00565,col17_val00565,col18_val00565,col19_val00565,col20_val00565,col21_val00565,col22_val00565,col23_val00565,col24_val00565,col25_val00565,col26_val00565,col27_val00565,col28_val00565,col29_val00565
col0_val00566,col1_val00566,col2_val00566,col3_val00566,col4_val00566,col5_val00566,col6_val00566,col7_val00566,col8_val00566,col9_val00566,col10_val00566,col11_val00566,col12_val00566,col13_val00566,col14_val00566,col15_val00566,col16_val00566,col17_val00566,col18_val00566,col19_val00566,col20_val00566,col21_val00566,col22_val00566,col23_val00566,col24_val00566,col25_val00566,col26_val00566,col27_val00566,col28_val00566,col29_val00566
col0_val00567,col1_val00567,col2_val00567,col3_val00567,col4_val00567,col5_val00567,col6_val00567,col7_val00567,col8_val00567,col9_val00567,col10_val00567,col11_val00567,col12_val00567,col13_val00567,col14_val00567,col15_val00567,col16_val00567,col17_val00567,col18_val00567,col19_val00567,col20_val00567,col21_val00567,col22_val00567,col23_val00567,col24_val00567,col25_val00567,col26_val00567,col27_val00567,col28_val00567,col29_val00567
col0_val00568,col1_val00568,col2_val00568,col3_val00568,col4_val00568,col5_val00568,col6_val00568,col7_val00568,col8_val00568,col9_val00568,col10_val00568,col11_val00568,col12_val00568,col13_val00568,col14_val00568,col15_val00568,col16_val00568,col17_val00568,col18_val00568,col19_val00568,col20_val00568,col21_val00568,col22_val00568,col23_val00568,col24_val00568,col25_val00568,col26_val00568,col27_val00568,col28_val00568,col29_val00568
col0_val00569,col1_val00569,col2_val00569,col3_val00569,col4_val00569,col5_val00569,col6_val00569,col7_val00569,col8_val00569,col9_val00569,col10_val00569,col11_val00569,col12_val00569,col13_val00569,col14_val00569,col15_val00569,col16_val00569,col17_val00569,col18_val00569,col19_val00569,col20_val00569,col21_val00569,col22_val00569,col23_val00569,col24_val00569,col25_val00569,col26_val00569,col27_val00569,col28_val00569,col29_val00569
col0_val00570,col1_val00570,col2_val00570,col3_val00570,col4_val00570,col5_val00570,col6_val00570,col7_val00570,col8_val00570,col9_val00570,col10_val00570,col11_val00570,col12_val00570,col13_val00570,col14_val00570,col15_val00570,col16_val00570,col17_val00570,col18_val00570,col19_val00570,col20_val00570,col21_val00570,col22_val00570,col23_val00570,col24_val00570,col25_val00570,col26_val00570,col27_val00570,col28_val00570,col29_val00570
col0_val00571,col1_val00571,col2_val00571,col3_val00571,col4_val00571,col5_val00571,col6_val00571,col7_val00571,col8_val00571,col9_val00571,col10_val00571,col11_val00571,col12_val00571,col13_val00571,col14_val00571,col15_val00571,col16_val00571,col17_val00571,col18_val00571,col19_val00571,col20_val00571,col21_val00571,col22_val00571,col23_val00571,col24_val00571,col25_val00571,col26_val00571,col27_val00571,col28_val00571,col29_val00571
col0_val00572,col1_val00572,col2_val00572,col3_val00572,col4_val00572,col5_val00572,col6_val00572,col7_val00572,col8_val00572,col9_val00572,col10_val00572,col11_val00572,col12_val00572,col13_val00572,col14_val00572,col15_val00572,col16_val00572,col17_val00572,col18_val00572,col19_val00572,col20_val00572,col21_val00572,col22_val00572,col23_val00572,col24_val00572,col25_val00572,col26_val00572,col27_val00572,col28_val00572,col29_val00572
col0_val00573,col1_val00573,col2_val00573,col3_val00573,col4_val00573,col5_val00573,col6_val00573,col7_val00573,col8_val00573,col9_val00573,col10_val00573,col11_val00573,col12_val00573,col13_val00573,col14_val00573,col15_val00573,col16_val00573,col17_val00573,col18_val00573,col19_val00573,col20_val00573,col21_val00573,col22_val00573,col23_val00573,col24_val00573,col25_val00573,col26_val00573,col27_val00573,col28_val00573,col29_val00573
col0_val00574,col1_val00574,col2_val00574,col3_val00574,col4_val00574,col5_val00574,col6_val00574,col7_val00574,col8_val00574,col9_val00574,col10_val00574,col11_val00574,col12_val00574,col13_val00574,col14_val00574,col15_val00574,col16_val00574,col17_val00574,col18_val00574,col19_val00574,col20_val00574,col21_val00574,col22_val00574,col23_val00574,col24_val00574,col25_val00574,col26_val00574,col27_val00574,col28_val00574,col29_val00574
col0_val00575,col1_val00575,col2_val00575,col3_val00575,col4_val00575,col5_val00575,col6_val00575,col7_val00575,col8_val00575,col9_val00575,col10_val00575,col11_val00575,col12_val00575,col13_val00575,col14_val00575,col15_val00575,col16_val00575,col17_val00575,col18_val00575,col19_val00575,col20_val00575,col21_val00575,col22_val00575,col23_val00575,col24_val00575,col25_val00575,col26_val00575,col27_val00575,col28_val00575,col29_val00575
col0_val00576,col1_val00576,col2_val00576,col3_val00576,col4_val00576,col5_val00576,col6_val00576,col7_val00576,col8_val00576,col9_val00576,col10_val00576,col11_val00576,col12_val00576,col13_val00576,col14_val00576,col15_val00576,col16_val00576,col17_val00576,col18_val00576,col19_val00576,col20_val00576,col21_val00576,col22_val00576,col23_val00576,col24_val00576,col25_val00576,col26_val00576,col27_val00576,col28_val00576,col29_val00576
col0_val00577,col1_val00577,col2_val00577,col3_val00577,col4_val00577,col5_val00577,col6_val00577,col7_val00577,col8_val00577,col9_val00577,col10_val00577,col11_val00577,col12_val00577,col13_val00577,col14_val00577,col15_val00577,col16_val00577,col17_val00577,col18_val00577,col19_val00577,col20_val00577,col21_val00577,col22_val00577,col23_val00577,col24_val00577,col25_val00577,col26_val00577,col27_val00577,col28_val00577,col29_val00577
col0_val00578,col1_val00578,col2_val00578,col3_val00578,col4_val00578,col5_val00578,col6_val00578,col7_val00578,col8_val00578,col9_val00578,col10_val00578,col11_val00578,col12_val00578,col13_val00578,col14_val00578,col15_val00578,col16_val00578,col17_val00578,col18_val00578,col19_val00578,col20_val00578,col21_val00578,col22_val00578,col23_val00578,col24_val00578,col25_val00578,col26_val00578,col27_val00578,col28_val00578,col29_val00578
col0_val00579,col1_val00579,col2_val00579,col3_val00579,col4_val00579,col5_val00579,col6_val00579,col7_val00579,col8_val00579,col9_val00579,col10_val00579,col11_val00579,col12_val00579,col13_val00579,col14_val00579,col15_val00579,col16_val00579,col17_val00579,col18_val00579,col19_val00579,col20_val00579,col21_val00579,col22_val00579,col23_val00579,col24_val00579,col25_val00579,col26_val00579,col27_val00579,col28_val00579,col29_val00579
col0_val00580,col1_val00580,col2_val00580,col3_val00580,col4_val00580,col5_val00580,col6_val00580,col7_val00580,col8_val00580,col9_val00580,col10_val00580,col11_val00580,col12_val00580,col13_val00580,col14_val00580,col15_val00580,col16_val00580,col17_val00580,col18_val00580,col19_val00580,col20_val00580,col21_val00580,col22_val00580,col23_val00580,col24_val00580,col25_val00580,col26_val00580,col27_val00580,col28_val00580,col29_val00580
col0_val00581,col1_val00581,col2_val00581,col3_val00581,col4_val00581,col5_val00581,col6_val00581,col7_val00581,col8_val00581,col9_val00581,col10_val00581,col11_val00581,col12_val00581,col13_val00581,col14_val00581,col15_val00581,col16_val00581,col17_val00581,col18_val00581,col19_val00581,col20_val00581,col21_val00581,col22_val00581,col23_val00581,col24_val00581,col25_val00581,col26_val00581,col27_val00581,col28_val00581,col29_val00581
col0_val00582,col1_val00582,col2_val00582,col3_val00582,col4_val00582,col5_val00582,col6_val00582,col7_val00582,col8_val00582,col9_val00582,col10_val00582,col11_val00582,col12_val00582,col13_val00582,col14_val00582,col15_val00582,col16_val00582,col17_val00582,col18_val00582,col19_val00582,col20_val00582,col21_val00582,col22_val00582,col23_val00582,col24_val00582,col25_val00582,col26_val00582,col27_val00582,col28_val00582,col29_val00582
col0_val00583,col1_val00583,col2_val00583,col3_val00583,col4_val00583,col5_val00583,col6_val00583,col7_val00583,col8_val00583,col9_val00583,col10_val00583,col11_val00583,col12_val00583,col13_val00583,col14_val00583,col15_val00583,col16_val00583,col17_val00583,col18_val00583,col19_val00583,col20_val00583,col21_val00583,col22_val00583,col23_val00583,col24_val00583,col25_val00583,col26_val00583,col27_val00583,col28_val00583,col29_val00583
col0_val00584,col1_val00584,col2_val00584,col3_val00584,col4_val00584,col5_val00584,col6_val00584,col7_val00584,col8_val00584,col9_val00584,col10_val00584,col11_val00584,col12_val00584,col13_val00584,col14_val00584,col15_val00584,col16_val00584,col17_val00584,col18_val00584,col19_val00584,col20_val00584,col21_val00584,col22_val00584,col23_val00584,col24_val00584,col25_val00584,col26_val00584,col27_val00584,col28_val00584,col29_val00584
col0_val00585,col1_val00585,col2_val00585,col3_val00585,col4_val00585,col5_val00585,col6_val00585,col7_val00585,col8_val00585,col9_val00585,col10_val00585,col11_val00585,col12_val00585,col13_val00585,col14_val00585,col15_val00585,col16_val00585,col17_val00585,col18_val00585,col19_val00585,col20_val00585,col21_val00585,col22_val00585,col23_val00585,col24_val00585,col25_val00585,col26_val00585,col27_val00585,col28_val00585,col29_val00585
col0_val00586,col1_val00586,col2_val00586,col3_val00586,col4_val00586,col5_val00586,col6_val00586,col7_val00586,col8_val00586,col9_val00586,col10_val00586,col11_val00586,col12_val00586,col13_val00586,col14_val00586,col15_val00586,col16_val00586,col17_val00586,col18_val00586,col19_val00586,col20_val00586,col21_val00586,col22_val00586,col23_val00586,col24_val00586,col25_val00586,col26_val00586,col27_val00586,col28_val00586,col29_val00586
col0_val00587,col1_val00587,col2_val00587,col3_val00587,col4_val00587,col5_val00587,col6_val00587,col7_val00587,col8_val00587,col9_val00587,col10_val00587,col11_val00587,col12_val00587,col13_val00587,col14_val00587,col15_val00587,col16_val00587,col17_val00587,col18_val00587,col19_val00587,col20_val00587,col21_val00587,col22_val00587,col23_val00587,col24_val00587,col25_val00587,col26_val00587,col27_val00587,col28_val00587,col29_val00587
col0_val00588,col1_val00588,col2_val00588,col3_val00588,col4_val00588,col5_val00588,col6_val00588,col7_val00588,col8_val00588,col9_val00588,col10_val00588,col11_val00588,col12_val00588,col13_val00588,col14_val00588,col15_val00588,col16_val00588,col17_val00588,col18_val00588,col19_val00588,col20_val00588,col21_val00588,col22_val00588,col23_val00588,col24_val00588,col25_val00588,col26_val00588,col27_val00588,col28_val00588,col29_val00588
col0_val00589,col1_val00589,col2_val00589,col3_val00589,col4_val00589,col5_val00589,col6_val00589,col7_val00589,col8_val00589,col9_val00589,col10_val00589,col11_val00589,col12_val00589,col13_val00589,col14_val00589,col15_val00589,col16_val00589,col17_val00589,col18_val00589,col19_val00589,col20_val00589,col21_val00589,col22_val00589,col23_val00589,col24_val00589,col25_val00589,col26_val00589,col27_val00589,col28_val00589,col29_val00589
col0_val00590,col1_val00590,col2_val00590,col3_val00590,col4_val00590,col5_val00590,col6_val00590,col7_val00590,col8_val00590,col9_val00590,col10_val00590,col11_val00590,col12_val00590,col13_val00590,col14_val00590,col15_val00590,col16_val00590,col17_val00590,col18_val00590,col19_val00590,col20_val00590,col21_val00590,col22_val00590,col23_val00590,col24_val00590,col25_val00590,col26_val00590,col27_val00590,col28_val00590,col29_val00590
col0_val00591,col1_val00591,col2_val00591,col3_val00591,col4_val00591,col5_val00591,col6_val00591,col7_val00591,col8_val00591,col9_val00591,col10_val00591,col11_val00591,col12_val00591,col13_val00591,col14_val00591,col15_val00591,col16_val00591,col17_val00591,col18_val00591,col19_val00591,col20_val00591,col21_val00591,col22_val00591,col23_val00591,col24_val00591,col25_val00591,col26_val00591,col27_val00591,col28_val00591,col29_val00591
col0_val00592,col1_val00592,col2_val00592,col3_val00592,col4_val00592,col5_val00592,col6_val00592,col7_val00592,col8_val00592,col9_val00592,col10_val00592,col11_val00592,col12_val00592,col13_val00592,col14_val00592,col15_val00592,col16_val00592,col17_val00592,col18_val00592,col19_val00592,col20_val00592,col21_val00592,col22_val00592,col23_val00592,col24_val00592,col25_val00592,col26_val00592,col27_val00592,col28_val00592,col29_val00592
col0_val00593,col1_val00593,col2_val00593,col3_val00593,col4_val00593,col5_val00593,col6_val00593,col7_val00593,col8_val00593,col9_val00593,col10_val00593,col11_val00593,col12_val00593,col13_val00593,col14_val00593,col15_val00593,col16_val00593,col17_val00593,col18_val00593,col19_val00593,col20_val00593,col21_val00593,col22_val00593,col23_val00593,col24_val00593,col25_val00593,col26_val00593,col27_val00593,col28_val00593,col29_val00593
col0_val00594,col1_val00594,col2_val00594,col3_val00594,col4_val00594,col5_val00594,col6_val00594,col7_val00594,col8_val00594,col9_val00594,col10_val00594,col11_val00594,col12_val00594,col13_val00594,col14_val00594,col15_val00594,col16_val00594,col17_val00594,col18_val00594,col19_val00594,col20_val00594,col21_val00594,col22_val00594,col23_val00594,col24_val00594,col25_val00594,col26_val00594,col27_val00594,col28_val00594,col29_val00594
col0_val00595,col1_val00595,col2_val00595,col3_val00595,col4_val00595,col5_val00595,col6_val00595,col7_val00595,col8_val00595,col9_val00595,col10_val00595,col11_val00595,col12_val00595,col13_val00595,col14_val00595,col15_val00595,col16_val00595,col17_val00595,col18_val00595,col19_val00595,col20_val00595,col21_val00595,col22_val00595,col23_val00595,col24_val00595,col25_val00595,col26_val00595,col27_val00595,col28_val00595,col29_val00595
col0_val00596,col1_val00596,col2_val00596,col3_val00596,col4_val00596,col5_val00596,col6_val00596,col7_val00596,col8_val00596,col9_val00596,col10_val00596,col11_val00596,col12_val00596,col13_val00596,col14_val00596,col15_val00596,col16_val00596,col17_val00596,col18_val00596,col19_val00596,col20_val00596,col21_val00596,col22_val00596,col23_val00596,col24_val00596,col25_val00596,col26_val00596,col27_val00596,col28_val00596,col29_val00596
col0_val00597,col1_val00597,col2_val00597,col3_val00597,col4_val00597,col5_val00597,col6_val00597,col7_val00597,col8_val00597,col9_val00597,col10_val00597,col11_val00597,col12_val00597,col13_val00597,col14_val00597,col15_val00597,col16_val00597,col17_val00597,col18_val00597,col19_val00597,col20_val00597,col21_val00597,col22_val00597,col23_val00597,col24_val00597,col25_val00597,col26_val00597,col27_val00597,col28_val00597,col29_val00597
col0_val00598,col1_val00598,col2_val00598,col3_val00598,col4_val00598,col5_val00598,col6_val00598,col7_val00598,col8_val00598,col9_val00598,col10_val00598,col11_val00598,col12_val00598,col13_val00598,col14_val00598,col15_val00598,col16_val00598,col17_val00598,col18_val00598,col19_val00598,col20_val00598,col21_val00598,col22_val00598,col23_val00598,col24_val00598,col25_val00598,col26_val00598,col27_val00598,col28_val00598,col29_val00598
col0_val00599,col1_val00599,col2_val00599,col3_val00599,col4_val00599,col5_val00599,col6_val00599,col7_val00599,col8_val00599,col9_val00599,col10_val00599,col11_val00599,col12_val00599,col13_val00599,col14_val00599,col15_val00599,col16_val00599,col17_val00599,col18_val00599,col19_val00599,col20_val00599,col21_val00599,col22_val00599,col23_val00599,col24_val00599,col25_val00599,col26_val00599,col27_val00599,col28_val00599,col29_val00599
col0_val00600,col1_val00600,col2_val00600,col3_val00600,col4_val00600,col5_val00600,col6_val00600,col7_val00600,col8_val00600,col9_val00600,col10_val00600,col11_val00600,col12_val00600,col13_val00600,col14_val00600,col15_val00600,col16_val00600,col17_val00600,col18_val00600,col19_val00600,col20_val00600,col21_val00600,col22_val00600,col23_val00600,col24_val00600,col25_val00600,col26_val00600,col27_val00600,col28_val00600,col29_val00600
col0_val00601,col1_val00601,col2_val00601,col3_val00601,col4_val00601,col5_val00601,col6_val00601,col7_val00601,col8_val00601,col9_val00601,col10_val00601,col11_val00601,col12_val00601,col13_val00601,col14_val00601,col15_val00601,col16_val00601,col17_val00601,col18_val00601,col19_val00601,col20_val00601,col21_val00601,col22_val00601,col23_val00601,col24_val00601,col25_val00601,col26_val00601,col27_val00601,col28_val00601,col29_val00601
col0_val00602,col1_val00602,col2_val00602,col3_val00602,col4_val00602,col5_val00602,col6_val00602,col7_val00602,col8_val00602,col9_val00602,col10_val00602,col11_val00602,col12_val00602,col13_val00602,col14_val00602,col15_val00602,col16_val00602,col17_val00602,col18_val00602,col19_val00602,col20_val00602,col21_val00602,col22_val00602,col23_val00602,col24_val00602,col25_val00602,col26_val00602,col27_val00602,col28_val00602,col29_val00602
col0_val00603,col1_val00603,col2_val00603,col3_val00603,col4_val00603,col5_val00603,col6_val00603,col7_val00603,col8_val00603,col9_val00603,col10_val00603,col11_val00603,col12_val00603,col13_val00603,col14_val00603,col15_val00603,col16_val00603,col17_val00603,col18_val00603,col19_val00603,col20_val00603,col21_val00603,col22_val00603,col23_val00603,col24_val00603,col25_val00603,col26_val00603,col27_val00603,col28_val00603,col29_val00603
col0_val00604,col1_val00604,col2_val00604,col3_val00604,col4_val00604,col5_val00604,col6_val00604,col7_val00604,col8_val00604,col9_val00604,col10_val00604,col11_val00604,col12_val00604,col13_val00604,col14_val00604,col15_val00604,col16_val00604,col17_val00604,col18_val00604,col19_val00604,col20_val00604,col21_val00604,col22_val00604,col23_val00604,col24_val00604,col25_val00604,col26_val00604,col27_val00604,col28_val00604,col29_val00604
col0_val00605,col1_val00605,col2_val00605,col3_val00605,col4_val00605,col5_val00605,col6_val00605,col7_val00605,col8_val00605,col9_val00605,col10_val00605,col11_val00605,col12_val00605,col13_val00605,col14_val00605,col15_val00605,col16_val00605,col17_val00605,col18_val00605,col19_val00605,col20_val00605,col21_val00605,col22_val00605,col23_val00605,col24_val00605,col25_val00605,col26_val00605,col27_val00605,col28_val00605,col29_val00605
col0_val00606,col1_val00606,col2_val00606,col3_val00606,col4_val00606,col5_val00606,col6_val00606,col7_val00606,col8_val00606,col9_val00606,col10_val00606,col11_val00606,col12_val00606,col13_val00606,col14_val00606,col15_val00606,col16_val00606,col17_val00606,col18_val00606,col19_val00606,col20_val00606,col21_val00606,col22_val00606,col23_val00606,col24_val00606,col25_val00606,col26_val00606,col27_val00606,col28_val00606,col29_val00606
col0_val00607,col1_val00607,col2_val00607,col3_val00607,col4_val00607,col5_val00607,col6_val00607,col7_val00607,col8_val00607,col9_val00607,col10_val00607,col11_val00607,col12_val00607,col13_val00607,col14_val00607,col15_val00607,col16_val00607,col17_val00607,col18_val00607,col19_val00607,col20_val00607,col21_val00607,col22_val00607,col23_val00607,col24_val00607,col25_val00607,col26_val00607,col27_val00607,col28_val00607,col29_val00607
col0_val00608,col1_val00608,col2_val00608,col3_val00608,col4_val00608,col5_val00608,col6_val00608,col7_val00608,col8_val00608,col9_val00608,col10_val00608,col11_val00608,col12_val00608,col13_val00608,col14_val00608,col15_val00608,col16_val00608,col17_val00608,col18_val00608,col19_val00608,col20_val00608,col21_val00608,col22_val00608,col23_val00608,col24_val00608,col25_val00608,col26_val00608,col27_val00608,col28_val00608,col29_val00608
col0_val00609,col1_val00609,col2_val00609,col3_val00609,col4_val00609,col5_val00609,col6_val00609,col7_val00609,col8_val00609,col9_val00609,col10_val00609,col11_val00609,col12_val00609,col13_val00609,col14_val00609,col15_val00609,col16_val00609,col17_val00609,col18_val00609,col19_val00609,col20_val00609,col21_val00609,col22_val00609,col23_val00609,col24_val00609,col25_val00609,col26_val00609,col27_val00609,col28_val00609,col29_val00609
col0_val00610,col1_val00610,col2_val00610,col3_val00610,col4_val00610,col5_val00610,col6_val00610,col7_val00610,col8_val00610,col9_val00610,col10_val00610,col11_val00610,col12_val00610,col13_val00610,col14_val00610,col15_val00610,col16_val00610,col17_val00610,col18_val00610,col19_val00610,col20_val00610,col21_val00610,col22_val00610,col23_val00610,col24_val00610,col25_val00610,col26_val00610,col27_val00610,col28_val00610,col29_val00610
col0_val00611,col1_val00611,col2_val00611,col3_val00611,col4_val00611,col5_val00611,col6_val00611,col7_val00611,col8_val00611,col9_val00611,col10_val00611,col11_val00611,col12_val00611,col13_val00611,col14_val00611,col15_val00611,col16_val00611,col17_val00611,col18_val00611,col19_val00611,col20_val00611,col21_val00611,col22_val00611,col23_val00611,col24_val00611,col25_val00611,col26_val00611,col27_val00611,col28_val00611,col29_val00611
col0_val00612,col1_val00612,col2_val00612,col3_val00612,col4_val00612,col5_val00612,col6_val00612,col7_val00612,col8_val00612,col9_val00612,col10_val00612,col11_val00612,col12_val00612,col13_val00612,col14_val00612,col15_val00612,col16_val00612,col17_val00612,col18_val00612,col19_val00612,col20_val00612,col21_val00612,col22_val00612,col23_val00612,col24_val00612,col25_val00612,col26_val00612,col27_val00612,col28_val00612,col29_val00612
col0_val00613,col1_val00613,col2_val00613,col3_val00613,col4_val00613,col5_val00613,col6_val00613,col7_val00613,col8_val00613,col9_val00613,col10_val00613,col11_val00613,col12_val00613,col13_val00613,col14_val00613,col15_val00613,col16_val00613,col17_val00613,col18_val00613,col19_val00613,col20_val00613,col21_val00613,col22_val00613,col23_val00613,col24_val00613,col25_val00613,col26_val00613,col27_val00613,col28_val00613,col29_val00613
col0_val00614,col1_val00614,col2_val00614,col3_val00614,col4_val00614,col5_val00614,col6_val00614,col7_val00614,col8_val00614,col9_val00614,col10_val00614,col11_val00614,col12_val00614,col13_val00614,col14_val00614,col15_val00614,col16_val00614,col17_val00614,col18_val00614,col19_val00614,col20_val00614,col21_val00614,col22_val00614,col23_val00614,col24_val00614,col25_val00614,col26_val00614,col27_val00614,col28_val00614,col29_val00614
col0_val00615,col1_val00615,col2_val00615,col3_val00615,col4_val00615,col5_val00615,col6_val00615,col7_val00615,col8_val00615,col9_val00615,col10_val00615,col11_val00615,col12_val00615,col13_val00615,col14_val00615,col15_val00615,col16_val00615,col17_val00615,col18_val00615,col19_val00615,col20_val00615,col21_val00615,col22_val00615,col23_val00615,col24_val00615,col25_val00615,col26_val00615,col27_val00615,col28_val00615,col29_val00615
col0_val00616,col1_val00616,col2_val00616,col3_val00616,col4_val00616,col5_val00616,col6_val00616,col7_val00616,col8_val00616,col9_val00616,col10_val00616,col11_val00616,col12_val00616,col13_val00616,col14_val00616,col15_val00616,col16_val00616,col17_val00616,col18_val00616,col19_val00616,col20_val00616,col21_val00616,col22_val00616,col23_val00616,col24_val00616,col25_val00616,col26_val00616,col27_val00616,col28_val00616,col29_val00616
col0_val00617,col1_val00617,col2_val00617,col3_val00617,col4_val00617,col5_val00617,col6_val00617,col7_val00617,col8_val00617,col9_val00617,col10_val00617,col11_val00617,col12_val00617,col13_val00617,col14_val00617,col15_val00617,col16_val00617,col17_val00617,col18_val00617,col19_val00617,col20_val00617,col21_val00617,col22_val00617,col23_val00617,col24_val00617,col25_val00617,col26_val00617,col27_val00617,col28_val00617,col29_val00617
col0_val00618,col1_val00618,col2_val00618,col3_val00618,col4_val00618,col5_val00618,col6_val00618,col7_val00618,col8_val00618,col9_val00618,col10_val00618,col11_val00618,col12_val00618,col13_val00618,col14_val00618,col15_val00618,col16_val00618,col17_val00618,col18_val00618,col19_val00618,col20_val00618,col21_val00618,col22_val00618,col23_val00618,col24_val00618,col25_val00618,col26_val00618,col27_val00618,col28_val00618,col29_val00618
col0_val00619,col1_val00619,col2_val00619,col3_val00619,col4_val00619,col5_val00619,col6_val00619,col7_val00619,col8_val00619,col9_val00619,col10_val00619,col11_val00619,col12_val00619,col13_val00619,col14_val00619,col15_val00619,col16_val00619,col17_val00619,col18_val00619,col19_val00619,col20_val00619,col21_val00619,col22_val00619,col23_val00619,col24_val00619,col25_val00619,col26_val00619,col27_val00619,col28_val00619,col29_val00619
col0_val00620,col1_val00620,col2_val00620,col3_val00620,col4_val00620,col5_val00620,col6_val00620,col7_val00620,col8_val00620,col9_val00620,col10_val00620,col11_val00620,col12_val00620,col13_val00620,col14_val00620,col15_val00620,col16_val00620,col17_val00620,col18_val00620,col19_val00620,col20_val00620,col21_val00620,col22_val00620,col23_val00620,col24_val00620,col25_val00620,col26_val00620,col27_val00620,col28_val00620,col29_val00620
col0_val00621,col1_val00621,col2_val00621,col3_val00621,col4_val00621,col5_val00621,col6_val00621,col7_val00621,col8_val00621,col9_val00621,col10_val00621,col11_val00621,col12_val00621,col13_val00621,col14_val00621,col15_val00621,col16_val00621,col17_val00621,col18_val00621,col19_val00621,col20_val00621,col21_val00621,col22_val00621,col23_val00621,col24_val00621,col25_val00621,col26_val00621,col27_val00621,col28_val00621,col29_val00621
col0_val00622,col1_val00622,col2_val00622,col3_val00622,col4_val00622,col5_val00622,col6_val00622,col7_val00622,col8_val00622,col9_val00622,col10_val00622,col11_val00622,col12_val00622,col13_val00622,col14_val00622,col15_val00622,col16_val00622,col17_val00622,col18_val00622,col19_val00622,col20_val00622,col21_val00622,col22_val00622,col23_val00622,col24_val00622,col25_val00622,col26_val00622,col27_val00622,col28_val00622,col29_val00622
col0_val00623,col1_val00623,col2_val00623,col3_val00623,col4_val00623,col5_val00623,col6_val00623,col7_val00623,col8_val00623,col9_val00623,col10_val00623,col11_val00623,col12_val00623,col13_val00623,col14_val00623,col15_val00623,col16_val00623,col17_val00623,col18_val00623,col19_val00623,col20_val00623,col21_val00623,col22_val00623,col23_val00623,col24_val00623,col25_val00623,col26_val00623,col27_val00623,col28_val00623,col29_val00623
col0_val00624,col1_val00624,col2_val00624,col3_val00624,col4_val00624,col5_val00624,col6_val00624,col7_val00624,col8_val00624,col9_val00624,col10_val00624,col11_val00624,col12_val00624,col13_val00624,col14_val00624,col15_val00624,col16_val00624,col17_val00624,col18_val00624,col19_val00624,col20_val00624,col21_val00624,col22_val00624,col23_val00624,col24_val00624,col25_val00624,col26_val00624,col27_val00624,col28_val00624,col29_val00624
col0_val00625,col1_val00625,col2_val00625,col3_val00625,col4_val00625,col5_val00625,col6_val00625,col7_val00625,col8_val00625,col9_val00625,col10_val00625,col11_val00625,col12_val00625,col13_val00625,col14_val00625,col15_val00625,col16_val00625,col17_val00625,col18_val00625,col19_val00625,col20_val00625,col21_val00625,col22_val00625,col23_val00625,col24_val00625,col25_val00625,col26_val00625,col27_val00625,col28_val00625,col29_val00625
col0_val00626,col1_val00626,col2_val00626,col3_val00626,col4_val00626,col5_val00626,col6_val00626,col7_val00626,col8_val00626,col9_val00626,col10_val00626,col11_val00626,col12_val00626,col13_val00626,col14_val00626,col15_val00626,col16_val00626,col17_val00626,col18_val00626,col19_val00626,col20_val00626,col21_val00626,col22_val00626,col23_val00626,col24_val00626,col25_val00626,col26_val00626,col27_val00626,col28_val00626,col29_val00626
col0_val00627,col1_val00627,col2_val00627,col3_val00627,col4_val00627,col5_val00627,col6_val00627,col7_val00627,col8_val00627,col9_val00627,col10_val00627,col11_val00627,col12_val00627,col13_val00627,col14_val00627,col15_val00627,col16_val00627,col17_val00627,col18_val00627,col19_val00627,col20_val00627,col21_val00627,col22_val00627,col23_val00627,col24_val00627,col25_val00627,col26_val00627,col27_val00627,col28_val00627,col29_val00627
col0_val00628,col1_val00628,col2_val00628,col3_val00628,col4_val00628,col5_val00628,col6_val00628,col7_val00628,col8_val00628,col9_val00628,col10_val00628,col11_val00628,col12_val00628,col13_val00628,col14_val00628,col15_val00628,col16_val00628,col17_val00628,col18_val00628,col19_val00628,col20_val00628,col21_val00628,col22_val00628,col23_val00628,col24_val00628,col25_val00628,col26_val00628,col27_val00628,col28_val00628,col29_val00628
col0_val00629,col1_val00629,col2_val00629,col3_val00629,col4_val00629,col5_val00629,col6_val00629,col7_val00629,col8_val00629,col9_val00629,col10_val00629,col11_val00629,col12_val00629,col13_val00629,col14_val00629,col15_val00629,col16_val00629,col17_val00629,col18_val00629,col19_val00629,col20_val00629,col21_val00629,col22_val00629,col23_val00629,col24_val00629,col25_val00629,col26_val00629,col27_val00629,col28_val00629,col29_val00629
col0_val00630,col1_val00630,col2_val00630,col3_val00630,col4_val00630,col5_val00630,col6_val00630,col7_val00630,col8_val00630,col9_val00630,col10_val00630,col11_val00630,col12_val00630,col13_val00630,col14_val00630,col15_val00630,col16_val00630,col17_val00630,col18_val00630,col19_val00630,col20_val00630,col21_val00630,col22_val00630,col23_val00630,col24_val00630,col25_val00630,col26_val00630,col27_val00630,col28_val00630,col29_val00630
col0_val00631,col1_val00631,col2_val00631,col3_val00631,col4_val00631,col5_val00631,col6_val00631,col7_val00631,col8_val00631,col9_val00631,col10_val00631,col11_val00631,col12_val00631,col13_val00631,col14_val00631,col15_val00631,col16_val00631,col17_val00631,col18_val00631,col19_val00631,col20_val00631,col21_val00631,col22_val00631,col23_val00631,col24_val00631,col25_val00631,col26_val00631,col27_val00631,col28_val00631,col29_val00631
col0_val00632,col1_val00632,col2_val00632,col3_val00632,col4_val00632,col5_val00632,col6_val00632,col7_val00632,col8_val00632,col9_val00632,col10_val00632,col11_val00632,col12_val00632,col13_val00632,col14_val00632,col15_val00632,col16_val00632,col17_val00632,col18_val00632,col19_val00632,col20_val00632,col21_val00632,col22_val00632,col23_val00632,col24_val00632,col25_val00632,col26_val00632,col27_val00632,col28_val00632,col29_val00632
col0_val00633,col1_val00633,col2_val00633,col3_val00633,col4_val00633,col5_val00633,col6_val00633,col7_val00633,col8_val00633,col9_val00633,col10_val00633,col11_val00633,col12_val00633,col13_val00633,col14_val00633,col15_val00633,col16_val00633,col17_val00633,col18_val00633,col19_val00633,col20_val00633,col21_val00633,col22_val00633,col23_val00633,col24_val00633,col25_val00633,col26_val00633,col27_val00633,col28_val00633,col29_val00633
col0_val00634,col1_val00634,col2_val00634,col3_val00634,col4_val00634,col5_val00634,col6_val00634,col7_val00634,col8_val00634,col9_val00634,col10_val00634,col11_val00634,col12_val00634,col13_val00634,col14_val00634,col15_val00634,col16_val00634,col17_val00634,col18_val00634,col19_val00634,col20_val00634,col21_val00634,col22_val00634,col23_val00634,col24_val00634,col25_val00634,col26_val00634,col27_val00634,col28_val00634,col29_val00634
col0_val00635,col1_val00635,col2_val00635,col3_val00635,col4_val00635,col5_val00635,col6_val00635,col7_val00635,col8_val00635,col9_val00635,col10_val00635,col11_val00635,col12_val00635,col13_val00635,col14_val00635,col15_val00635,col16_val00635,col17_val00635,col18_val00635,col19_val00635,col20_val00635,col21_val00635,col22_val00635,col23_val00635,col24_val00635,col25_val00635,col26_val00635,col27_val00635,col28_val00635,col29_val00635
col0_val00636,col1_val00636,col2_val00636,col3_val00636,col4_val00636,col5_val00636,col6_val00636,col7_val00636,col8_val00636,col9_val00636,col10_val00636,col11_val00636,col12_val00636,col13_val00636,col14_val00636,col15_val00636,col16_val00636,col17_val00636,col18_val00636,col19_val00636,col20_val00636,col21_val00636,col22_val00636,col23_val00636,col24_val00636,col25_val00636,col26_val00636,col27_val00636,col28_val00636,col29_val00636
col0_val00637,col1_val00637,col2_val00637,col3_val00637,col4_val00637,col5_val00637,col6_val00637,col7_val00637,col8_val00637,col9_val00637,col10_val00637,col11_val00637,col12_val00637,col13_val00637,col14_val00637,col15_val00637,col16_val00637,col17_val00637,col18_val00637,col19_val00637,col20_val00637,col21_val00637,col22_val00637,col23_val00637,col24_val00637,col25_val00637,col26_val00637,col27_val00637,col28_val00637,col29_val00637
col0_val00638,col1_val00638,col2_val00638,col3_val00638,col4_val00638,col5_val00638,col6_val00638,col7_val00638,col8_val00638,col9_val00638,col10_val00638,col11_val00638,col12_val00638,col13_val00638,col14_val00638,col15_val00638,col16_val00638,col17_val00638,col18_val00638,col19_val00638,col20_val00638,col21_val00638,col22_val00638,col23_val00638,col24_val00638,col25_val00638,col26_val00638,col27_val00638,col28_val00638,col29_val00638
col0_val00639,col1_val00639,col2_val00639,col3_val00639,col4_val00639,col5_val00639,col6_val00639,col7_val00639,col8_val00639,col9_val00639,col10_val00639,col11_val00639,col12_val00639,col13_val00639,col14_val00639,col15_val00639,col16_val00639,col17_val00639,col18_val00639,col19_val00639,col20_val00639,col21_val00639,col22_val00639,col23_val00639,col24_val00639,col25_val00639,col26_val00639,col27_val00639,col28_val00639,col29_val00639
col0_val00640,col1_val00640,col2_val00640,col3_val00640,col4_val00640,col5_val00640,col6_val00640,col7_val00640,col8_val00640,col9_val00640,col10_val00640,col11_val00640,col12_val00640,col13_val00640,col14_val00640,col15_val00640,col16_val00640,col17_val00640,col18_val00640,col19_val00640,col20_val00640,col21_val00640,col22_val00640,col23_val00640,col24_val00640,col25_val00640,col26_val00640,col27_val00640,col28_val00640,col29_val00640
col0_val00641,col1_val00641,col2_val00641,col3_val00641,col4_val00641,col5_val00641,col6_val00641,col7_val00641,col8_val00641,col9_val00641,col10_val00641,col11_val00641,col12_val00641,col13_val00641,col14_val00641,col15_val00641,col16_val00641,col17_val00641,col18_val00641,col19_val00641,col20_val00641,col21_val00641,col22_val00641,col23_val00641,col24_val00641,col25_val00641,col26_val00641,col27_val00641,col28_val00641,col29_val00641
col0_val00642,col1_val00642,col2_val00642,col3_val00642,col4_val00642,col5_val00642,col6_val00642,col7_val00642,col8_val00642,col9_val00642,col10_val00642,col11_val00642,col12_val00642,col13_val00642,col14_val00642,col15_val00642,col16_val00642,col17_val00642,col18_val00642,col19_val00642,col20_val00642,col21_val00642,col22_val00642,col23_val00642,col24_val00642,col25_val00642,col26_val00642,col27_val00642,col28_val00642,col29_val00642
col0_val00643,col1_val00643,col2_val00643,col3_val00643,col4_val00643,col5_val00643,col6_val00643,col7_val00643,col8_val00643,col9_val00643,col10_val00643,col11_val00643,col12_val00643,col13_val00643,col14_val00643,col15_val00643,col16_val00643,col17_val00643,col18_val00643,col19_val00643,col20_val00643,col21_val00643,col22_val00643,col23_val00643,col24_val00643,col25_val00643,col26_val00643,col27_val00643,col28_val00643,col29_val00643
col0_val00644,col1_val00644,col2_val00644,col3_val00644,col4_val00644,col5_val00644,col6_val00644,col7_val00644,col8_val00644,col9_val00644,col10_val00644,col11_val00644,col12_val00644,col13_val00644,col14_val00644,col15_val00644,col16_val00644,col17_val00644,col18_val00644,col19_val00644,col20_val00644,col21_val00644,col22_val00644,col23_val00644,col24_val00644,col25_val00644,col26_val00644,col27_val00644,col28_val00644,col29_val00644
col0_val00645,col1_val00645,col2_val00645,col3_val00645,col4_val00645,col5_val00645,col6_val00645,col7_val00645,col8_val00645,col9_val00645,col10_val00645,col11_val00645,col12_val00645,col13_val00645,col14_val00645,col15_val00645,col16_val00645,col17_val00645,col18_val00645,col19_val00645,col20_val00645,col21_val00645,col22_val00645,col23_val00645,col24_val00645,col25_val00645,col26_val00645,col27_val00645,col28_val00645,col29_val00645
col0_val00646,col1_val00646,col2_val00646,col3_val00646,col4_val00646,col5_val00646,col6_val00646,col7_val00646,col8_val00646,col9_val00646,col10_val00646,col11_val00646,col12_val00646,col13_val00646,col14_val00646,col15_val00646,col16_val00646,col17_val00646,col18_val00646,col19_val00646,col20_val00646,col21_val00646,col22_val00646,col23_val00646,col24_val00646,col25_val00646,col26_val00646,col27_val00646,col28_val00646,col29_val00646
col0_val00647,col1_val00647,col2_val00647,col3_val00647,col4_val00647,col5_val00647,col6_val00647,col7_val00647,col8_val00647,col9_val00647,col10_val00647,col11_val00647,col12_val00647,col13_val00647,col14_val00647,col15_val00647,col16_val00647,col17_val00647,col18_val00647,col19_val00647,col20_val00647,col21_val00647,col22_val00647,col23_val00647,col24_val00647,col25_val00647,col26_val00647,col27_val00647,col28_val00647,col29_val00647
col0_val00648,col1_val00648,col2_val00648,col3_val00648,col4_val00648,col5_val00648,col6_val00648,col7_val00648,col8_val00648,col9_val00648,col10_val00648,col11_val00648,col12_val00648,col13_val00648,col14_val00648,col15_val00648,col16_val00648,col17_val00648,col18_val00648,col19_val00648,col20_val00648,col21_val00648,col22_val00648,col23_val00648,col24_val00648,col25_val00648,col26_val00648,col27_val00648,col28_val00648,col29_val00648
col0_val00649,col1_val00649,col2_val00649,col3_val00649,col4_val00649,col5_val00649,col6_val00649,col7_val00649,col8_val00649,col9_val00649,col10_val00649,col11_val00649,col12_val00649,col13_val00649,col14_val00649,col15_val00649,col16_val00649,col17_val00649,col18_val00649,col19_val00649,col20_val00649,col21_val00649,col22_val00649,col23_val00649,col24_val00649,col25_val00649,col26_val00649,col27_val00649,col28_val00649,col29_val00649
col0_val00650,col1_val00650,col2_val00650,col3_val00650,col4_val00650,col5_val00650,col6_val00650,col7_val00650,col8_val00650,col9_val00650,col10_val00650,col11_val00650,col12_val00650,col13_val00650,col14_val00650,col15_val00650,col16_val00650,col17_val00650,col18_val00650,col19_val00650,col20_val00650,col21_val00650,col22_val00650,col23_val00650,col24_val00650,col25_val00650,col26_val00650,col27_val00650,col28_val00650,col29_val00650
col0_val00651,col1_val00651,col2_val00651,col3_val00651,col4_val00651,col5_val00651,col6_val00651,col7_val00651,col8_val00651,col9_val00651,col10_val00651,col11_val00651,col12_val00651,col13_val00651,col14_val00651,col15_val00651,col16_val00651,col17_val00651,col18_val00651,col19_val00651,col20_val00651,col21_val00651,col22_val00651,col23_val00651,col24_val00651,col25_val00651,col26_val00651,col27_val00651,col28_val00651,col29_val00651
col0_val00652,col1_val00652,col2_val00652,col3_val00652,col4_val00652,col5_val00652,col6_val00652,col7_val00652,col8_val00652,col9_val00652,col10_val00652,col11_val00652,col12_val00652,col13_val00652,col14_val00652,col15_val00652,col16_val00652,col17_val00652,col18_val00652,col19_val00652,col20_val00652,col21_val00652,col22_val00652,col23_val00652,col24_val00652,col25_val00652,col26_val00652,col27_val00652,col28_val00652,col29_val00652
col0_val00653,col1_val00653,col2_val00653,col3_val00653,col4_val00653,col5_val00653,col6_val00653,col7_val00653,col8_val00653,col9_val00653,col10_val00653,col11_val00653,col12_val00653,col13_val00653,col14_val00653,col15_val00653,col16_val00653,col17_val00653,col18_val00653,col19_val00653,col20_val00653,col21_val00653,col22_val00653,col23_val00653,col24_val00653,col25_val00653,col26_val00653,col27_val00653,col28_val00653,col29_val00653
col0_val00654,col1_val00654,col2_val00654,col3_val00654,col4_val00654,col5_val00654,col6_val00654,col7_val00654,col8_val00654,col9_val00654,col10_val00654,col11_val00654,col12_val00654,col13_val00654,col14_val00654,col15_val00654,col16_val00654,col17_val00654,col18_val00654,col19_val00654,col20_val00654,col21_val00654,col22_val00654,col23_val00654,col24_val00654,col25_val00654,col26_val00654,col27_val00654,col28_val00654,col29_val00654
col0_val00655,col1_val00655,col2_val00655,col3_val00655,col4_val00655,col5_val00655,col6_val00655,col7_val00655,col8_val00655,col9_val00655,col10_val00655,col11_val00655,col12_val00655,col13_val00655,col14_val00655,col15_val00655,col16_val00655,col17_val00655,col18_val00655,col19_val00655,col20_val00655,col21_val00655,col22_val00655,col23_val00655,col24_val00655,col25_val00655,col26_val00655,col27_val00655,col28_val00655,col29_val00655
col0_val00656,col1_val00656,col2_val00656,col3_val00656,col4_val00656,col5_val00656,col6_val00656,col7_val00656,col8_val00656,col9_val00656,col10_val00656,col11_val00656,col12_val00656,col13_val00656,col14_val00656,col15_val00656,col16_val00656,col17_val00656,col18_val00656,col19_val00656,col20_val00656,col21_val00656,col22_val00656,col23_val00656,col24_val00656,col25_val00656,col26_val00656,col27_val00656,col28_val00656,col29_val00656
col0_val00657,col1_val00657,col2_val00657,col3_val00657,col4_val00657,col5_val00657,col6_val00657,col7_val00657,col8_val00657,col9_val00657,col10_val00657,col11_val00657,col12_val00657,col13_val00657,col14_val00657,col15_val00657,col16_val00657,col17_val00657,col18_val00657,col19_val00657,col20_val00657,col21_val00657,col22_val00657,col23_val00657,col24_val00657,col25_val00657,col26_val00657,col27_val00657,col28_val00657,col29_val00657
col0_val00658,col1_val00658,col2_val00658,col3_val00658,col4_val00658,col5_val00658,col6_val00658,col7_val00658,col8_val00658,col9_val00658,col10_val00658,col11_val00658,col12_val00658,col13_val00658,col14_val00658,col15_val00658,col16_val00658,col17_val00658,col18_val00658,col19_val00658,col20_val00658,col21_val00658,col22_val00658,col23_val00658,col24_val00658,col25_val00658,col26_val00658,col27_val00658,col28_val00658,col29_val00658
col0_val00659,col1_val00659,col2_val00659,col3_val00659,col4_val00659,col5_val00659,col6_val00659,col7_val00659,col8_val00659,col9_val00659,col10_val00659,col11_val00659,col12_val00659,col13_val00659,col14_val00659,col15_val00659,col16_val00659,col17_val00659,col18_val00659,col19_val00659,col20_val00659,col21_val00659,col22_val00659,col23_val00659,col24_val00659,col25_val00659,col26_val00659,col27_val00659,col28_val00659,col29_val00659
col0_val00660,col1_val00660,col2_val00660,col3_val00660,col4_val00660,col5_val00660,col6_val00660,col7_val00660,col8_val00660,col9_val00660,col10_val00660,col11_val00660,col12_val00660,col13_val00660,col14_val00660,col15_val00660,col16_val00660,col17_val00660,col18_val00660,col19_val00660,col20_val00660,col21_val00660,col22_val00660,col23_val00660,col24_val00660,col25_val00660,col26_val00660,col27_val00660,col28_val00660,col29_val00660
col0_val00661,col1_val00661,col2_val00661,col3_val00661,col4_val00661,col5_val00661,col6_val00661,col7_val00661,col8_val00661,col9_val00661,col10_val00661,col11_val00661,col12_val00661,col13_val00661,col14_val00661,col15_val00661,col16_val00661,col17_val00661,col18_val00661,col19_val00661,col20_val00661,col21_val00661,col22_val00661,col23_val00661,col24_val00661,col25_val00661,col26_val00661,col27_val00661,col28_val00661,col29_val00661
col0_val00662,col1_val00662,col2_val00662,col3_val00662,col4_val00662,col5_val00662,col6_val00662,col7_val00662,col8_val00662,col9_val00662,col10_val00662,col11_val00662,col12_val00662,col13_val00662,col14_val00662,col15_val00662,col16_val00662,col17_val00662,col18_val00662,col19_val00662,col20_val00662,col21_val00662,col22_val00662,col23_val00662,col24_val00662,col25_val00662,col26_val00662,col27_val00662,col28_val00662,col29_val00662
col0_val00663,col1_val00663,col2_val00663,col3_val00663,col4_val00663,col5_val00663,col6_val00663,col7_val00663,col8_val00663,col9_val00663,col10_val00663,col11_val00663,col12_val00663,col13_val00663,col14_val00663,col15_val00663,col16_val00663,col17_val00663,col18_val00663,col19_val00663,col20_val00663,col21_val00663,col22_val00663,col23_val00663,col24_val00663,col25_val00663,col26_val00663,col27_val00663,col28_val00663,col29_val00663
col0_val00664,col1_val00664,col2_val00664,col3_val00664,col4_val00664,col5_val00664,col6_val00664,col7_val00664,col8_val00664,col9_val00664,col10_val00664,col11_val00664,col12_val00664,col13_val00664,col14_val00664,col15_val00664,col16_val00664,col17_val00664,col18_val00664,col19_val00664,col20_val00664,col21_val00664,col22_val00664,col23_val00664,col24_val00664,col25_val00664,col26_val00664,col27_val00664,col28_val00664,col29_val00664
col0_val00665,col1_val00665,col2_val00665,col3_val00665,col4_val00665,col5_val00665,col6_val00665,col7_val00665,col8_val00665,col9_val00665,col10_val00665,col11_val00665,col12_val00665,col13_val00665,col14_val00665,col15_val00665,col16_val00665,col17_val00665,col18_val00665,col19_val00665,col20_val00665,col21_val00665,col22_val00665,col23_val00665,col24_val00665,col25_val00665,col26_val00665,col27_val00665,col28_val00665,col29_val00665
col0_val00666,col1_val00666,col2_val00666,col3_val00666,col4_val00666,col5_val00666,col6_val00666,col7_val00666,col8_val00666,col9_val00666,col10_val00666,col11_val00666,col12_val00666,col13_val00666,col14_val00666,col15_val00666,col16_val00666,col17_val00666,col18_val00666,col19_val00666,col20_val00666,col21_val00666,col22_val00666,col23_val00666,col24_val00666,col25_val00666,col26_val00666,col27_val00666,col28_val00666,col29_val00666
col0_val00667,col1_val00667,col2_val00667,col3_val00667,col4_val00667,col5_val00667,col6_val00667,col7_val00667,col8_val00667,col9_val00667,col10_val00667,col11_val00667,col12_val00667,col13_val00667,col14_val00667,col15_val00667,col16_val00667,col17_val00667,col18_val00667,col19_val00667,col20_val00667,col21_val00667,col22_val00667,col23_val00667,col24_val00667,col25_val00667,col26_val00667,col27_val00667,col28_val00667,col29_val00667
col0_val00668,col1_val00668,col2_val00668,col3_val00668,col4_val00668,col5_val00668,col6_val00668,col7_val00668,col8_val00668,col9_val00668,col10_val00668,col11_val00668,col12_val00668,col13_val00668,col14_val00668,col15_val00668,col16_val00668,col17_val00668,col18_val00668,col19_val00668,col20_val00668,col21_val00668,col22_val00668,col23_val00668,col24_val00668,col25_val00668,col26_val00668,col27_val00668,col28_val00668,col29_val00668
col0_val00669,col1_val00669,col2_val00669,col3_val00669,col4_val00669,col5_val00669,col6_val00669,col7_val00669,col8_val00669,col9_val00669,col10_val00669,col11_val00669,col12_val00669,col13_val00669,col14_val00669,col15_val00669,col16_val00669,col17_val00669,col18_val00669,col19_val00669,col20_val00669,col21_val00669,col22_val00669,col23_val00669,col24_val00669,col25_val00669,col26_val00669,col27_val00669,col28_val00669,col29_val00669
col0_val00670,col1_val00670,col2_val00670,col3_val00670,col4_val00670,col5_val00670,col6_val00670,col7_val00670,col8_val00670,col9_val00670,col10_val00670,col11_val00670,col12_val00670,col13_val00670,col14_val00670,col15_val00670,col16_val00670,col17_val00670,col18_val00670,col19_val00670,col20_val00670,col21_val00670,col22_val00670,col23_val00670,col24_val00670,col25_val00670,col26_val00670,col27_val00670,col28_val00670,col29_val00670
col0_val00671,col1_val00671,col2_val00671,col3_val00671,col4_val00671,col5_val00671,col6_val00671,col7_val00671,col8_val00671,col9_val00671,col10_val00671,col11_val00671,col12_val00671,col13_val00671,col14_val00671,col15_val00671,col16_val00671,col17_val00671,col18_val00671,col19_val00671,col20_val00671,col21_val00671,col22_val00671,col23_val00671,col24_val00671,col25_val00671,col26_val00671,col27_val00671,col28_val00671,col29_val00671
col0_val00672,col1_val00672,col2_val00672,col3_val00672,col4_val00672,col5_val00672,col6_val00672,col7_val00672,col8_val00672,col9_val00672,col10_val00672,col11_val00672,col12_val00672,col13_val00672,col14_val00672,col15_val00672,col16_val00672,col17_val00672,col18_val00672,col19_val00672,col20_val00672,col21_val00672,col22_val00672,col23_val00672,col24_val00672,col25_val00672,col26_val00672,col27_val00672,col28_val00672,col29_val00672
col0_val00673,col1_val00673,col2_val00673,col3_val00673,col4_val00673,col5_val00673,col6_val00673,col7_val00673,col8_val00673,col9_val00673,col10_val00673,col11_val00673,col12_val00673,col13_val00673,col14_val00673,col15_val00673,col16_val00673,col17_val00673,col18_val00673,col19_val00673,col20_val00673,col21_val00673,col22_val00673,col23_val00673,col24_val00673,col25_val00673,col26_val00673,col27_val00673,col28_val00673,col29_val00673
col0_val00674,col1_val00674,col2_val00674,col3_val00674,col4_val00674,col5_val00674,col6_val00674,col7_val00674,col8_val00674,col9_val00674,col10_val00674,col11_val00674,col12_val00674,col13_val00674,col14_val00674,col15_val00674,col16_val00674,col17_val00674,col18_val00674,col19_val00674,col20_val00674,col21_val00674,col22_val00674,col23_val00674,col24_val00674,col25_val00674,col26_val00674,col27_val00674,col28_val00674,col29_val00674
col0_val00675,col1_val00675,col2_val00675,col3_val00675,col4_val00675,col5_val00675,col6_val00675,col7_val00675,col8_val00675,col9_val00675,col10_val00675,col11_val00675,col12_val00675,col13_val00675,col14_val00675,col15_val00675,col16_val00675,col17_val00675,col18_val00675,col19_val00675,col20_val00675,col21_val00675,col22_val00675,col23_val00675,col24_val00675,col25_val00675,col26_val00675,col27_val00675,col28_val00675,col29_val00675
col0_val00676,col1_val00676,col2_val00676,col3_val00676,col4_val00676,col5_val00676,col6_val00676,col7_val00676,col8_val00676,col9_val00676,col10_val00676,col11_val00676,col12_val00676,col13_val00676,col14_val00676,col15_val00676,col16_val00676,col17_val00676,col18_val00676,col19_val00676,col20_val00676,col21_val00676,col22_val00676,col23_val00676,col24_val00676,col25_val00676,col26_val00676,col27_val00676,col28_val00676,col29_val00676
col0_val00677,col1_val00677,col2_val00677,col3_val00677,col4_val00677,col5_val00677,col6_val00677,col7_val00677,col8_val00677,col9_val00677,col10_val00677,col11_val00677,col12_val00677,col13_val00677,col14_val00677,col15_val00677,col16_val00677,col17_val00677,col18_val00677,col19_val00677,col20_val00677,col21_val00677,col22_val00677,col23_val00677,col24_val00677,col25_val00677,col26_val00677,col27_val00677,col28_val00677,col29_val00677
col0_val00678,col1_val00678,col2_val00678,col3_val00678,col4_val00678,col5_val00678,col6_val00678,col7_val00678,col8_val00678,col9_val00678,col10_val00678,col11_val00678,col12_val00678,col13_val00678,col14_val00678,col15_val00678,col16_val00678,col17_val00678,col18_val00678,col19_val00678,col20_val00678,col21_val00678,col22_val00678,col23_val00678,col24_val00678,col25_val00678,col26_val00678,col27_val00678,col28_val00678,col29_val00678
col0_val00679,col1_val00679,col2_val00679,col3_val00679,col4_val00679,col5_val00679,col6_val00679,col7_val00679,col8_val00679,col9_val00679,col10_val00679,col11_val00679,col12_val00679,col13_val00679,col14_val00679,col15_val00679,col16_val00679,col17_val00679,col18_val00679,col19_val00679,col20_val00679,col21_val00679,col22_val00679,col23_val00679,col24_val00679,col25_val00679,col26_val00679,col27_val00679,col28_val00679,col29_val00679
col0_val00680,col1_val00680,col2_val00680,col3_val00680,col4_val00680,col5_val00680,col6_val00680,col7_val00680,col8_val00680,col9_val00680,col10_val00680,col11_val00680,col12_val00680,col13_val00680,col14_val00680,col15_val00680,col16_val00680,col17_val00680,col18_val00680,col19_val00680,col20_val00680,col21_val00680,col22_val00680,col23_val00680,col24_val00680,col25_val00680,col26_val00680,col27_val00680,col28_val00680,col29_val00680
col0_val00681,col1_val00681,col2_val00681,col3_val00681,col4_val00681,col5_val00681,col6_val00681,col7_val00681,col8_val00681,col9_val00681,col10_val00681,col11_val00681,col12_val00681,col13_val00681,col14_val00681,col15_val00681,col16_val00681,col17_val00681,col18_val00681,col19_val00681,col20_val00681,col21_val00681,col22_val00681,col23_val00681,col24_val00681,col25_val00681,col26_val00681,col27_val00681,col28_val00681,col29_val00681
col0_val00682,col1_val00682,col2_val00682,col3_val00682,col4_val00682,col5_val00682,col6_val00682,col7_val00682,col8_val00682,col9_val00682,col10_val00682,col11_val00682,col12_val00682,col13_val00682,col14_val00682,col15_val00682,col16_val00682,col17_val00682,col18_val00682,col19_val00682,col20_val00682,col21_val00682,col22_val00682,col23_val00682,col24_val00682,col25_val00682,col26_val00682,col27_val00682,col28_val00682,col29_val00682
col0_val00683,col1_val00683,col2_val00683,col3_val00683,col4_val00683,col5_val00683,col6_val00683,col7_val00683,col8_val00683,col9_val00683,col10_val00683,col11_val00683,col12_val00683,col13_val00683,col14_val00683,col15_val00683,col16_val00683,col17_val00683,col18_val00683,col19_val00683,col20_val00683,col21_val00683,col22_val00683,col23_val00683,col24_val00683,col25_val00683,col26_val00683,col27_val00683,col28_val00683,col29_val00683
col0_val00684,col1_val00684,col2_val00684,col3_val00684,col4_val00684,col5_val00684,col6_val00684,col7_val00684,col8_val00684,col9_val00684,col10_val00684,col11_val00684,col12_val00684,col13_val00684,col14_val00684,col15_val00684,col16_val00684,col17_val00684,col18_val00684,col19_val00684,col20_val00684,col21_val00684,col22_val00684,col23_val00684,col24_val00684,col25_val00684,col26_val00684,col27_val00684,col28_val00684,col29_val00684
col0_val00685,col1_val00685,col2_val00685,col3_val00685,col4_val00685,col5_val00685,col6_val00685,col7_val00685,col8_val00685,col9_val00685,col10_val00685,col11_val00685,col12_val00685,col13_val00685,col14_val00685,col15_val00685,col16_val00685,col17_val00685,col18_val00685,col19_val00685,col20_val00685,col21_val00685,col22_val00685,col23_val00685,col24_val00685,col25_val00685,col26_val00685,col27_val00685,col28_val00685,col29_val00685
col0_val00686,col1_val00686,col2_val00686,col3_val00686,col4_val00686,col5_val00686,col6_val00686,col7_val00686,col8_val00686,col9_val00686,col10_val00686,col11_val00686,col12_val00686,col13_val00686,col14_val00686,col15_val00686,col16_val00686,col17_val00686,col18_val00686,col19_val00686,col20_val00686,col21_val00686,col22_val00686,col23_val00686,col24_val00686,col25_val00686,col26_val00686,col27_val00686,col28_val00686,col29_val00686
col0_val00687,col1_val00687,col2_val00687,col3_val00687,col4_val00687,col5_val00687,col6_val00687,col7_val00687,col8_val00687,col9_val00687,col10_val00687,col11_val00687,col12_val00687,col13_val00687,col14_val00687,col15_val00687,col16_val00687,col17_val00687,col18_val00687,col19_val00687,col20_val00687,col21_val00687,col22_val00687,col23_val00687,col24_val00687,col25_val00687,col26_val00687,col27_val00687,col28_val00687,col29_val00687
col0_val00688,col1_val00688,col2_val00688,col3_val00688,col4_val00688,col5_val00688,col6_val00688,col7_val00688,col8_val00688,col9_val00688,col10_val00688,col11_val00688,col12_val00688,col13_val00688,col14_val00688,col15_val00688,col16_val00688,col17_val00688,col18_val00688,col19_val00688,col20_val00688,col21_val00688,col22_val00688,col23_val00688,col24_val00688,col25_val00688,col26_val00688,col27_val00688,col28_val00688,col29_val00688
col0_val00689,col1_val00689,col2_val00689,col3_val00689,col4_val00689,col5_val00689,col6_val00689,col7_val00689,col8_val00689,col9_val00689,col10_val00689,col11_val00689,col12_val00689,col13_val00689,col14_val00689,col15_val00689,col16_val00689,col17_val00689,col18_val00689,col19_val00689,col20_val00689,col21_val00689,col22_val00689,col23_val00689,col24_val00689,col25_val00689,col26_val00689,col27_val00689,col28_val00689,col29_val00689
col0_val00690,col1_val00690,col2_val00690,col3_val00690,col4_val00690,col5_val00690,col6_val00690,col7_val00690,col8_val00690,col9_val00690,col10_val00690,col11_val00690,col12_val00690,col13_val00690,col14_val00690,col15_val00690,col16_val00690,col17_val00690,col18_val00690,col19_val00690,col20_val00690,col21_val00690,col22_val00690,col23_val00690,col24_val00690,col25_val00690,col26_val00690,col27_val00690,col28_val00690,col29_val00690
col0_val00691,col1_val00691,col2_val00691,col3_val00691,col4_val00691,col5_val00691,col6_val00691,col7_val00691,col8_val00691,col9_val00691,col10_val00691,col11_val00691,col12_val00691,col13_val00691,col14_val00691,col15_val00691,col16_val00691,col17_val00691,col18_val00691,col19_val00691,col20_val00691,col21_val00691,col22_val00691,col23_val00691,col24_val00691,col25_val00691,col26_val00691,col27_val00691,col28_val00691,col29_val00691
col0_val00692,col1_val00692,col2_val00692,col3_val00692,col4_val00692,col5_val00692,col6_val00692,col7_val00692,col8_val00692,col9_val00692,col10_val00692,col11_val00692,col12_val00692,col13_val00692,col14_val00692,col15_val00692,col16_val00692,col17_val00692,col18_val00692,col19_val00692,col20_val00692,col21_val00692,col22_val00692,col23_val00692,col24_val00692,col25_val00692,col26_val00692,col27_val00692,col28_val00692,col29_val00692
col0_val00693,col1_val00693,col2_val00693,col3_val00693,col4_val00693,col5_val00693,col6_val00693,col7_val00693,col8_val00693,col9_val00693,col10_val00693,col11_val00693,col12_val00693,col13_val00693,col14_val00693,col15_val00693,col16_val00693,col17_val00693,col18_val00693,col19_val00693,col20_val00693,col21_val00693,col22_val00693,col23_val00693,col24_val00693,col25_val00693,col26_val00693,col27_val00693,col28_val00693,col29_val00693
col0_val00694,col1_val00694,col2_val00694,col3_val00694,col4_val00694,col5_val00694,col6_val00694,col7_val00694,col8_val00694,col9_val00694,col10_val00694,col11_val00694,col12_val00694,col13_val00694,col14_val00694,col15_val00694,col16_val00694,col17_val00694,col18_val00694,col19_val00694,col20_val00694,col21_val00694,col22_val00694,col23_val00694,col24_val00694,col25_val00694,col26_val00694,col27_val00694,col28_val00694,col29_val00694
col0_val00695,col1_val00695,col2_val00695,col3_val00695,col4_val00695,col5_val00695,col6_val00695,col7_val00695,col8_val00695,col9_val00695,col10_val00695,col11_val00695,col12_val00695,col13_val00695,col14_val00695,col15_val00695,col16_val00695,col17_val00695,col18_val00695,col19_val00695,col20_val00695,col21_val00695,col22_val00695,col23_val00695,col24_val00695,col25_val00695,col26_val00695,col27_val00695,col28_val00695,col29_val00695
col0_val00696,col1_val00696,col2_val00696,col3_val00696,col4_val00696,col5_val00696,col6_val00696,col7_val00696,col8_val00696,col9_val00696,col10_val00696,col11_val00696,col12_val00696,col13_val00696,col14_val00696,col15_val00696,col16_val00696,col17_val00696,col18_val00696,col19_val00696,col20_val00696,col21_val00696,col22_val00696,col23_val00696,col24_val00696,col25_val00696,col26_val00696,col27_val00696,col28_val00696,col29_val00696
col0_val00697,col1_val00697,col2_val00697,col3_val00697,col4_val00697,col5_val00697,col6_val00697,col7_val00697,col8_val00697,col9_val00697,col10_val00697,col11_val00697,col12_val00697,col13_val00697,col14_val00697,col15_val00697,col16_val00697,col17_val00697,col18_val00697,col19_val00697,col20_val00697,col21_val00697,col22_val00697,col23_val00697,col24_val00697,col25_val00697,col26_val00697,col27_val00697,col28_val00697,col29_val00697
col0_val00698,col1_val00698,col2_val00698,col3_val00698,col4_val00698,col5_val00698,col6_val00698,col7_val00698,col8_val00698,col9_val00698,col10_val00698,col11_val00698,col12_val00698,col13_val00698,col14_val00698,col15_val00698,col16_val00698,col17_val00698,col18_val00698,col19_val00698,col20_val00698,col21_val00698,col22_val00698,col23_val00698,col24_val00698,col25_val00698,col26_val00698,col27_val00698,col28_val00698,col29_val00698
col0_val00699,col1_val00699,col2_val00699,col3_val00699,col4_val00699,col5_val00699,col6_val00699,col7_val00699,col8_val00699,col9_val00699,col10_val00699,col11_val00699,col12_val00699,col13_val00699,col14_val00699,col15_val00699,col16_val00699,col17_val00699,col18_val00699,col19_val00699,col20_val00699,col21_val00699,col22_val00699,col23_val00699,col24_val00699,col25_val00699,col26_val00699,col27_val00699,col28_val00699,col29_val00699
col0_val00700,col1_val00700,col2_val00700,col3_val00700,col4_val00700,col5_val00700,col6_val00700,col7_val00700,col8_val00700,col9_val00700,col10_val00700,col11_val00700,col12_val00700,col13_val00700,col14_val00700,col15_val00700,col16_val00700,col17_val00700,col18_val00700,col19_val00700,col20_val00700,col21_val00700,col22_val00700,col23_val00700,col24_val00700,col25_val00700,col26_val00700,col27_val00700,col28_val00700,col29_val00700
col0_val00701,col1_val00701,col2_val00701,col3_val00701,col4_val00701,col5_val00701,col6_val00701,col7_val00701,col8_val00701,col9_val00701,col10_val00701,col11_val00701,col12_val00701,col13_val00701,col14_val00701,col15_val00701,col16_val00701,col17_val00701,col18_val00701,col19_val00701,col20_val00701,col21_val00701,col22_val00701,col23_val00701,col24_val00701,col25_val00701,col26_val00701,col27_val00701,col28_val00701,col29_val00701
col0_val00702,col1_val00702,col2_val00702,col3_val00702,col4_val00702,col5_val00702,col6_val00702,col7_val00702,col8_val00702,col9_val00702,col10_val00702,col11_val00702,col12_val00702,col13_val00702,col14_val00702,col15_val00702,col16_val00702,col17_val00702,col18_val00702,col19_val00702,col20_val00702,col21_val00702,col22_val00702,col23_val00702,col24_val00702,col25_val00702,col26_val00702,col27_val00702,col28_val00702,col29_val00702
col0_val00703,col1_val00703,col2_val00703,col3_val00703,col4_val00703,col5_val00703,col6_val00703,col7_val00703,col8_val00703,col9_val00703,col10_val00703,col11_val00703,col12_val00703,col13_val00703,col14_val00703,col15_val00703,col16_val00703,col17_val00703,col18_val00703,col19_val00703,col20_val00703,col21_val00703,col22_val00703,col23_val00703,col24_val00703,col25_val00703,col26_val00703,col27_val00703,col28_val00703,col29_val00703
col0_val00704,col1_val00704,col2_val00704,col3_val00704,col4_val00704,col5_val00704,col6_val00704,col7_val00704,col8_val00704,col9_val00704,col10_val00704,col11_val00704,col12_val00704,col13_val00704,col14_val00704,col15_val00704,col16_val00704,col17_val00704,col18_val00704,col19_val00704,col20_val00704,col21_val00704,col22_val00704,col23_val00704,col24_val00704,col25_val00704,col26_val00704,col27_val00704,col28_val00704,col29_val00704
col0_val00705,col1_val00705,col2_val00705,col3_val00705,col4_val00705,col5_val00705,col6_val00705,col7_val00705,col8_val00705,col9_val00705,col10_val00705,col11_val00705,col12_val00705,col13_val00705,col14_val00705,col15_val00705,col16_val00705,col17_val00705,col18_val00705,col19_val00705,col20_val00705,col21_val00705,col22_val00705,col23_val00705,col24_val00705,col25_val00705,col26_val00705,col27_val00705,col28_val00705,col29_val00705
col0_val00706,col1_val00706,col2_val00706,col3_val00706,col4_val00706,col5_val00706,col6_val00706,col7_val00706,col8_val00706,col9_val00706,col10_val00706,col11_val00706,col12_val00706,col13_val00706,col14_val00706,col15_val00706,col16_val00706,col17_val00706,col18_val00706,col19_val00706,col20_val00706,col21_val00706,col22_val00706,col23_val00706,col24_val00706,col25_val00706,col26_val00706,col27_val00706,col28_val00706,col29_val00706
col0_val00707,col1_val00707,col2_val00707,col3_val00707,col4_val00707,col5_val00707,col6_val00707,col7_val00707,col8_val00707,col9_val00707,col10_val00707,col11_val00707,col12_val00707,col13_val00707,col14_val00707,col15_val00707,col16_val00707,col17_val00707,col18_val00707,col19_val00707,col20_val00707,col21_val00707,col22_val00707,col23_val00707,col24_val00707,col25_val00707,col26_val00707,col27_val00707,col28_val00707,col29_val00707
col0_val00708,col1_val00708,col2_val00708,col3_val00708,col4_val00708,col5_val00708,col6_val00708,col7_val00708,col8_val00708,col9_val00708,col10_val00708,col11_val00708,col12_val00708,col13_val00708,col14_val00708,col15_val00708,col16_val00708,col17_val00708,col18_val00708,col19_val00708,col20_val00708,col21_val00708,col22_val00708,col23_val00708,col24_val00708,col25_val00708,col26_val00708,col27_val00708,col28_val00708,col29_val00708
col0_val00709,col1_val00709,col2_val00709,col3_val00709,col4_val00709,col5_val00709,col6_val00709,col7_val00709,col8_val00709,col9_val00709,col10_val00709,col11_val00709,col12_val00709,col13_val00709,col14_val00709,col15_val00709,col16_val00709,col17_val00709,col18_val00709,col19_val00709,col20_val00709,col21_val00709,col22_val00709,col23_val00709,col24_val00709,col25_val00709,col26_val00709,col27_val00709,col28_val00709,col29_val00709
col0_val00710,col1_val00710,col2_val00710,col3_val00710,col4_val00710,col5_val00710,col6_val00710,col7_val00710,col8_val00710,col9_val00710,col10_val00710,col11_val00710,col12_val00710,col13_val00710,col14_val00710,col15_val00710,col16_val00710,col17_val00710,col18_val00710,col19_val00710,col20_val00710,col21_val00710,col22_val00710,col23_val00710,col24_val00710,col25_val00710,col26_val00710,col27_val00710,col28_val00710,col29_val00710
col0_val00711,col1_val00711,col2_val00711,col3_val00711,col4_val00711,col5_val00711,col6_val00711,col7_val00711,col8_val00711,col9_val00711,col10_val00711,col11_val00711,col12_val00711,col13_val00711,col14_val00711,col15_val00711,col16_val00711,col17_val00711,col18_val00711,col19_val00711,col20_val00711,col21_val00711,col22_val00711,col23_val00711,col24_val00711,col25_val00711,col26_val00711,col27_val00711,col28_val00711,col29_val00711
col0_val00712,col1_val00712,col2_val00712,col3_val00712,col4_val00712,col5_val00712,col6_val00712,col7_val00712,col8_val00712,col9_val00712,col10_val00712,col11_val00712,col12_val00712,col13_val00712,col14_val00712,col15_val00712,col16_val00712,col17_val00712,col18_val00712,col19_val00712,col20_val00712,col21_val00712,col22_val00712,col23_val00712,col24_val00712,col25_val00712,col26_val00712,col27_val00712,col28_val00712,col29_val00712
col0_val00713,col1_val00713,col2_val00713,col3_val00713,col4_val00713,col5_val00713,col6_val00713,col7_val00713,col8_val00713,col9_val00713,col10_val00713,col11_val00713,col12_val00713,col13_val00713,col14_val00713,col15_val00713,col16_val00713,col17_val00713,col18_val00713,col19_val00713,col20_val00713,col21_val00713,col22_val00713,col23_val00713,col24_val00713,col25_val00713,col26_val00713,col27_val00713,col28_val00713,col29_val00713
col0_val00714,col1_val00714,col2_val00714,col3_val00714,col4_val00714,col5_val00714,col6_val00714,col7_val00714,col8_val00714,col9_val00714,col10_val00714,col11_val00714,col12_val00714,col13_val00714,col14_val00714,col15_val00714,col16_val00714,col17_val00714,col18_val00714,col19_val00714,col20_val00714,col21_val00714,col22_val00714,col23_val00714,col24_val00714,col25_val00714,col26_val00714,col27_val00714,col28_val00714,col29_val00714
col0_val00715,col1_val00715,col2_val00715,col3_val00715,col4_val00715,col5_val00715,col6_val00715,col7_val00715,col8_val00715,col9_val00715,col10_val00715,col11_val00715,col12_val00715,col13_val00715,col14_val00715,col15_val00715,col16_val00715,col17_val00715,col18_val00715,col19_val00715,col20_val00715,col21_val00715,col22_val00715,col23_val00715,col24_val00715,col25_val00715,col26_val00715,col27_val00715,col28_val00715,col29_val00715
col0_val00716,col1_val00716,col2_val00716,col3_val00716,col4_val00716,col5_val00716,col6_val00716,col7_val00716,col8_val00716,col9_val00716,col10_val00716,col11_val00716,col12_val00716,col13_val00716,col14_val00716,col15_val00716,col16_val00716,col17_val00716,col18_val00716,col19_val00716,col20_val00716,col21_val00716,col22_val00716,col23_val00716,col24_val00716,col25_val00716,col26_val00716,col27_val00716,col28_val00716,col29_val00716
col0_val00717,col1_val00717,col2_val00717,col3_val00717,col4_val00717,col5_val00717,col6_val00717,col7_val00717,col8_val00717,col9_val00717,col10_val00717,col11_val00717,col12_val00717,col13_val00717,col14_val00717,col15_val00717,col16_val00717,col17_val00717,col18_val00717,col19_val00717,col20_val00717,col21_val00717,col22_val00717,col23_val00717,col24_val00717,col25_val00717,col26_val00717,col27_val00717,col28_val00717,col29_val00717
col0_val00718,col1_val00718,col2_val00718,col3_val00718,col4_val00718,col5_val00718,col6_val00718,col7_val00718,col8_val00718,col9_val00718,col10_val00718,col11_val00718,col12_val00718,col13_val00718,col14_val00718,col15_val00718,col16_val00718,col17_val00718,col18_val00718,col19_val00718,col20_val00718,col21_val00718,col22_val00718,col23_val00718,col24_val00718,col25_val00718,col26_val00718,col27_val00718,col28_val00718,col29_val00718
col0_val00719,col1_val00719,col2_val00719,col3_val00719,col4_val00719,col5_val00719,col6_val00719,col7_val00719,col8_val00719,col9_val00719,col10_val00719,col11_val00719,col12_val00719,col13_val00719,col14_val00719,col15_val00719,col16_val00719,col17_val00719,col18_val00719,col19_val00719,col20_val00719,col21_val00719,col22_val00719,col23_val00719,col24_val00719,col25_val00719,col26_val00719,col27_val00719,col28_val00719,col29_val00719
col0_val00720,col1_val00720,col2_val00720,col3_val00720,col4_val00720,col5_val00720,col6_val00720,col7_val00720,col8_val00720,col9_val00720,col10_val00720,col11_val00720,col12_val00720,col13_val00720,col14_val00720,col15_val00720,col16_val00720,col17_val00720,col18_val00720,col19_val00720,col20_val00720,col21_val00720,col22_val00720,col23_val00720,col24_val00720,col25_val00720,col26_val00720,col27_val00720,col28_val00720,col29_val00720
col0_val00721,col1_val00721,col2_val00721,col3_val00721,col4_val00721,col5_val00721,col6_val00721,col7_val00721,col8_val00721,col9_val00721,col10_val00721,col11_val00721,col12_val00721,col13_val00721,col14_val00721,col15_val00721,col16_val00721,col17_val00721,col18_val00721,col19_val00721,col20_val00721,col21_val00721,col22_val00721,col23_val00721,col24_val00721,col25_val00721,col26_val00721,col27_val00721,col28_val00721,col29_val00721
col0_val00722,col1_val00722,col2_val00722,col3_val00722,col4_val00722,col5_val00722,col6_val00722,col7_val00722,col8_val00722,col9_val00722,col10_val00722,col11_val00722,col12_val00722,col13_val00722,col14_val00722,col15_val00722,col16_val00722,col17_val00722,col18_val00722,col19_val00722,col20_val00722,col21_val00722,col22_val00722,col23_val00722,col24_val00722,col25_val00722,col26_val00722,col27_val00722,col28_val00722,col29_val00722
col0_val00723,col1_val00723,col2_val00723,col3_val00723,col4_val00723,col5_val00723,col6_val00723,col7_val00723,col8_val00723,col9_val00723,col10_val00723,col11_val00723,col12_val00723,col13_val00723,col14_val00723,col15_val00723,col16_val00723,col17_val00723,col18_val00723,col19_val00723,col20_val00723,col21_val00723,col22_val00723,col23_val00723,col24_val00723,col25_val00723,col26_val00723,col27_val00723,col28_val00723,col29_val00723
col0_val00724,col1_val00724,col2_val00724,col3_val00724,col4_val00724,col5_val00724,col6_val00724,col7_val00724,col8_val00724,col9_val00724,col10_val00724,col11_val00724,col12_val00724,col13_val00724,col14_val00724,col15_val00724,col16_val00724,col17_val00724,col18_val00724,col19_val00724,col20_val00724,col21_val00724,col22_val00724,col23_val00724,col24_val00724,col25_val00724,col26_val00724,col27_val00724,col28_val00724,col29_val00724
col0_val00725,col1_val00725,col2_val00725,col3_val00725,col4_val00725,col5_val00725,col6_val00725,col7_val00725,col8_val00725,col9_val00725,col10_val00725,col11_val00725,col12_val00725,col13_val00725,col14_val00725,col15_val00725,col16_val00725,col17_val00725,col18_val00725,col19_val00725,col20_val00725,col21_val00725,col22_val00725,col23_val00725,col24_val00725,col25_val00725,col26_val00725,col27_val00725,col28_val00725,col29_val00725
col0_val00726,col1_val00726,col2_val00726,col3_val00726,col4_val00726,col5_val00726,col6_val00726,col7_val00726,col8_val00726,col9_val00726,col10_val00726,col11_val00726,col12_val00726,col13_val00726,col14_val00726,col15_val00726,col16_val00726,col17_val00726,col18_val00726,col19_val00726,col20_val00726,col21_val00726,col22_val00726,col23_val00726,col24_val00726,col25_val00726,col26_val00726,col27_val00726,col28_val00726,col29_val00726
col0_val00727,col1_val00727,col2_val00727,col3_val00727,col4_val00727,col5_val00727,col6_val00727,col7_val00727,col8_val00727,col9_val00727,col10_val00727,col11_val00727,col12_val00727,col13_val00727,col14_val00727,col15_val00727,col16_val00727,col17_val00727,col18_val00727,col19_val00727,col20_val00727,col21_val00727,col22_val00727,col23_val00727,col24_val00727,col25_val00727,col26_val00727,col27_val00727,col28_val00727,col29_val00727
col0_val00728,col1_val00728,col2_val00728,col3_val00728,col4_val00728,col5_val00728,col6_val00728,col7_val00728,col8_val00728,col9_val00728,col10_val00728,col11_val00728,col12_val00728,col13_val00728,col14_val00728,col15_val00728,col16_val00728,col17_val00728,col18_val00728,col19_val00728,col20_val00728,col21_val00728,col22_val00728,col23_val00728,col24_val00728,col25_val00728,col26_val00728,col27_val00728,col28_val00728,col29_val00728
col0_val00729,col1_val00729,col2_val00729,col3_val00729,col4_val00729,col5_val00729,col6_val00729,col7_val00729,col8_val00729,col9_val00729,col10_val00729,col11_val00729,col12_val00729,col13_val00729,col14_val00729,col15_val00729,col16_val00729,col17_val00729,col18_val00729,col19_val00729,col20_val00729,col21_val00729,col22_val00729,col23_val00729,col24_val00729,col25_val00729,col26_val00729,col27_val00729,col28_val00729,col29_val00729
col0_val00730,col1_val00730,col2_val00730,col3_val00730,col4_val00730,col5_val00730,col6_val00730,col7_val00730,col8_val00730,col9_val00730,col10_val00730,col11_val00730,col12_val00730,col13_val00730,col14_val00730,col15_val00730,col16_val00730,col17_val00730,col18_val00730,col19_val00730,col20_val00730,col21_val00730,col22_val00730,col23_val00730,col24_val00730,col25_val00730,col26_val00730,col27_val00730,col28_val00730,col29_val00730
col0_val00731,col1_val00731,col2_val00731,col3_val00731,col4_val00731,col5_val00731,col6_val00731,col7_val00731,col8_val00731,col9_val00731,col10_val00731,col11_val00731,col12_val00731,col13_val00731,col14_val00731,col15_val00731,col16_val00731,col17_val00731,col18_val00731,col19_val00731,col20_val00731,col21_val00731,col22_val00731,col23_val00731,col24_val00731,col25_val00731,col26_val00731,col27_val00731,col28_val00731,col29_val00731
col0_val00732,col1_val00732,col2_val00732,col3_val00732,col4_val00732,col5_val00732,col6_val00732,col7_val00732,col8_val00732,col9_val00732,col10_val00732,col11_val00732,col12_val00732,col13_val00732,col14_val00732,col15_val00732,col16_val00732,col17_val00732,col18_val00732,col19_val00732,col20_val00732,col21_val00732,col22_val00732,col23_val00732,col24_val00732,col25_val00732,col26_val00732,col27_val00732,col28_val00732,col29_val00732
col0_val00733,col1_val00733,col2_val00733,col3_val00733,col4_val00733,col5_val00733,col6_val00733,col7_val00733,col8_val00733,col9_val00733,col10_val00733,col11_val00733,col12_val00733,col13_val00733,col14_val00733,col15_val00733,col16_val00733,col17_val00733,col18_val00733,col19_val00733,col20_val00733,col21_val00733,col22_val00733,col23_val00733,col24_val00733,col25_val00733,col26_val00733,col27_val00733,col28_val00733,col29_val00733
col0_val00734,col1_val00734,col2_val00734,col3_val00734,col4_val00734,col5_val00734,col6_val00734,col7_val00734,col8_val00734,col9_val00734,col10_val00734,col11_val00734,col12_val00734,col13_val00734,col14_val00734,col15_val00734,col16_val00734,col17_val00734,col18_val00734,col19_val00734,col20_val00734,col21_val00734,col22_val00734,col23_val00734,col24_val00734,col25_val00734,col26_val00734,col27_val00734,col28_val00734,col29_val00734
col0_val00735,col1_val00735,col2_val00735,col3_val00735,col4_val00735,col5_val00735,col6_val00735,col7_val00735,col8_val00735,col9_val00735,col10_val00735,col11_val00735,col12_val00735,col13_val00735,col14_val00735,col15_val00735,col16_val00735,col17_val00735,col18_val00735,col19_val00735,col20_val00735,col21_val00735,col22_val00735,col23_val00735,col24_val00735,col25_val00735,col26_val00735,col27_val00735,col28_val00735,col29_val00735
col0_val00736,col1_val00736,col2_val00736,col3_val00736,col4_val00736,col5_val00736,col6_val00736,col7_val00736,col8_val00736,col9_val00736,col10_val00736,col11_val00736,col12_val00736,col13_val00736,col14_val00736,col15_val00736,col16_val00736,col17_val00736,col18_val00736,col19_val00736,col20_val00736,col21_val00736,col22_val00736,col23_val00736,col24_val00736,col25_val00736,col26_val00736,col27_val00736,col28_val00736,col29_val00736
col0_val00737,col1_val00737,col2_val00737,col3_val00737,col4_val00737,col5_val00737,col6_val00737,col7_val00737,col8_val00737,col9_val00737,col10_val00737,col11_val00737,col12_val00737,col13_val00737,col14_val00737,col15_val00737,col16_val00737,col17_val00737,col18_val00737,col19_val00737,col20_val00737,col21_val00737,col22_val00737,col23_val00737,col24_val00737,col25_val00737,col26_val00737,col27_val00737,col28_val00737,col29_val00737
col0_val00738,col1_val00738,col2_val00738,col3_val00738,col4_val00738,col5_val00738,col6_val00738,col7_val00738,col8_val00738,col9_val00738,col10_val00738,col11_val00738,col12_val00738,col13_val00738,col14_val00738,col15_val00738,col16_val00738,col17_val00738,col18_val00738,col19_val00738,col20_val00738,col21_val00738,col22_val00738,col23_val00738,col24_val00738,col25_val00738,col26_val00738,col27_val00738,col28_val00738,col29_val00738
col0_val00739,col1_val00739,col2_val00739,col3_val00739,col4_val00739,col5_val00739,col6_val00739,col7_val00739,col8_val00739,col9_val00739,col10_val00739,col11_val00739,col12_val00739,col13_val00739,col14_val00739,col15_val00739,col16_val00739,col17_val00739,col18_val00739,col19_val00739,col20_val00739,col21_val00739,col22_val00739,col23_val00739,col24_val00739,col25_val00739,col26_val00739,col27_val00739,col28_val00739,col29_val00739
col0_val00740,col1_val00740,col2_val00740,col3_val00740,col4_val00740,col5_val00740,col6_val00740,col7_val00740,col8_val00740,col9_val00740,col10_val00740,col11_val00740,col12_val00740,col13_val00740,col14_val00740,col15_val00740,col16_val00740,col17_val00740,col18_val00740,col19_val00740,col20_val00740,col21_val00740,col22_val00740,col23_val00740,col24_val00740,col25_val00740,col26_val00740,col27_val00740,col28_val00740,col29_val00740
col0_val00741,col1_val00741,col2_val00741,col3_val00741,col4_val00741,col5_val00741,col6_val00741,col7_val00741,col8_val00741,col9_val00741,col10_val00741,col11_val00741,col12_val00741,col13_val00741,col14_val00741,col15_val00741,col16_val00741,col17_val00741,col18_val00741,col19_val00741,col20_val00741,col21_val00741,col22_val00741,col23_val00741,col24_val00741,col25_val00741,col26_val00741,col27_val00741,col28_val00741,col29_val00741
col0_val00742,col1_val00742,col2_val00742,col3_val00742,col4_val00742,col5_val00742,col6_val00742,col7_val00742,col8_val00742,col9_val00742,col10_val00742,col11_val00742,col12_val00742,col13_val00742,col14_val00742,col15_val00742,col16_val00742,col17_val00742,col18_val00742,col19_val00742,col20_val00742,col21_val00742,col22_val00742,col23_val00742,col24_val00742,col25_val00742,col26_val00742,col27_val00742,col28_val00742,col29_val00742
col0_val00743,col1_val00743,col2_val00743,col3_val00743,col4_val00743,col5_val00743,col6_val00743,col7_val00743,col8_val00743,col9_val00743,col10_val00743,col11_val00743,col12_val00743,col13_val00743,col14_val00743,col15_val00743,col16_val00743,col17_val00743,col18_val00743,col19_val00743,col20_val00743,col21_val00743,col22_val00743,col23_val00743,col24_val00743,col25_val00743,col26_val00743,col27_val00743,col28_val00743,col29_val00743
col0_val00744,col1_val00744,col2_val00744,col3_val00744,col4_val00744,col5_val00744,col6_val00744,col7_val00744,col8_val00744,col9_val00744,col10_val00744,col11_val00744,col12_val00744,col13_val00744,col14_val00744,col15_val00744,col16_val00744,col17_val00744,col18_val00744,col19_val00744,col20_val00744,col21_val00744,col22_val00744,col23_val00744,col24_val00744,col25_val00744,col26_val00744,col27_val00744,col28_val00744,col29_val00744
col0_val00745,col1_val00745,col2_val00745,col3_val00745,col4_val00745,col5_val00745,col6_val00745,col7_val00745,col8_val00745,col9_val00745,col10_val00745,col11_val00745,col12_val00745,col13_val00745,col14_val00745,col15_val00745,col16_val00745,col17_val00745,col18_val00745,col19_val00745,col20_val00745,col21_val00745,col22_val00745,col23_val00745,col24_val00745,col25_val00745,col26_val00745,col27_val00745,col28_val00745,col29_val00745
col0_val00746,col1_val00746,col2_val00746,col3_val00746,col4_val00746,col5_val00746,col6_val00746,col7_val00746,col8_val00746,col9_val00746,col10_val00746,col11_val00746,col12_val00746,col13_val00746,col14_val00746,col15_val00746,col16_val00746,col17_val00746,col18_val00746,col19_val00746,col20_val00746,col21_val00746,col22_val00746,col23_val00746,col24_val00746,col25_val00746,col26_val00746,col27_val00746,col28_val00746,col29_val00746
col0_val00747,col1_val00747,col2_val00747,col3_val00747,col4_val00747,col5_val00747,col6_val00747,col7_val00747,col8_val00747,col9_val00747,col10_val00747,col11_val00747,col12_val00747,col13_val00747,col14_val00747,col15_val00747,col16_val00747,col17_val00747,col18_val00747,col19_val00747,col20_val00747,col21_val00747,col22_val00747,col23_val00747,col24_val00747,col25_val00747,col26_val00747,col27_val00747,col28_val00747,col29_val00747
col0_val00748,col1_val00748,col2_val00748,col3_val00748,col4_val00748,col5_val00748,col6_val00748,col7_val00748,col8_val00748,col9_val00748,col10_val00748,col11_val00748,col12_val00748,col13_val00748,col14_val00748,col15_val00748,col16_val00748,col17_val00748,col18_val00748,col19_val00748,col20_val00748,col21_val00748,col22_val00748,col23_val00748,col24_val00748,col25_val00748,col26_val00748,col27_val00748,col28_val00748,col29_val00748
col0_val00749,col1_val00749,col2_val00749,col3_val00749,col4_val00749,col5_val00749,col6_val00749,col7_val00749,col8_val00749,col9_val00749,col10_val00749,col11_val00749,col12_val00749,col13_val00749,col14_val00749,col15_val00749,col16_val00749,col17_val00749,col18_val00749,col19_val00749,col20_val00749,col21_val00749,col22_val00749,col23_val00749,col24_val00749,col25_val00749,col26_val00749,col27_val00749,col28_val00749,col29_val00749
col0_val00750,col1_val00750,col2_val00750,col3_val00750,col4_val00750,col5_val00750,col6_val00750,col7_val00750,col8_val00750,col9_val00750,col10_val00750,col11_val00750,col12_val00750,col13_val00750,col14_val00750,col15_val00750,col16_val00750,col17_val00750,col18_val00750,col19_val00750,col20_val00750,col21_val00750,col22_val00750,col23_val00750,col24_val00750,col25_val00750,col26_val00750,col27_val00750,col28_val00750,col29_val00750
col0_val00751,col1_val00751,col2_val00751,col3_val00751,col4_val00751,col5_val00751,col6_val00751,col7_val00751,col8_val00751,col9_val00751,col10_val00751,col11_val00751,col12_val00751,col13_val00751,col14_val00751,col15_val00751,col16_val00751,col17_val00751,col18_val00751,col19_val00751,col20_val00751,col21_val00751,col22_val00751,col23_val00751,col24_val00751,col25_val00751,col26_val00751,col27_val00751,col28_val00751,col29_val00751
col0_val00752,col1_val00752,col2_val00752,col3_val00752,col4_val00752,col5_val00752,col6_val00752,col7_val00752,col8_val00752,col9_val00752,col10_val00752,col11_val00752,col12_val00752,col13_val00752,col14_val00752,col15_val00752,col16_val00752,col17_val00752,col18_val00752,col19_val00752,col20_val00752,col21_val00752,col22_val00752,col23_val00752,col24_val00752,col25_val00752,col26_val00752,col27_val00752,col28_val00752,col29_val00752
col0_val00753,col1_val00753,col2_val00753,col3_val00753,col4_val00753,col5_val00753,col6_val00753,col7_val00753,col8_val00753,col9_val00753,col10_val00753,col11_val00753,col12_val00753,col13_val00753,col14_val00753,col15_val00753,col16_val00753,col17_val00753,col18_val00753,col19_val00753,col20_val00753,col21_val00753,col22_val00753,col23_val00753,col24_val00753,col25_val00753,col26_val00753,col27_val00753,col28_val00753,col29_val00753
col0_val00754,col1_val00754,col2_val00754,col3_val00754,col4_val00754,col5_val00754,col6_val00754,col7_val00754,col8_val00754,col9_val00754,col10_val00754,col11_val00754,col12_val00754,col13_val00754,col14_val00754,col15_val00754,col16_val00754,col17_val00754,col18_val00754,col19_val00754,col20_val00754,col21_val00754,col22_val00754,col23_val00754,col24_val00754,col25_val00754,col26_val00754,col27_val00754,col28_val00754,col29_val00754
col0_val00755,col1_val00755,col2_val00755,col3_val00755,col4_val00755,col5_val00755,col6_val00755,col7_val00755,col8_val00755,col9_val00755,col10_val00755,col11_val00755,col12_val00755,col13_val00755,col14_val00755,col15_val00755,col16_val00755,col17_val00755,col18_val00755,col19_val00755,col20_val00755,col21_val00755,col22_val00755,col23_val00755,col24_val00755,col25_val00755,col26_val00755,col27_val00755,col28_val00755,col29_val00755
col0_val00756,col1_val00756,col2_val00756,col3_val00756,col4_val00756,col5_val00756,col6_val00756,col7_val00756,col8_val00756,col9_val00756,col10_val00756,col11_val00756,col12_val00756,col13_val00756,col14_val00756,col15_val00756,col16_val00756,col17_val00756,col18_val00756,col19_val00756,col20_val00756,col21_val00756,col22_val00756,col23_val00756,col24_val00756,col25_val00756,col26_val00756,col27_val00756,col28_val00756,col29_val00756
col0_val00757,col1_val00757,col2_val00757,col3_val00757,col4_val00757,col5_val00757,col6_val00757,col7_val00757,col8_val00757,col9_val00757,col10_val00757,col11_val00757,col12_val00757,col13_val00757,col14_val00757,col15_val00757,col16_val00757,col17_val00757,col18_val00757,col19_val00757,col20_val00757,col21_val00757,col22_val00757,col23_val00757,col24_val00757,col25_val00757,col26_val00757,col27_val00757,col28_val00757,col29_val00757
col0_val00758,col1_val00758,col2_val00758,col3_val00758,col4_val00758,col5_val00758,col6_val00758,col7_val00758,col8_val00758,col9_val00758,col10_val00758,col11_val00758,col12_val00758,col13_val00758,col14_val00758,col15_val00758,col16_val00758,col17_val00758,col18_val00758,col19_val00758,col20_val00758,col21_val00758,col22_val00758,col23_val00758,col24_val00758,col25_val00758,col26_val00758,col27_val00758,col28_val00758,col29_val00758
col0_val00759,col1_val00759,col2_val00759,col3_val00759,col4_val00759,col5_val00759,col6_val00759,col7_val00759,col8_val00759,col9_val00759,col10_val00759,col11_val00759,col12_val00759,col13_val00759,col14_val00759,col15_val00759,col16_val00759,col17_val00759,col18_val00759,col19_val00759,col20_val00759,col21_val00759,col22_val00759,col23_val00759,col24_val00759,col25_val00759,col26_val00759,col27_val00759,col28_val00759,col29_val00759
col0_val00760,col1_val00760,col2_val00760,col3_val00760,col4_val00760,col5_val00760,col6_val00760,col7_val00760,col8_val00760,col9_val00760,col10_val00760,col11_val00760,col12_val00760,col13_val00760,col14_val00760,col15_val00760,col16_val00760,col17_val00760,col18_val00760,col19_val00760,col20_val00760,col21_val00760,col22_val00760,col23_val00760,col24_val00760,col25_val00760,col26_val00760,col27_val00760,col28_val00760,col29_val00760
col0_val00761,col1_val00761,col2_val00761,col3_val00761,col4_val00761,col5_val00761,col6_val00761,col7_val00761,col8_val00761,col9_val00761,col10_val00761,col11_val00761,col12_val00761,col13_val00761,col14_val00761,col15_val00761,col16_val00761,col17_val00761,col18_val00761,col19_val00761,col20_val00761,col21_val00761,col22_val00761,col23_val00761,col24_val00761,col25_val00761,col26_val00761,col27_val00761,col28_val00761,col29_val00761
col0_val00762,col1_val00762,col2_val00762,col3_val00762,col4_val00762,col5_val00762,col6_val00762,col7_val00762,col8_val00762,col9_val00762,col10_val00762,col11_val00762,col12_val00762,col13_val00762,col14_val00762,col15_val00762,col16_val00762,col17_val00762,col18_val00762,col19_val00762,col20_val00762,col21_val00762,col22_val00762,col23_val00762,col24_val00762,col25_val00762,col26_val00762,col27_val00762,col28_val00762,col29_val00762
col0_val00763,col1_val00763,col2_val00763,col3_val00763,col4_val00763,col5_val00763,col6_val00763,col7_val00763,col8_val00763,col9_val00763,col10_val00763,col11_val00763,col12_val00763,col13_val00763,col14_val00763,col15_val00763,col16_val00763,col17_val00763,col18_val00763,col19_val00763,col20_val00763,col21_val00763,col22_val00763,col23_val00763,col24_val00763,col25_val00763,col26_val00763,col27_val00763,col28_val00763,col29_val00763
col0_val00764,col1_val00764,col2_val00764,col3_val00764,col4_val00764,col5_val00764,col6_val00764,col7_val00764,col8_val00764,col9_val00764,col10_val00764,col11_val00764,col12_val00764,col13_val00764,col14_val00764,col15_val00764,col16_val00764,col17_val00764,col18_val00764,col19_val00764,col20_val00764,col21_val00764,col22_val00764,col23_val00764,col24_val00764,col25_val00764,col26_val00764,col27_val00764,col28_val00764,col29_val00764
col0_val00765,col1_val00765,col2_val00765,col3_val00765,col4_val00765,col5_val00765,col6_val00765,col7_val00765,col8_val00765,col9_val00765,col10_val00765,col11_val00765,col12_val00765,col13_val00765,col14_val00765,col15_val00765,col16_val00765,col17_val00765,col18_val00765,col19_val00765,col20_val00765,col21_val00765,col22_val00765,col23_val00765,col24_val00765,col25_val00765,col26_val00765,col27_val00765,col28_val00765,col29_val00765
col0_val00766,col1_val00766,col2_val00766,col3_val00766,col4_val00766,col5_val00766,col6_val00766,col7_val00766,col8_val00766,col9_val00766,col10_val00766,col11_val00766,col12_val00766,col13_val00766,col14_val00766,col15_val00766,col16_val00766,col17_val00766,col18_val00766,col19_val00766,col20_val00766,col21_val00766,col22_val00766,col23_val00766,col24_val00766,col25_val00766,col26_val00766,col27_val00766,col28_val00766,col29_val00766
col0_val00767,col1_val00767,col2_val00767,col3_val00767,col4_val00767,col5_val00767,col6_val00767,col7_val00767,col8_val00767,col9_val00767,col10_val00767,col11_val00767,col12_val00767,col13_val00767,col14_val00767,col15_val00767,col16_val00767,col17_val00767,col18_val00767,col19_val00767,col20_val00767,col21_val00767,col22_val00767,col23_val00767,col24_val00767,col25_val00767,col26_val00767,col27_val00767,col28_val00767,col29_val00767
col0_val00768,col1_val00768,col2_val00768,col3_val00768,col4_val00768,col5_val00768,col6_val00768,col7_val00768,col8_val00768,col9_val00768,col10_val00768,col11_val00768,col12_val00768,col13_val00768,col14_val00768,col15_val00768,col16_val00768,col17_val00768,col18_val00768,col19_val00768,col20_val00768,col21_val00768,col22_val00768,col23_val00768,col24_val00768,col25_val00768,col26_val00768,col27_val00768,col28_val00768,col29_val00768
col0_val00769,col1_val00769,col2_val00769,col3_val00769,col4_val00769,col5_val00769,col6_val00769,col7_val00769,col8_val00769,col9_val00769,col10_val00769,col11_val00769,col12_val00769,col13_val00769,col14_val00769,col15_val00769,col16_val00769,col17_val00769,col18_val00769,col19_val00769,col20_val00769,col21_val00769,col22_val00769,col23_val00769,col24_val00769,col25_val00769,col26_val00769,col27_val00769,col28_val00769,col29_val00769
col0_val00770,col1_val00770,col2_val00770,col3_val00770,col4_val00770,col5_val00770,col6_val00770,col7_val00770,col8_val00770,col9_val00770,col10_val00770,col11_val00770,col12_val00770,col13_val00770,col14_val00770,col15_val00770,col16_val00770,col17_val00770,col18_val00770,col19_val00770,col20_val00770,col21_val00770,col22_val00770,col23_val00770,col24_val00770,col25_val00770,col26_val00770,col27_val00770,col28_val00770,col29_val00770
col0_val00771,col1_val00771,col2_val00771,col3_val00771,col4_val00771,col5_val00771,col6_val00771,col7_val00771,col8_val00771,col9_val00771,col10_val00771,col11_val00771,col12_val00771,col13_val00771,col14_val00771,col15_val00771,col16_val00771,col17_val00771,col18_val00771,col19_val00771,col20_val00771,col21_val00771,col22_val00771,col23_val00771,col24_val00771,col25_val00771,col26_val00771,col27_val00771,col28_val00771,col29_val00771
col0_val00772,col1_val00772,col2_val00772,col3_val00772,col4_val00772,col5_val00772,col6_val00772,col7_val00772,col8_val00772,col9_val00772,col10_val00772,col11_val00772,col12_val00772,col13_val00772,col14_val00772,col15_val00772,col16_val00772,col17_val00772,col18_val00772,col19_val00772,col20_val00772,col21_val00772,col22_val00772,col23_val00772,col24_val00772,col25_val00772,col26_val00772,col27_val00772,col28_val00772,col29_val00772
col0_val00773,col1_val00773,col2_val00773,col3_val00773,col4_val00773,col5_val00773,col6_val00773,col7_val00773,col8_val00773,col9_val00773,col10_val00773,col11_val00773,col12_val00773,col13_val00773,col14_val00773,col15_val00773,col16_val00773,col17_val00773,col18_val00773,col19_val00773,col20_val00773,col21_val00773,col22_val00773,col23_val00773,col24_val00773,col25_val00773,col26_val00773,col27_val00773,col28_val00773,col29_val00773
col0_val00774,col1_val00774,col2_val00774,col3_val00774,col4_val00774,col5_val00774,col6_val00774,col7_val00774,col8_val00774,col9_val00774,col10_val00774,col11_val00774,col12_val00774,col13_val00774,col14_val00774,col15_val00774,col16_val00774,col17_val00774,col18_val00774,col19_val00774,col20_val00774,col21_val00774,col22_val00774,col23_val00774,col24_val00774,col25_val00774,col26_val00774,col27_val00774,col28_val00774,col29_val00774
col0_val00775,col1_val00775,col2_val00775,col3_val00775,col4_val00775,col5_val00775,col6_val00775,col7_val00775,col8_val00775,col9_val00775,col10_val00775,col11_val00775,col12_val00775,col13_val00775,col14_val00775,col15_val00775,col16_val00775,col17_val00775,col18_val00775,col19_val00775,col20_val00775,col21_val00775,col22_val00775,col23_val00775,col24_val00775,col25_val00775,col26_val00775,col27_val00775,col28_val00775,col29_val00775
col0_val00776,col1_val00776,col2_val00776,col3_val00776,col4_val00776,col5_val00776,col6_val00776,col7_val00776,col8_val00776,col9_val00776,col10_val00776,col11_val00776,col12_val00776,col13_val00776,col14_val00776,col15_val00776,col16_val00776,col17_val00776,col18_val00776,col19_val00776,col20_val00776,col21_val00776,col22_val00776,col23_val00776,col24_val00776,col25_val00776,col26_val00776,col27_val00776,col28_val00776,col29_val00776
col0_val00777,col1_val00777,col2_val00777,col3_val00777,col4_val00777,col5_val00777,col6_val00777,col7_val00777,col8_val00777,col9_val00777,col10_val00777,col11_val00777,col12_val00777,col13_val00777,col14_val00777,col15_val00777,col16_val00777,col17_val00777,col18_val00777,col19_val00777,col20_val00777,col21_val00777,col22_val00777,col23_val00777,col24_val00777,col25_val00777,col26_val00777,col27_val00777,col28_val00777,col29_val00777
col0_val00778,col1_val00778,col2_val00778,col3_val00778,col4_val00778,col5_val00778,col6_val00778,col7_val00778,col8_val00778,col9_val00778,col10_val00778,col11_val00778,col12_val00778,col13_val00778,col14_val00778,col15_val00778,col16_val00778,col17_val00778,col18_val00778,col19_val00778,col20_val00778,col21_val00778,col22_val00778,col23_val00778,col24_val00778,col25_val00778,col26_val00778,col27_val00778,col28_val00778,col29_val00778
col0_val00779,col1_val00779,col2_val00779,col3_val00779,col4_val00779,col5_val00779,col6_val00779,col7_val00779,col8_val00779,col9_val00779,col10_val00779,col11_val00779,col12_val00779,col13_val00779,col14_val00779,col15_val00779,col16_val00779,col17_val00779,col18_val00779,col19_val00779,col20_val00779,col21_val00779,col22_val00779,col23_val00779,col24_val00779,col25_val00779,col26_val00779,col27_val00779,col28_val00779,col29_val00779
col0_val00780,col1_val00780,col2_val00780,col3_val00780,col4_val00780,col5_val00780,col6_val00780,col7_val00780,col8_val00780,col9_val00780,col10_val00780,col11_val00780,col12_val00780,col13_val00780,col14_val00780,col15_val00780,col16_val00780,col17_val00780,col18_val00780,col19_val00780,col20_val00780,col21_val00780,col22_val00780,col23_val00780,col24_val00780,col25_val00780,col26_val00780,col27_val00780,col28_val00780,col29_val00780
col0_val00781,col1_val00781,col2_val00781,col3_val00781,col4_val00781,col5_val00781,col6_val00781,col7_val00781,col8_val00781,col9_val00781,col10_val00781,col11_val00781,col12_val00781,col13_val00781,col14_val00781,col15_val00781,col16_val00781,col17_val00781,col18_val00781,col19_val00781,col20_val00781,col21_val00781,col22_val00781,col23_val00781,col24_val00781,col25_val00781,col26_val00781,col27_val00781,col28_val00781,col29_val00781
col0_val00782,col1_val00782,col2_val00782,col3_val00782,col4_val00782,col5_val00782,col6_val00782,col7_val00782,col8_val00782,col9_val00782,col10_val00782,col11_val00782,col12_val00782,col13_val00782,col14_val00782,col15_val00782,col16_val00782,col17_val00782,col18_val00782,col19_val00782,col20_val00782,col21_val00782,col22_val00782,col23_val00782,col24_val00782,col25_val00782,col26_val00782,col27_val00782,col28_val00782,col29_val00782
col0_val00783,col1_val00783,col2_val00783,col3_val00783,col4_val00783,col5_val00783,col6_val00783,col7_val00783,col8_val00783,col9_val00783,col10_val00783,col11_val00783,col12_val00783,col13_val00783,col14_val00783,col15_val00783,col16_val00783,col17_val00783,col18_val00783,col19_val00783,col20_val00783,col21_val00783,col22_val00783,col23_val00783,col24_val00783,col25_val00783,col26_val00783,col27_val00783,col28_val00783,col29_val00783
col0_val00784,col1_val00784,col2_val00784,col3_val00784,col4_val00784,col5_val00784,col6_val00784,col7_val00784,col8_val00784,col9_val00784,col10_val00784,col11_val00784,col12_val00784,col13_val00784,col14_val00784,col15_val00784,col16_val00784,col17_val00784,col18_val00784,col19_val00784,col20_val00784,col21_val00784,col22_val00784,col23_val00784,col24_val00784,col25_val00784,col26_val00784,col27_val00784,col28_val00784,col29_val00784
col0_val00785,col1_val00785,col2_val00785,col3_val00785,col4_val00785,col5_val00785,col6_val00785,col7_val00785,col8_val00785,col9_val00785,col10_val00785,col11_val00785,col12_val00785,col13_val00785,col14_val00785,col15_val00785,col16_val00785,col17_val00785,col18_val00785,col19_val00785,col20_val00785,col21_val00785,col22_val00785,col23_val00785,col24_val00785,col25_val00785,col26_val00785,col27_val00785,col28_val00785,col29_val00785
col0_val00786,col1_val00786,col2_val00786,col3_val00786,col4_val00786,col5_val00786,col6_val00786,col7_val00786,col8_val00786,col9_val00786,col10_val00786,col11_val00786,col12_val00786,col13_val00786,col14_val00786,col15_val00786,col16_val00786,col17_val00786,col18_val00786,col19_val00786,col20_val00786,col21_val00786,col22_val00786,col23_val00786,col24_val00786,col25_val00786,col26_val00786,col27_val00786,col28_val00786,col29_val00786
col0_val00787,col1_val00787,col2_val00787,col3_val00787,col4_val00787,col5_val00787,col6_val00787,col7_val00787,col8_val00787,col9_val00787,col10_val00787,col11_val00787,col12_val00787,col13_val00787,col14_val00787,col15_val00787,col16_val00787,col17_val00787,col18_val00787,col19_val00787,col20_val00787,col21_val00787,col22_val00787,col23_val00787,col24_val00787,col25_val00787,col26_val00787,col27_val00787,col28_val00787,col29_val00787
col0_val00788,col1_val00788,col2_val00788,col3_val00788,col4_val00788,col5_val00788,col6_val00788,col7_val00788,col8_val00788,col9_val00788,col10_val00788,col11_val00788,col12_val00788,col13_val00788,col14_val00788,col15_val00788,col16_val00788,col17_val00788,col18_val00788,col19_val00788,col20_val00788,col21_val00788,col22_val00788,col23_val00788,col24_val00788,col25_val00788,col26_val00788,col27_val00788,col28_val00788,col29_val00788
col0_val00789,col1_val00789,col2_val00789,col3_val00789,col4_val00789,col5_val00789,col6_val00789,col7_val00789,col8_val00789,col9_val00789,col10_val00789,col11_val00789,col12_val00789,col13_val00789,col14_val00789,col15_val00789,col16_val00789,col17_val00789,col18_val00789,col19_val00789,col20_val00789,col21_val00789,col22_val00789,col23_val00789,col24_val00789,col25_val00789,col26_val00789,col27_val00789,col28_val00789,col29_val00789
col0_val00790,col1_val00790,col2_val00790,col3_val00790,col4_val00790,col5_val00790,col6_val00790,col7_val00790,col8_val00790,col9_val00790,col10_val00790,col11_val00790,col12_val00790,col13_val00790,col14_val00790,col15_val00790,col16_val00790,col17_val00790,col18_val00790,col19_val00790,col20_val00790,col21_val00790,col22_val00790,col23_val00790,col24_val00790,col25_val00790,col26_val00790,col27_val00790,col28_val00790,col29_val00790
col0_val00791,col1_val00791,col2_val00791,col3_val00791,col4_val00791,col5_val00791,col6_val00791,col7_val00791,col8_val00791,col9_val00791,col10_val00791,col11_val00791,col12_val00791,col13_val00791,col14_val00791,col15_val00791,col16_val00791,col17_val00791,col18_val00791,col19_val00791,col20_val00791,col21_val00791,col22_val00791,col23_val00791,col24_val00791,col25_val00791,col26_val00791,col27_val00791,col28_val00791,col29_val00791
col0_val00792,col1_val00792,col2_val00792,col3_val00792,col4_val00792,col5_val00792,col6_val00792,col7_val00792,col8_val00792,col9_val00792,col10_val00792,col11_val00792,col12_val00792,col13_val00792,col14_val00792,col15_val00792,col16_val00792,col17_val00792,col18_val00792,col19_val00792,col20_val00792,col21_val00792,col22_val00792,col23_val00792,col24_val00792,col25_val00792,col26_val00792,col27_val00792,col28_val00792,col29_val00792
col0_val00793,col1_val00793,col2_val00793,col3_val00793,col4_val00793,col5_val00793,col6_val00793,col7_val00793,col8_val00793,col9_val00793,col10_val00793,col11_val00793,col12_val00793,col13_val00793,col14_val00793,col15_val00793,col16_val00793,col17_val00793,col18_val00793,col19_val00793,col20_val00793,col21_val00793,col22_val00793,col23_val00793,col24_val00793,col25_val00793,col26_val00793,col27_val00793,col28_val00793,col29_val00793
col0_val00794,col1_val00794,col2_val00794,col3_val00794,col4_val00794,col5_val00794,col6_val00794,col7_val00794,col8_val00794,col9_val00794,col10_val00794,col11_val00794,col12_val00794,col13_val00794,col14_val00794,col15_val00794,col16_val00794,col17_val00794,col18_val00794,col19_val00794,col20_val00794,col21_val00794,col22_val00794,col23_val00794,col24_val00794,col25_val00794,col26_val00794,col27_val00794,col28_val00794,col29_val00794
col0_val00795,col1_val00795,col2_val00795,col3_val00795,col4_val00795,col5_val00795,col6_val00795,col7_val00795,col8_val00795,col9_val00795,col10_val00795,col11_val00795,col12_val00795,col13_val00795,col14_val00795,col15_val00795,col16_val00795,col17_val00795,col18_val00795,col19_val00795,col20_val00795,col21_val00795,col22_val00795,col23_val00795,col24_val00795,col25_val00795,col26_val00795,col27_val00795,col28_val00795,col29_val00795
col0_val00796,col1_val00796,col2_val00796,col3_val00796,col4_val00796,col5_val00796,col6_val00796,col7_val00796,col8_val00796,col9_val00796,col10_val00796,col11_val00796,col12_val00796,col13_val00796,col14_val00796,col15_val00796,col16_val00796,col17_val00796,col18_val00796,col19_val00796,col20_val00796,col21_val00796,col22_val00796,col23_val00796,col24_val00796,col25_val00796,col26_val00796,col27_val00796,col28_val00796,col29_val00796
col0_val00797,col1_val00797,col2_val00797,col3_val00797,col4_val00797,col5_val00797,col6_val00797,col7_val00797,col8_val00797,col9_val00797,col10_val00797,col11_val00797,col12_val00797,col13_val00797,col14_val00797,col15_val00797,col16_val00797,col17_val00797,col18_val00797,col19_val00797,col20_val00797,col21_val00797,col22_val00797,col23_val00797,col24_val00797,col25_val00797,col26_val00797,col27_val00797,col28_val00797,col29_val00797
col0_val00798,col1_val00798,col2_val00798,col3_val00798,col4_val00798,col5_val00798,col6_val00798,col7_val00798,col8_val00798,col9_val00798,col10_val00798,col11_val00798,col12_val00798,col13_val00798,col14_val00798,col15_val00798,col16_val00798,col17_val00798,col18_val00798,col19_val00798,col20_val00798,col21_val00798,col22_val00798,col23_val00798,col24_val00798,col25_val00798,col26_val00798,col27_val00798,col28_val00798,col29_val00798
col0_val00799,col1_val00799,col2_val00799,col3_val00799,col4_val00799,col5_val00799,col6_val00799,col7_val00799,col8_val00799,col9_val00799,col10_val00799,col11_val00799,col12_val00799,col13_val00799,col14_val00799,col15_val00799,col16_val00799,col17_val00799,col18_val00799,col19_val00799,col20_val00799,col21_val00799,col22_val00799,col23_val00799,col24_val00799,col25_val00799,col26_val00799,col27_val00799,col28_val00799,col29_val00799
col0_val00800,col1_val00800,col2_val00800,col3_val00800,col4_val00800,col5_val00800,col6_val00800,col7_val00800,col8_val00800,col9_val00800,col10_val00800,col11_val00800,col12_val00800,col13_val00800,col14_val00800,col15_val00800,col16_val00800,col17_val00800,col18_val00800,col19_val00800,col20_val00800,col21_val00800,col22_val00800,col23_val00800,col24_val00800,col25_val00800,col26_val00800,col27_val00800,col28_val00800,col29_val00800
col0_val00801,col1_val00801,col2_val00801,col3_val00801,col4_val00801,col5_val00801,col6_val00801,col7_val00801,col8_val00801,col9_val00801,col10_val00801,col11_val00801,col12_val00801,col13_val00801,col14_val00801,col15_val00801,col16_val00801,col17_val00801,col18_val00801,col19_val00801,col20_val00801,col21_val00801,col22_val00801,col23_val00801,col24_val00801,col25_val00801,col26_val00801,col27_val00801,col28_val00801,col29_val00801
col0_val00802,col1_val00802,col2_val00802,col3_val00802,col4_val00802,col5_val00802,col6_val00802,col7_val00802,col8_val00802,col9_val00802,col10_val00802,col11_val00802,col12_val00802,col13_val00802,col14_val00802,col15_val00802,col16_val00802,col17_val00802,col18_val00802,col19_val00802,col20_val00802,col21_val00802,col22_val00802,col23_val00802,col24_val00802,col25_val00802,col26_val00802,col27_val00802,col28_val00802,col29_val00802
col0_val00803,col1_val00803,col2_val00803,col3_val00803,col4_val00803,col5_val00803,col6_val00803,col7_val00803,col8_val00803,col9_val00803,col10_val00803,col11_val00803,col12_val00803,col13_val00803,col14_val00803,col15_val00803,col16_val00803,col17_val00803,col18_val00803,col19_val00803,col20_val00803,col21_val00803,col22_val00803,col23_val00803,col24_val00803,col25_val00803,col26_val00803,col27_val00803,col28_val00803,col29_val00803
col0_val00804,col1_val00804,col2_val00804,col3_val00804,col4_val00804,col5_val00804,col6_val00804,col7_val00804,col8_val00804,col9_val00804,col10_val00804,col11_val00804,col12_val00804,col13_val00804,col14_val00804,col15_val00804,col16_val00804,col17_val00804,col18_val00804,col19_val00804,col20_val00804,col21_val00804,col22_val00804,col23_val00804,col24_val00804,col25_val00804,col26_val00804,col27_val00804,col28_val00804,col29_val00804
col0_val00805,col1_val00805,col2_val00805,col3_val00805,col4_val00805,col5_val00805,col6_val00805,col7_val00805,col8_val00805,col9_val00805,col10_val00805,col11_val00805,col12_val00805,col13_val00805,col14_val00805,col15_val00805,col16_val00805,col17_val00805,col18_val00805,col19_val00805,col20_val00805,col21_val00805,col22_val00805,col23_val00805,col24_val00805,col25_val00805,col26_val00805,col27_val00805,col28_val00805,col29_val00805
col0_val00806,col1_val00806,col2_val00806,col3_val00806,col4_val00806,col5_val00806,col6_val00806,col7_val00806,col8_val00806,col9_val00806,col10_val00806,col11_val00806,col12_val00806,col13_val00806,col14_val00806,col15_val00806,col16_val00806,col17_val00806,col18_val00806,col19_val00806,col20_val00806,col21_val00806,col22_val00806,col23_val00806,col24_val00806,col25_val00806,col26_val00806,col27_val00806,col28_val00806,col29_val00806
col0_val00807,col1_val00807,col2_val00807,col3_val00807,col4_val00807,col5_val00807,col6_val00807,col7_val00807,col8_val00807,col9_val00807,col10_val00807,col11_val00807,col12_val00807,col13_val00807,col14_val00807,col15_val00807,col16_val00807,col17_val00807,col18_val00807,col19_val00807,col20_val00807,col21_val00807,col22_val00807,col23_val00807,col24_val00807,col25_val00807,col26_val00807,col27_val00807,col28_val00807,col29_val00807
col0_val00808,col1_val00808,col2_val00808,col3_val00808,col4_val00808,col5_val00808,col6_val00808,col7_val00808,col8_val00808,col9_val00808,col10_val00808,col11_val00808,col12_val00808,col13_val00808,col14_val00808,col15_val00808,col16_val00808,col17_val00808,col18_val00808,col19_val00808,col20_val00808,col21_val00808,col22_val00808,col23_val00808,col24_val00808,col25_val00808,col26_val00808,col27_val00808,col28_val00808,col29_val00808
col0_val00809,col1_val00809,col2_val00809,col3_val00809,col4_val00809,col5_val00809,col6_val00809,col7_val00809,col8_val00809,col9_val00809,col10_val00809,col11_val00809,col12_val00809,col13_val00809,col14_val00809,col15_val00809,col16_val00809,col17_val00809,col18_val00809,col19_val00809,col20_val00809,col21_val00809,col22_val00809,col23_val00809,col24_val00809,col25_val00809,col26_val00809,col27_val00809,col28_val00809,col29_val00809
col0_val00810,col1_val00810,col2_val00810,col3_val00810,col4_val00810,col5_val00810,col6_val00810,col7_val00810,col8_val00810,col9_val00810,col10_val00810,col11_val00810,col12_val00810,col13_val00810,col14_val00810,col15_val00810,col16_val00810,col17_val00810,col18_val00810,col19_val00810,col20_val00810,col21_val00810,col22_val00810,col23_val00810,col24_val00810,col25_val00810,col26_val00810,col27_val00810,col28_val00810,col29_val00810
col0_val00811,col1_val00811,col2_val00811,col3_val00811,col4_val00811,col5_val00811,col6_val00811,col7_val00811,col8_val00811,col9_val00811,col10_val00811,col11_val00811,col12_val00811,col13_val00811,col14_val00811,col15_val00811,col16_val00811,col17_val00811,col18_val00811,col19_val00811,col20_val00811,col21_val00811,col22_val00811,col23_val00811,col24_val00811,col25_val00811,col26_val00811,col27_val00811,col28_val00811,col29_val00811
col0_val00812,col1_val00812,col2_val00812,col3_val00812,col4_val00812,col5_val00812,col6_val00812,col7_val00812,col8_val00812,col9_val00812,col10_val00812,col11_val00812,col12_val00812,col13_val00812,col14_val00812,col15_val00812,col16_val00812,col17_val00812,col18_val00812,col19_val00812,col20_val00812,col21_val00812,col22_val00812,col23_val00812,col24_val00812,col25_val00812,col26_val00812,col27_val00812,col28_val00812,col29_val00812
col0_val00813,col1_val00813,col2_val00813,col3_val00813,col4_val00813,col5_val00813,col6_val00813,col7_val00813,col8_val00813,col9_val00813,col10_val00813,col11_val00813,col12_val00813,col13_val00813,col14_val00813,col15_val00813,col16_val00813,col17_val00813,col18_val00813,col19_val00813,col20_val00813,col21_val00813,col22_val00813,col23_val00813,col24_val00813,col25_val00813,col26_val00813,col27_val00813,col28_val00813,col29_val00813
col0_val00814,col1_val00814,col2_val00814,col3_val00814,col4_val00814,col5_val00814,col6_val00814,col7_val00814,col8_val00814,col9_val00814,col10_val00814,col11_val00814,col12_val00814,col13_val00814,col14_val00814,col15_val00814,col16_val00814,col17_val00814,col18_val00814,col19_val00814,col20_val00814,col21_val00814,col22_val00814,col23_val00814,col24_val00814,col25_val00814,col26_val00814,col27_val00814,col28_val00814,col29_val00814
col0_val00815,col1_val00815,col2_val00815,col3_val00815,col4_val00815,col5_val00815,col6_val00815,col7_val00815,col8_val00815,col9_val00815,col10_val00815,col11_val00815,col12_val00815,col13_val00815,col14_val00815,col15_val00815,col16_val00815,col17_val00815,col18_val00815,col19_val00815,col20_val00815,col21_val00815,col22_val00815,col23_val00815,col24_val00815,col25_val00815,col26_val00815,col27_val00815,col28_val00815,col29_val00815
col0_val00816,col1_val00816,col2_val00816,col3_val00816,col4_val00816,col5_val00816,col6_val00816,col7_val00816,col8_val00816,col9_val00816,col10_val00816,col11_val00816,col12_val00816,col13_val00816,col14_val00816,col15_val00816,col16_val00816,col17_val00816,col18_val00816,col19_val00816,col20_val00816,col21_val00816,col22_val00816,col23_val00816,col24_val00816,col25_val00816,col26_val00816,col27_val00816,col28_val00816,col29_val00816
col0_val00817,col1_val00817,col2_val00817,col3_val00817,col4_val00817,col5_val00817,col6_val00817,col7_val00817,col8_val00817,col9_val00817,col10_val00817,col11_val00817,col12_val00817,col13_val00817,col14_val00817,col15_val00817,col16_val00817,col17_val00817,col18_val00817,col19_val00817,col20_val00817,col21_val00817,col22_val00817,col23_val00817,col24_val00817,col25_val00817,col26_val00817,col27_val00817,col28_val00817,col29_val00817
col0_val00818,col1_val00818,col2_val00818,col3_val00818,col4_val00818,col5_val00818,col6_val00818,col7_val00818,col8_val00818,col9_val00818,col10_val00818,col11_val00818,col12_val00818,col13_val00818,col14_val00818,col15_val00818,col16_val00818,col17_val00818,col18_val00818,col19_val00818,col20_val00818,col21_val00818,col22_val00818,col23_val00818,col24_val00818,col25_val00818,col26_val00818,col27_val00818,col28_val00818,col29_val00818
col0_val00819,col1_val00819,col2_val00819,col3_val00819,col4_val00819,col5_val00819,col6_val00819,col7_val00819,col8_val00819,col9_val00819,col10_val00819,col11_val00819,col12_val00819,col13_val00819,col14_val00819,col15_val00819,col16_val00819,col17_val00819,col18_val00819,col19_val00819,col20_val00819,col21_val00819,col22_val00819,col23_val00819,col24_val00819,col25_val00819,col26_val00819,col27_val00819,col28_val00819,col29_val00819
col0_val00820,col1_val00820,col2_val00820,col3_val00820,col4_val00820,col5_val00820,col6_val00820,col7_val00820,col8_val00820,col9_val00820,col10_val00820,col11_val00820,col12_val00820,col13_val00820,col14_val00820,col15_val00820,col16_val00820,col17_val00820,col18_val00820,col19_val00820,col20_val00820,col21_val00820,col22_val00820,col23_val00820,col24_val00820,col25_val00820,col26_val00820,col27_val00820,col28_val00820,col29_val00820
col0_val00821,col1_val00821,col2_val00821,col3_val00821,col4_val00821,col5_val00821,col6_val00821,col7_val00821,col8_val00821,col9_val00821,col10_val00821,col11_val00821,col12_val00821,col13_val00821,col14_val00821,col15_val00821,col16_val00821,col17_val00821,col18_val00821,col19_val00821,col20_val00821,col21_val00821,col22_val00821,col23_val00821,col24_val00821,col25_val00821,col26_val00821,col27_val00821,col28_val00821,col29_val00821
col0_val00822,col1_val00822,col2_val00822,col3_val00822,col4_val00822,col5_val00822,col6_val00822,col7_val00822,col8_val00822,col9_val00822,col10_val00822,col11_val00822,col12_val00822,col13_val00822,col14_val00822,col15_val00822,col16_val00822,col17_val00822,col18_val00822,col19_val00822,col20_val00822,col21_val00822,col22_val00822,col23_val00822,col24_val00822,col25_val00822,col26_val00822,col27_val00822,col28_val00822,col29_val00822
col0_val00823,col1_val00823,col2_val00823,col3_val00823,col4_val00823,col5_val00823,col6_val00823,col7_val00823,col8_val00823,col9_val00823,col10_val00823,col11_val00823,col12_val00823,col13_val00823,col14_val00823,col15_val00823,col16_val00823,col17_val00823,col18_val00823,col19_val00823,col20_val00823,col21_val00823,col22_val00823,col23_val00823,col24_val00823,col25_val00823,col26_val00823,col27_val00823,col28_val00823,col29_val00823
col0_val00824,col1_val00824,col2_val00824,col3_val00824,col4_val00824,col5_val00824,col6_val00824,col7_val00824,col8_val00824,col9_val00824,col10_val00824,col11_val00824,col12_val00824,col13_val00824,col14_val00824,col15_val00824,col16_val00824,col17_val00824,col18_val00824,col19_val00824,col20_val00824,col21_val00824,col22_val00824,col23_val00824,col24_val00824,col25_val00824,col26_val00824,col27_val00824,col28_val00824,col29_val00824
col0_val00825,col1_val00825,col2_val00825,col3_val00825,col4_val00825,col5_val00825,col6_val00825,col7_val00825,col8_val00825,col9_val00825,col10_val00825,col11_val00825,col12_val00825,col13_val00825,col14_val00825,col15_val00825,col16_val00825,col17_val00825,col18_val00825,col19_val00825,col20_val00825,col21_val00825,col22_val00825,col23_val00825,col24_val00825,col25_val00825,col26_val00825,col27_val00825,col28_val00825,col29_val00825
col0_val00826,col1_val00826,col2_val00826,col3_val00826,col4_val00826,col5_val00826,col6_val00826,col7_val00826,col8_val00826,col9_val00826,col10_val00826,col11_val00826,col12_val00826,col13_val00826,col14_val00826,col15_val00826,col16_val00826,col17_val00826,col18_val00826,col19_val00826,col20_val00826,col21_val00826,col22_val00826,col23_val00826,col24_val00826,col25_val00826,col26_val00826,col27_val00826,col28_val00826,col29_val00826
col0_val00827,col1_val00827,col2_val00827,col3_val00827,col4_val00827,col5_val00827,col6_val00827,col7_val00827,col8_val00827,col9_val00827,col10_val00827,col11_val00827,col12_val00827,col13_val00827,col14_val00827,col15_val00827,col16_val00827,col17_val00827,col18_val00827,col19_val00827,col20_val00827,col21_val00827,col22_val00827,col23_val00827,col24_val00827,col25_val00827,col26_val00827,col27_val00827,col28_val00827,col29_val00827
col0_val00828,col1_val00828,col2_val00828,col3_val00828,col4_val00828,col5_val00828,col6_val00828,col7_val00828,col8_val00828,col9_val00828,col10_val00828,col11_val00828,col12_val00828,col13_val00828,col14_val00828,col15_val00828,col16_val00828,col17_val00828,col18_val00828,col19_val00828,col20_val00828,col21_val00828,col22_val00828,col23_val00828,col24_val00828,col25_val00828,col26_val00828,col27_val00828,col28_val00828,col29_val00828
col0_val00829,col1_val00829,col2_val00829,col3_val00829,col4_val00829,col5_val00829,col6_val00829,col7_val00829,col8_val00829,col9_val00829,col10_val00829,col11_val00829,col12_val00829,col13_val00829,col14_val00829,col15_val00829,col16_val00829,col17_val00829,col18_val00829,col19_val00829,col20_val00829,col21_val00829,col22_val00829,col23_val00829,col24_val00829,col25_val00829,col26_val00829,col27_val00829,col28_val00829,col29_val00829
col0_val00830,col1_val00830,col2_val00830,col3_val00830,col4_val00830,col5_val00830,col6_val00830,col7_val00830,col8_val00830,col9_val00830,col10_val00830,col11_val00830,col12_val00830,col13_val00830,col14_val00830,col15_val00830,col16_val00830,col17_val00830,col18_val00830,col19_val00830,col20_val00830,col21_val00830,col22_val00830,col23_val00830,col24_val00830,col25_val00830,col26_val00830,col27_val00830,col28_val00830,col29_val00830
col0_val00831,col1_val00831,col2_val00831,col3_val00831,col4_val00831,col5_val00831,col6_val00831,col7_val00831,col8_val00831,col9_val00831,col10_val00831,col11_val00831,col12_val00831,col13_val00831,col14_val00831,col15_val00831,col16_val00831,col17_val00831,col18_val00831,col19_val00831,col20_val00831,col21_val00831,col22_val00831,col23_val00831,col24_val00831,col25_val00831,col26_val00831,col27_val00831,col28_val00831,col29_val00831
col0_val00832,col1_val00832,col2_val00832,col3_val00832,col4_val00832,col5_val00832,col6_val00832,col7_val00832,col8_val00832,col9_val00832,col10_val00832,col11_val00832,col12_val00832,col13_val00832,col14_val00832,col15_val00832,col16_val00832,col17_val00832,col18_val00832,col19_val00832,col20_val00832,col21_val00832,col22_val00832,col23_val00832,col24_val00832,col25_val00832,col26_val00832,col27_val00832,col28_val00832,col29_val00832
col0_val00833,col1_val00833,col2_val00833,col3_val00833,col4_val00833,col5_val00833,col6_val00833,col7_val00833,col8_val00833,col9_val00833,col10_val00833,col11_val00833,col12_val00833,col13_val00833,col14_val00833,col15_val00833,col16_val00833,col17_val00833,col18_val00833,col19_val00833,col20_val00833,col21_val00833,col22_val00833,col23_val00833,col24_val00833,col25_val00833,col26_val00833,col27_val00833,col28_val00833,col29_val00833
col0_val00834,col1_val00834,col2_val00834,col3_val00834,col4_val00834,col5_val00834,col6_val00834,col7_val00834,col8_val00834,col9_val00834,col10_val00834,col11_val00834,col12_val00834,col13_val00834,col14_val00834,col15_val00834,col16_val00834,col17_val00834,col18_val00834,col19_val00834,col20_val00834,col21_val00834,col22_val00834,col23_val00834,col24_val00834,col25_val00834,col26_val00834,col27_val00834,col28_val00834,col29_val00834
col0_val00835,col1_val00835,col2_val00835,col3_val00835,col4_val00835,col5_val00835,col6_val00835,col7_val00835,col8_val00835,col9_val00835,col10_val00835,col11_val00835,col12_val00835,col13_val00835,col14_val00835,col15_val00835,col16_val00835,col17_val00835,col18_val00835,col19_val00835,col20_val00835,col21_val00835,col22_val00835,col23_val00835,col24_val00835,col25_val00835,col26_val00835,col27_val00835,col28_val00835,col29_val00835
col0_val00836,col1_val00836,col2_val00836,col3_val00836,col4_val00836,col5_val00836,col6_val00836,col7_val00836,col8_val00836,col9_val00836,col10_val00836,col11_val00836,col12_val00836,col13_val00836,col14_val00836,col15_val00836,col16_val00836,col17_val00836,col18_val00836,col19_val00836,col20_val00836,col21_val00836,col22_val00836,col23_val00836,col24_val00836,col25_val00836,col26_val00836,col27_val00836,col28_val00836,col29_val00836
col0_val00837,col1_val00837,col2_val00837,col3_val00837,col4_val00837,col5_val00837,col6_val00837,col7_val00837,col8_val00837,col9_val00837,col10_val00837,col11_val00837,col12_val00837,col13_val00837,col14_val00837,col15_val00837,col16_val00837,col17_val00837,col18_val00837,col19_val00837,col20_val00837,col21_val00837,col22_val00837,col23_val00837,col24_val00837,col25_val00837,col26_val00837,col27_val00837,col28_val00837,col29_val00837
col0_val00838,col1_val00838,col2_val00838,col3_val00838,col4_val00838,col5_val00838,col6_val00838,col7_val00838,col8_val00838,col9_val00838,col10_val00838,col11_val00838,col12_val00838,col13_val00838,col14_val00838,col15_val00838,col16_val00838,col17_val00838,col18_val00838,col19_val00838,col20_val00838,col21_val00838,col22_val00838,col23_val00838,col24_val00838,col25_val00838,col26_val00838,col27_val00838,col28_val00838,col29_val00838
col0_val00839,col1_val00839,col2_val00839,col3_val00839,col4_val00839,col5_val00839,col6_val00839,col7_val00839,col8_val00839,col9_val00839,col10_val00839,col11_val00839,col12_val00839,col13_val00839,col14_val00839,col15_val00839,col16_val00839,col17_val00839,col18_val00839,col19_val00839,col20_val00839,col21_val00839,col22_val00839,col23_val00839,col24_val00839,col25_val00839,col26_val00839,col27_val00839,col28_val00839,col29_val00839
col0_val00840,col1_val00840,col2_val00840,col3_val00840,col4_val00840,col5_val00840,col6_val00840,col7_val00840,col8_val00840,col9_val00840,col10_val00840,col11_val00840,col12_val00840,col13_val00840,col14_val00840,col15_val00840,col16_val00840,col17_val00840,col18_val00840,col19_val00840,col20_val00840,col21_val00840,col22_val00840,col23_val00840,col24_val00840,col25_val00840,col26_val00840,col27_val00840,col28_val00840,col29_val00840
col0_val00841,col1_val00841,col2_val00841,col3_val00841,col4_val00841,col5_val00841,col6_val00841,col7_val00841,col8_val00841,col9_val00841,col10_val00841,col11_val00841,col12_val00841,col13_val00841,col14_val00841,col15_val00841,col16_val00841,col17_val00841,col18_val00841,col19_val00841,col20_val00841,col21_val00841,col22_val00841,col23_val00841,col24_val00841,col25_val00841,col26_val00841,col27_val00841,col28_val00841,col29_val00841
col0_val00842,col1_val00842,col2_val00842,col3_val00842,col4_val00842,col5_val00842,col6_val00842,col7_val00842,col8_val00842,col9_val00842,col10_val00842,col11_val00842,col12_val00842,col13_val00842,col14_val00842,col15_val00842,col16_val00842,col17_val00842,col18_val00842,col19_val00842,col20_val00842,col21_val00842,col22_val00842,col23_val00842,col24_val00842,col25_val00842,col26_val00842,col27_val00842,col28_val00842,col29_val00842
col0_val00843,col1_val00843,col2_val00843,col3_val00843,col4_val00843,col5_val00843,col6_val00843,col7_val00843,col8_val00843,col9_val00843,col10_val00843,col11_val00843,col12_val00843,col13_val00843,col14_val00843,col15_val00843,col16_val00843,col17_val00843,col18_val00843,col19_val00843,col20_val00843,col21_val00843,col22_val00843,col23_val00843,col24_val00843,col25_val00843,col26_val00843,col27_val00843,col28_val00843,col29_val00843
col0_val00844,col1_val00844,col2_val00844,col3_val00844,col4_val00844,col5_val00844,col6_val00844,col7_val00844,col8_val00844,col9_val00844,col10_val00844,col11_val00844,col12_val00844,col13_val00844,col14_val00844,col15_val00844,col16_val00844,col17_val00844,col18_val00844,col19_val00844,col20_val00844,col21_val00844,col22_val00844,col23_val00844,col24_val00844,col25_val00844,col26_val00844,col27_val00844,col28_val00844,col29_val00844
col0_val00845,col1_val00845,col2_val00845,col3_val00845,col4_val00845,col5_val00845,col6_val00845,col7_val00845,col8_val00845,col9_val00845,col10_val00845,col11_val00845,col12_val00845,col13_val00845,col14_val00845,col15_val00845,col16_val00845,col17_val00845,col18_val00845,col19_val00845,col20_val00845,col21_val00845,col22_val00845,col23_val00845,col24_val00845,col25_val00845,col26_val00845,col27_val00845,col28_val00845,col29_val00845
col0_val00846,col1_val00846,col2_val00846,col3_val00846,col4_val00846,col5_val00846,col6_val00846,col7_val00846,col8_val00846,col9_val00846,col10_val00846,col11_val00846,col12_val00846,col13_val00846,col14_val00846,col15_val00846,col16_val00846,col17_val00846,col18_val00846,col19_val00846,col20_val00846,col21_val00846,col22_val00846,col23_val00846,col24_val00846,col25_val00846,col26_val00846,col27_val00846,col28_val00846,col29_val00846
col0_val00847,col1_val00847,col2_val00847,col3_val00847,col4_val00847,col5_val00847,col6_val00847,col7_val00847,col8_val00847,col9_val00847,col10_val00847,col11_val00847,col12_val00847,col13_val00847,col14_val00847,col15_val00847,col16_val00847,col17_val00847,col18_val00847,col19_val00847,col20_val00847,col21_val00847,col22_val00847,col23_val00847,col24_val00847,col25_val00847,col26_val00847,col27_val00847,col28_val00847,col29_val00847
col0_val00848,col1_val00848,col2_val00848,col3_val00848,col4_val00848,col5_val00848,col6_val00848,col7_val00848,col8_val00848,col9_val00848,col10_val00848,col11_val00848,col12_val00848,col13_val00848,col14_val00848,col15_val00848,col16_val00848,col17_val00848,col18_val00848,col19_val00848,col20_val00848,col21_val00848,col22_val00848,col23_val00848,col24_val00848,col25_val00848,col26_val00848,col27_val00848,col28_val00848,col29_val00848
col0_val00849,col1_val00849,col2_val00849,col3_val00849,col4_val00849,col5_val00849,col6_val00849,col7_val00849,col8_val00849,col9_val00849,col10_val00849,col11_val00849,col12_val00849,col13_val00849,col14_val00849,col15_val00849,col16_val00849,col17_val00849,col18_val00849,col19_val00849,col20_val00849,col21_val00849,col22_val00849,col23_val00849,col24_val00849,col25_val00849,col26_val00849,col27_val00849,col28_val00849,col29_val00849
col0_val00850,col1_val00850,col2_val00850,col3_val00850,col4_val00850,col5_val00850,col6_val00850,col7_val00850,col8_val00850,col9_val00850,col10_val00850,col11_val00850,col12_val00850,col13_val00850,col14_val00850,col15_val00850,col16_val00850,col17_val00850,col18_val00850,col19_val00850,col20_val00850,col21_val00850,col22_val00850,col23_val00850,col24_val00850,col25_val00850,col26_val00850,col27_val00850,col28_val00850,col29_val00850
col0_val00851,col1_val00851,col2_val00851,col3_val00851,col4_val00851,col5_val00851,col6_val00851,col7_val00851,col8_val00851,col9_val00851,col10_val00851,col11_val00851,col12_val00851,col13_val00851,col14_val00851,col15_val00851,col16_val00851,col17_val00851,col18_val00851,col19_val00851,col20_val00851,col21_val00851,col22_val00851,col23_val00851,col24_val00851,col25_val00851,col26_val00851,col27_val00851,col28_val00851,col29_val00851
col0_val00852,col1_val00852,col2_val00852,col3_val00852,col4_val00852,col5_val00852,col6_val00852,col7_val00852,col8_val00852,col9_val00852,col10_val00852,col11_val00852,col12_val00852,col13_val00852,col14_val00852,col15_val00852,col16_val00852,col17_val00852,col18_val00852,col19_val00852,col20_val00852,col21_val00852,col22_val00852,col23_val00852,col24_val00852,col25_val00852,col26_val00852,col27_val00852,col28_val00852,col29_val00852
col0_val00853,col1_val00853,col2_val00853,col3_val00853,col4_val00853,col5_val00853,col6_val00853,col7_val00853,col8_val00853,col9_val00853,col10_val00853,col11_val00853,col12_val00853,col13_val00853,col14_val00853,col15_val00853,col16_val00853,col17_val00853,col18_val00853,col19_val00853,col20_val00853,col21_val00853,col22_val00853,col23_val00853,col24_val00853,col25_val00853,col26_val00853,col27_val00853,col28_val00853,col29_val00853
col0_val00854,col1_val00854,col2_val00854,col3_val00854,col4_val00854,col5_val00854,col6_val00854,col7_val00854,col8_val00854,col9_val00854,col10_val00854,col11_val00854,col12_val00854,col13_val00854,col14_val00854,col15_val00854,col16_val00854,col17_val00854,col18_val00854,col19_val00854,col20_val00854,col21_val00854,col22_val00854,col23_val00854,col24_val00854,col25_val00854,col26_val00854,col27_val00854,col28_val00854,col29_val00854
col0_val00855,col1_val00855,col2_val00855,col3_val00855,col4_val00855,col5_val00855,col6_val00855,col7_val00855,col8_val00855,col9_val00855,col10_val00855,col11_val00855,col12_val00855,col13_val00855,col14_val00855,col15_val00855,col16_val00855,col17_val00855,col18_val00855,col19_val00855,col20_val00855,col21_val00855,col22_val00855,col23_val00855,col24_val00855,col25_val00855,col26_val00855,col27_val00855,col28_val00855,col29_val00855
col0_val00856,col1_val00856,col2_val00856,col3_val00856,col4_val00856,col5_val00856,col6_val00856,col7_val00856,col8_val00856,col9_val00856,col10_val00856,col11_val00856,col12_val00856,col13_val00856,col14_val00856,col15_val00856,col16_val00856,col17_val00856,col18_val00856,col19_val00856,col20_val00856,col21_val00856,col22_val00856,col23_val00856,col24_val00856,col25_val00856,col26_val00856,col27_val00856,col28_val00856,col29_val00856
col0_val00857,col1_val00857,col2_val00857,col3_val00857,col4_val00857,col5_val00857,col6_val00857,col7_val00857,col8_val00857,col9_val00857,col10_val00857,col11_val00857,col12_val00857,col13_val00857,col14_val00857,col15_val00857,col16_val00857,col17_val00857,col18_val00857,col19_val00857,col20_val00857,col21_val00857,col22_val00857,col23_val00857,col24_val00857,col25_val00857,col26_val00857,col27_val00857,col28_val00857,col29_val00857
col0_val00858,col1_val00858,col2_val00858,col3_val00858,col4_val00858,col5_val00858,col6_val00858,col7_val00858,col8_val00858,col9_val00858,col10_val00858,col11_val00858,col12_val00858,col13_val00858,col14_val00858,col15_val00858,col16_val00858,col17_val00858,col18_val00858,col19_val00858,col20_val00858,col21_val00858,col22_val00858,col23_val00858,col24_val00858,col25_val00858,col26_val00858,col27_val00858,col28_val00858,col29_val00858
col0_val00859,col1_val00859,col2_val00859,col3_val00859,col4_val00859,col5_val00859,col6_val00859,col7_val00859,col8_val00859,col9_val00859,col10_val00859,col11_val00859,col12_val00859,col13_val00859,col14_val00859,col15_val00859,col16_val00859,col17_val00859,col18_val00859,col19_val00859,col20_val00859,col21_val00859,col22_val00859,col23_val00859,col24_val00859,col25_val00859,col26_val00859,col27_val00859,col28_val00859,col29_val00859
col0_val00860,col1_val00860,col2_val00860,col3_val00860,col4_val00860,col5_val00860,col6_val00860,col7_val00860,col8_val00860,col9_val00860,col10_val00860,col11_val00860,col12_val00860,col13_val00860,col14_val00860,col15_val00860,col16_val00860,col17_val00860,col18_val00860,col19_val00860,col20_val00860,col21_val00860,col22_val00860,col23_val00860,col24_val00860,col25_val00860,col26_val00860,col27_val00860,col28_val00860,col29_val00860
col0_val00861,col1_val00861,col2_val00861,col3_val00861,col4_val00861,col5_val00861,col6_val00861,col7_val00861,col8_val00861,col9_val00861,col10_val00861,col11_val00861,col12_val00861,col13_val00861,col14_val00861,col15_val00861,col16_val00861,col17_val00861,col18_val00861,col19_val00861,col20_val00861,col21_val00861,col22_val00861,col23_val00861,col24_val00861,col25_val00861,col26_val00861,col27_val00861,col28_val00861,col29_val00861
col0_val00862,col1_val00862,col2_val00862,col3_val00862,col4_val00862,col5_val00862,col6_val00862,col7_val00862,col8_val00862,col9_val00862,col10_val00862,col11_val00862,col12_val00862,col13_val00862,col14_val00862,col15_val00862,col16_val00862,col17_val00862,col18_val00862,col19_val00862,col20_val00862,col21_val00862,col22_val00862,col23_val00862,col24_val00862,col25_val00862,col26_val00862,col27_val00862,col28_val00862,col29_val00862
col0_val00863,col1_val00863,col2_val00863,col3_val00863,col4_val00863,col5_val00863,col6_val00863,col7_val00863,col8_val00863,col9_val00863,col10_val00863,col11_val00863,col12_val00863,col13_val00863,col14_val00863,col15_val00863,col16_val00863,col17_val00863,col18_val00863,col19_val00863,col20_val00863,col21_val00863,col22_val00863,col23_val00863,col24_val00863,col25_val00863,col26_val00863,col27_val00863,col28_val00863,col29_val00863
col0_val00864,col1_val00864,col2_val00864,col3_val00864,col4_val00864,col5_val00864,col6_val00864,col7_val00864,col8_val00864,col9_val00864,col10_val00864,col11_val00864,col12_val00864,col13_val00864,col14_val00864,col15_val00864,col16_val00864,col17_val00864,col18_val00864,col19_val00864,col20_val00864,col21_val00864,col22_val00864,col23_val00864,col24_val00864,col25_val00864,col26_val00864,col27_val00864,col28_val00864,col29_val00864
col0_val00865,col1_val00865,col2_val00865,col3_val00865,col4_val00865,col5_val00865,col6_val00865,col7_val00865,col8_val00865,col9_val00865,col10_val00865,col11_val00865,col12_val00865,col13_val00865,col14_val00865,col15_val00865,col16_val00865,col17_val00865,col18_val00865,col19_val00865,col20_val00865,col21_val00865,col22_val00865,col23_val00865,col24_val00865,col25_val00865,col26_val00865,col27_val00865,col28_val00865,col29_val00865
col0_val00866,col1_val00866,col2_val00866,col3_val00866,col4_val00866,col5_val00866,col6_val00866,col7_val00866,col8_val00866,col9_val00866,col10_val00866,col11_val00866,col12_val00866,col13_val00866,col14_val00866,col15_val00866,col16_val00866,col17_val00866,col18_val00866,col19_val00866,col20_val00866,col21_val00866,col22_val00866,col23_val00866,col24_val00866,col25_val00866,col26_val00866,col27_val00866,col28_val00866,col29_val00866
col0_val00867,col1_val00867,col2_val00867,col3_val00867,col4_val00867,col5_val00867,col6_val00867,col7_val00867,col8_val00867,col9_val00867,col10_val00867,col11_val00867,col12_val00867,col13_val00867,col14_val00867,col15_val00867,col16_val00867,col17_val00867,col18_val00867,col19_val00867,col20_val00867,col21_val00867,col22_val00867,col23_val00867,col24_val00867,col25_val00867,col26_val00867,col27_val00867,col28_val00867,col29_val00867
col0_val00868,col1_val00868,col2_val00868,col3_val00868,col4_val00868,col5_val00868,col6_val00868,col7_val00868,col8_val00868,col9_val00868,col10_val00868,col11_val00868,col12_val00868,col13_val00868,col14_val00868,col15_val00868,col16_val00868,col17_val00868,col18_val00868,col19_val00868,col20_val00868,col21_val00868,col22_val00868,col23_val00868,col24_val00868,col25_val00868,col26_val00868,col27_val00868,col28_val00868,col29_val00868
col0_val00869,col1_val00869,col2_val00869,col3_val00869,col4_val00869,col5_val00869,col6_val00869,col7_val00869,col8_val00869,col9_val00869,col10_val00869,col11_val00869,col12_val00869,col13_val00869,col14_val00869,col15_val00869,col16_val00869,col17_val00869,col18_val00869,col19_val00869,col20_val00869,col21_val00869,col22_val00869,col23_val00869,col24_val00869,col25_val00869,col26_val00869,col27_val00869,col28_val00869,col29_val00869
col0_val00870,col1_val00870,col2_val00870,col3_val00870,col4_val00870,col5_val00870,col6_val00870,col7_val00870,col8_val00870,col9_val00870,col10_val00870,col11_val00870,col12_val00870,col13_val00870,col14_val00870,col15_val00870,col16_val00870,col17_val00870,col18_val00870,col19_val00870,col20_val00870,col21_val00870,col22_val00870,col23_val00870,col24_val00870,col25_val00870,col26_val00870,col27_val00870,col28_val00870,col29_val00870
col0_val00871,col1_val00871,col2_val00871,col3_val00871,col4_val00871,col5_val00871,col6_val00871,col7_val00871,col8_val00871,col9_val00871,col10_val00871,col11_val00871,col12_val00871,col13_val00871,col14_val00871,col15_val00871,col16_val00871,col17_val00871,col18_val00871,col19_val00871,col20_val00871,col21_val00871,col22_val00871,col23_val00871,col24_val00871,col25_val00871,col26_val00871,col27_val00871,col28_val00871,col29_val00871
col0_val00872,col1_val00872,col2_val00872,col3_val00872,col4_val00872,col5_val00872,col6_val00872,col7_val00872,col8_val00872,col9_val00872,col10_val00872,col11_val00872,col12_val00872,col13_val00872,col14_val00872,col15_val00872,col16_val00872,col17_val00872,col18_val00872,col19_val00872,col20_val00872,col21_val00872,col22_val00872,col23_val00872,col24_val00872,col25_val00872,col26_val00872,col27_val00872,col28_val00872,col29_val00872
col0_val00873,col1_val00873,col2_val00873,col3_val00873,col4_val00873,col5_val00873,col6_val00873,col7_val00873,col8_val00873,col9_val00873,col10_val00873,col11_val00873,col12_val00873,col13_val00873,col14_val00873,col15_val00873,col16_val00873,col17_val00873,col18_val00873,col19_val00873,col20_val00873,col21_val00873,col22_val00873,col23_val00873,col24_val00873,col25_val00873,col26_val00873,col27_val00873,col28_val00873,col29_val00873
col0_val00874,col1_val00874,col2_val00874,col3_val00874,col4_val00874,col5_val00874,col6_val00874,col7_val00874,col8_val00874,col9_val00874,col10_val00874,col11_val00874,col12_val00874,col13_val00874,col14_val00874,col15_val00874,col16_val00874,col17_val00874,col18_val00874,col19_val00874,col20_val00874,col21_val00874,col22_val00874,col23_val00874,col24_val00874,col25_val00874,col26_val00874,col27_val00874,col28_val00874,col29_val00874
col0_val00875,col1_val00875,col2_val00875,col3_val00875,col4_val00875,col5_val00875,col6_val00875,col7_val00875,col8_val00875,col9_val00875,col10_val00875,col11_val00875,col12_val00875,col13_val00875,col14_val00875,col15_val00875,col16_val00875,col17_val00875,col18_val00875,col19_val00875,col20_val00875,col21_val00875,col22_val00875,col23_val00875,col24_val00875,col25_val00875,col26_val00875,col27_val00875,col28_val00875,col29_val00875
col0_val00876,col1_val00876,col2_val00876,col3_val00876,col4_val00876,col5_val00876,col6_val00876,col7_val00876,col8_val00876,col9_val00876,col10_val00876,col11_val00876,col12_val00876,col13_val00876,col14_val00876,col15_val00876,col16_val00876,col17_val00876,col18_val00876,col19_val00876,col20_val00876,col21_val00876,col22_val00876,col23_val00876,col24_val00876,col25_val00876,col26_val00876,col27_val00876,col28_val00876,col29_val00876
col0_val00877,col1_val00877,col2_val00877,col3_val00877,col4_val00877,col5_val00877,col6_val00877,col7_val00877,col8_val00877,col9_val00877,col10_val00877,col11_val00877,col12_val00877,col13_val00877,col14_val00877,col15_val00877,col16_val00877,col17_val00877,col18_val00877,col19_val00877,col20_val00877,col21_val00877,col22_val00877,col23_val00877,col24_val00877,col25_val00877,col26_val00877,col27_val00877,col28_val00877,col29_val00877
col0_val00878,col1_val00878,col2_val00878,col3_val00878,col4_val00878,col5_val00878,col6_val00878,col7_val00878,col8_val00878,col9_val00878,col10_val00878,col11_val00878,col12_val00878,col13_val00878,col14_val00878,col15_val00878,col16_val00878,col17_val00878,col18_val00878,col19_val00878,col20_val00878,col21_val00878,col22_val00878,col23_val00878,col24_val00878,col25_val00878,col26_val00878,col27_val00878,col28_val00878,col29_val00878
col0_val00879,col1_val00879,col2_val00879,col3_val00879,col4_val00879,col5_val00879,col6_val00879,col7_val00879,col8_val00879,col9_val00879,col10_val00879,col11_val00879,col12_val00879,col13_val00879,col14_val00879,col15_val00879,col16_val00879,col17_val00879,col18_val00879,col19_val00879,col20_val00879,col21_val00879,col22_val00879,col23_val00879,col24_val00879,col25_val00879,col26_val00879,col27_val00879,col28_val00879,col29_val00879
col0_val00880,col1_val00880,col2_val00880,col3_val00880,col4_val00880,col5_val00880,col6_val00880,col7_val00880,col8_val00880,col9_val00880,col10_val00880,col11_val00880,col12_val00880,col13_val00880,col14_val00880,col15_val00880,col16_val00880,col17_val00880,col18_val00880,col19_val00880,col20_val00880,col21_val00880,col22_val00880,col23_val00880,col24_val00880,col25_val00880,col26_val00880,col27_val00880,col28_val00880,col29_val00880
col0_val00881,col1_val00881,col2_val00881,col3_val00881,col4_val00881,col5_val00881,col6_val00881,col7_val00881,col8_val00881,col9_val00881,col10_val00881,col11_val00881,col12_val00881,col13_val00881,col14_val00881,col15_val00881,col16_val00881,col17_val00881,col18_val00881,col19_val00881,col20_val00881,col21_val00881,col22_val00881,col23_val00881,col24_val00881,col25_val00881,col26_val00881,col27_val00881,col28_val00881,col29_val00881
col0_val00882,col1_val00882,col2_val00882,col3_val00882,col4_val00882,col5_val00882,col6_val00882,col7_val00882,col8_val00882,col9_val00882,col10_val00882,col11_val00882,col12_val00882,col13_val00882,col14_val00882,col15_val00882,col16_val00882,col17_val00882,col18_val00882,col19_val00882,col20_val00882,col21_val00882,col22_val00882,col23_val00882,col24_val00882,col25_val00882,col26_val00882,col27_val00882,col28_val00882,col29_val00882
col0_val00883,col1_val00883,col2_val00883,col3_val00883,col4_val00883,col5_val00883,col6_val00883,col7_val00883,col8_val00883,col9_val00883,col10_val00883,col11_val00883,col12_val00883,col13_val00883,col14_val00883,col15_val00883,col16_val00883,col17_val00883,col18_val00883,col19_val00883,col20_val00883,col21_val00883,col22_val00883,col23_val00883,col24_val00883,col25_val00883,col26_val00883,col27_val00883,col28_val00883,col29_val00883
col0_val00884,col1_val00884,col2_val00884,col3_val00884,col4_val00884,col5_val00884,col6_val00884,col7_val00884,col8_val00884,col9_val00884,col10_val00884,col11_val00884,col12_val00884,col13_val00884,col14_val00884,col15_val00884,col16_val00884,col17_val00884,col18_val00884,col19_val00884,col20_val00884,col21_val00884,col22_val00884,col23_val00884,col24_val00884,col25_val00884,col26_val00884,col27_val00884,col28_val00884,col29_val00884
col0_val00885,col1_val00885,col2_val00885,col3_val00885,col4_val00885,col5_val00885,col6_val00885,col7_val00885,col8_val00885,col9_val00885,col10_val00885,col11_val00885,col12_val00885,col13_val00885,col14_val00885,col15_val00885,col16_val00885,col17_val00885,col18_val00885,col19_val00885,col20_val00885,col21_val00885,col22_val00885,col23_val00885,col24_val00885,col25_val00885,col26_val00885,col27_val00885,col28_val00885,col29_val00885
col0_val00886,col1_val00886,col2_val00886,col3_val00886,col4_val00886,col5_val00886,col6_val00886,col7_val00886,col8_val00886,col9_val00886,col10_val00886,col11_val00886,col12_val00886,col13_val00886,col14_val00886,col15_val00886,col16_val00886,col17_val00886,col18_val00886,col19_val00886,col20_val00886,col21_val00886,col22_val00886,col23_val00886,col24_val00886,col25_val00886,col26_val00886,col27_val00886,col28_val00886,col29_val00886
col0_val00887,col1_val00887,col2_val00887,col3_val00887,col4_val00887,col5_val00887,col6_val00887,col7_val00887,col8_val00887,col9_val00887,col10_val00887,col11_val00887,col12_val00887,col13_val00887,col14_val00887,col15_val00887,col16_val00887,col17_val00887,col18_val00887,col19_val00887,col20_val00887,col21_val00887,col22_val00887,col23_val00887,col24_val00887,col25_val00887,col26_val00887,col27_val00887,col28_val00887,col29_val00887
col0_val00888,col1_val00888,col2_val00888,col3_val00888,col4_val00888,col5_val00888,col6_val00888,col7_val00888,col8_val00888,col9_val00888,col10_val00888,col11_val00888,col12_val00888,col13_val00888,col14_val00888,col15_val00888,col16_val00888,col17_val00888,col18_val00888,col19_val00888,col20_val00888,col21_val00888,col22_val00888,col23_val00888,col24_val00888,col25_val00888,col26_val00888,col27_val00888,col28_val00888,col29_val00888
col0_val00889,col1_val00889,col2_val00889,col3_val00889,col4_val00889,col5_val00889,col6_val00889,col7_val00889,col8_val00889,col9_val00889,col10_val00889,col11_val00889,col12_val00889,col13_val00889,col14_val00889,col15_val00889,col16_val00889,col17_val00889,col18_val00889,col19_val00889,col20_val00889,col21_val00889,col22_val00889,col23_val00889,col24_val00889,col25_val00889,col26_val00889,col27_val00889,col28_val00889,col29_val00889
col0_val00890,col1_val00890,col2_val00890,col3_val00890,col4_val00890,col5_val00890,col6_val00890,col7_val00890,col8_val00890,col9_val00890,col10_val00890,col11_val00890,col12_val00890,col13_val00890,col14_val00890,col15_val00890,col16_val00890,col17_val00890,col18_val00890,col19_val00890,col20_val00890,col21_val00890,col22_val00890,col23_val00890,col24_val00890,col25_val00890,col26_val00890,col27_val00890,col28_val00890,col29_val00890
col0_val00891,col1_val00891,col2_val00891,col3_val00891,col4_val00891,col5_val00891,col6_val00891,col7_val00891,col8_val00891,col9_val00891,col10_val00891,col11_val00891,col12_val00891,col13_val00891,col14_val00891,col15_val00891,col16_val00891,col17_val00891,col18_val00891,col19_val00891,col20_val00891,col21_val00891,col22_val00891,col23_val00891,col24_val00891,col25_val00891,col26_val00891,col27_val00891,col28_val00891,col29_val00891
col0_val00892,col1_val00892,col2_val00892,col3_val00892,col4_val00892,col5_val00892,col6_val00892,col7_val00892,col8_val00892,col9_val00892,col10_val00892,col11_val00892,col12_val00892,col13_val00892,col14_val00892,col15_val00892,col16_val00892,col17_val00892,col18_val00892,col19_val00892,col20_val00892,col21_val00892,col22_val00892,col23_val00892,col24_val00892,col25_val00892,col26_val00892,col27_val00892,col28_val00892,col29_val00892
col0_val00893,col1_val00893,col2_val00893,col3_val00893,col4_val00893,col5_val00893,col6_val00893,col7_val00893,col8_val00893,col9_val00893,col10_val00893,col11_val00893,col12_val00893,col13_val00893,col14_val00893,col15_val00893,col16_val00893,col17_val00893,col18_val00893,col19_val00893,col20_val00893,col21_val00893,col22_val00893,col23_val00893,col24_val00893,col25_val00893,col26_val00893,col27_val00893,col28_val00893,col29_val00893
col0_val00894,col1_val00894,col2_val00894,col3_val00894,col4_val00894,col5_val00894,col6_val00894,col7_val00894,col8_val00894,col9_val00894,col10_val00894,col11_val00894,col12_val00894,col13_val00894,col14_val00894,col15_val00894,col16_val00894,col17_val00894,col18_val00894,col19_val00894,col20_val00894,col21_val00894,col22_val00894,col23_val00894,col24_val00894,col25_val00894,col26_val00894,col27_val00894,col28_val00894,col29_val00894
col0_val00895,col1_val00895,col2_val00895,col3_val00895,col4_val00895,col5_val00895,col6_val00895,col7_val00895,col8_val00895,col9_val00895,col10_val00895,col11_val00895,col12_val00895,col13_val00895,col14_val00895,col15_val00895,col16_val00895,col17_val00895,col18_val00895,col19_val00895,col20_val00895,col21_val00895,col22_val00895,col23_val00895,col24_val00895,col25_val00895,col26_val00895,col27_val00895,col28_val00895,col29_val00895
col0_val00896,col1_val00896,col2_val00896,col3_val00896,col4_val00896,col5_val00896,col6_val00896,col7_val00896,col8_val00896,col9_val00896,col10_val00896,col11_val00896,col12_val00896,col13_val00896,col14_val00896,col15_val00896,col16_val00896,col17_val00896,col18_val00896,col19_val00896,col20_val00896,col21_val00896,col22_val00896,col23_val00896,col24_val00896,col25_val00896,col26_val00896,col27_val00896,col28_val00896,col29_val00896
col0_val00897,col1_val00897,col2_val00897,col3_val00897,col4_val00897,col5_val00897,col6_val00897,col7_val00897,col8_val00897,col9_val00897,col10_val00897,col11_val00897,col12_val00897,col13_val00897,col14_val00897,col15_val00897,col16_val00897,col17_val00897,col18_val00897,col19_val00897,col20_val00897,col21_val00897,col22_val00897,col23_val00897,col24_val00897,col25_val00897,col26_val00897,col27_val00897,col28_val00897,col29_val00897
col0_val00898,col1_val00898,col2_val00898,col3_val00898,col4_val00898,col5_val00898,col6_val00898,col7_val00898,col8_val00898,col9_val00898,col10_val00898,col11_val00898,col12_val00898,col13_val00898,col14_val00898,col15_val00898,col16_val00898,col17_val00898,col18_val00898,col19_val00898,col20_val00898,col21_val00898,col22_val00898,col23_val00898,col24_val00898,col25_val00898,col26_val00898,col27_val00898,col28_val00898,col29_val00898
col0_val00899,col1_val00899,col2_val00899,col3_val00899,col4_val00899,col5_val00899,col6_val00899,col7_val00899,col8_val00899,col9_val00899,col10_val00899,col11_val00899,col12_val00899,col13_val00899,col14_val00899,col15_val00899,col16_val00899,col17_val00899,col18_val00899,col19_val00899,col20_val00899,col21_val00899,col22_val00899,col23_val00899,col24_val00899,col25_val00899,col26_val00899,col27_val00899,col28_val00899,col29_val00899
col0_val00900,col1_val00900,col2_val00900,col3_val00900,col4_val00900,col5_val00900,col6_val00900,col7_val00900,col8_val00900,col9_val00900,col10_val00900,col11_val00900,col12_val00900,col13_val00900,col14_val00900,col15_val00900,col16_val00900,col17_val00900,col18_val00900,col19_val00900,col20_val00900,col21_val00900,col22_val00900,col23_val00900,col24_val00900,col25_val00900,col26_val00900,col27_val00900,col28_val00900,col29_val00900
col0_val00901,col1_val00901,col2_val00901,col3_val00901,col4_val00901,col5_val00901,col6_val00901,col7_val00901,col8_val00901,col9_val00901,col10_val00901,col11_val00901,col12_val00901,col13_val00901,col14_val00901,col15_val00901,col16_val00901,col17_val00901,col18_val00901,col19_val00901,col20_val00901,col21_val00901,col22_val00901,col23_val00901,col24_val00901,col25_val00901,col26_val00901,col27_val00901,col28_val00901,col29_val00901
col0_val00902,col1_val00902,col2_val00902,col3_val00902,col4_val00902,col5_val00902,col6_val00902,col7_val00902,col8_val00902,col9_val00902,col10_val00902,col11_val00902,col12_val00902,col13_val00902,col14_val00902,col15_val00902,col16_val00902,col17_val00902,col18_val00902,col19_val00902,col20_val00902,col21_val00902,col22_val00902,col23_val00902,col24_val00902,col25_val00902,col26_val00902,col27_val00902,col28_val00902,col29_val00902
col0_val00903,col1_val00903,col2_val00903,col3_val00903,col4_val00903,col5_val00903,col6_val00903,col7_val00903,col8_val00903,col9_val00903,col10_val00903,col11_val00903,col12_val00903,col13_val00903,col14_val00903,col15_val00903,col16_val00903,col17_val00903,col18_val00903,col19_val00903,col20_val00903,col21_val00903,col22_val00903,col23_val00903,col24_val00903,col25_val00903,col26_val00903,col27_val00903,col28_val00903,col29_val00903
col0_val00904,col1_val00904,col2_val00904,col3_val00904,col4_val00904,col5_val00904,col6_val00904,col7_val00904,col8_val00904,col9_val00904,col10_val00904,col11_val00904,col12_val00904,col13_val00904,col14_val00904,col15_val00904,col16_val00904,col17_val00904,col18_val00904,col19_val00904,col20_val00904,col21_val00904,col22_val00904,col23_val00904,col24_val00904,col25_val00904,col26_val00904,col27_val00904,col28_val00904,col29_val00904
col0_val00905,col1_val00905,col2_val00905,col3_val00905,col4_val00905,col5_val00905,col6_val00905,col7_val00905,col8_val00905,col9_val00905,col10_val00905,col11_val00905,col12_val00905,col13_val00905,col14_val00905,col15_val00905,col16_val00905,col17_val00905,col18_val00905,col19_val00905,col20_val00905,col21_val00905,col22_val00905,col23_val00905,col24_val00905,col25_val00905,col26_val00905,col27_val00905,col28_val00905,col29_val00905
col0_val00906,col1_val00906,col2_val00906,col3_val00906,col4_val00906,col5_val00906,col6_val00906,col7_val00906,col8_val00906,col9_val00906,col10_val00906,col11_val00906,col12_val00906,col13_val00906,col14_val00906,col15_val00906,col16_val00906,col17_val00906,col18_val00906,col19_val00906,col20_val00906,col21_val00906,col22_val00906,col23_val00906,col24_val00906,col25_val00906,col26_val00906,col27_val00906,col28_val00906,col29_val00906
col0_val00907,col1_val00907,col2_val00907,col3_val00907,col4_val00907,col5_val00907,col6_val00907,col7_val00907,col8_val00907,col9_val00907,col10_val00907,col11_val00907,col12_val00907,col13_val00907,col14_val00907,col15_val00907,col16_val00907,col17_val00907,col18_val00907,col19_val00907,col20_val00907,col21_val00907,col22_val00907,col23_val00907,col24_val00907,col25_val00907,col26_val00907,col27_val00907,col28_val00907,col29_val00907
col0_val00908,col1_val00908,col2_val00908,col3_val00908,col4_val00908,col5_val00908,col6_val00908,col7_val00908,col8_val00908,col9_val00908,col10_val00908,col11_val00908,col12_val00908,col13_val00908,col14_val00908,col15_val00908,col16_val00908,col17_val00908,col18_val00908,col19_val00908,col20_val00908,col21_val00908,col22_val00908,col23_val00908,col24_val00908,col25_val00908,col26_val00908,col27_val00908,col28_val00908,col29_val00908
col0_val00909,col1_val00909,col2_val00909,col3_val00909,col4_val00909,col5_val00909,col6_val00909,col7_val00909,col8_val00909,col9_val00909,col10_val00909,col11_val00909,col12_val00909,col13_val00909,col14_val00909,col15_val00909,col16_val00909,col17_val00909,col18_val00909,col19_val00909,col20_val00909,col21_val00909,col22_val00909,col23_val00909,col24_val00909,col25_val00909,col26_val00909,col27_val00909,col28_val00909,col29_val00909
col0_val00910,col1_val00910,col2_val00910,col3_val00910,col4_val00910,col5_val00910,col6_val00910,col7_val00910,col8_val00910,col9_val00910,col10_val00910,col11_val00910,col12_val00910,col13_val00910,col14_val00910,col15_val00910,col16_val00910,col17_val00910,col18_val00910,col19_val00910,col20_val00910,col21_val00910,col22_val00910,col23_val00910,col24_val00910,col25_val00910,col26_val00910,col27_val00910,col28_val00910,col29_val00910
col0_val00911,col1_val00911,col2_val00911,col3_val00911,col4_val00911,col5_val00911,col6_val00911,col7_val00911,col8_val00911,col9_val00911,col10_val00911,col11_val00911,col12_val00911,col13_val00911,col14_val00911,col15_val00911,col16_val00911,col17_val00911,col18_val00911,col19_val00911,col20_val00911,col21_val00911,col22_val00911,col23_val00911,col24_val00911,col25_val00911,col26_val00911,col27_val00911,col28_val00911,col29_val00911
col0_val00912,col1_val00912,col2_val00912,col3_val00912,col4_val00912,col5_val00912,col6_val00912,col7_val00912,col8_val00912,col9_val00912,col10_val00912,col11_val00912,col12_val00912,col13_val00912,col14_val00912,col15_val00912,col16_val00912,col17_val00912,col18_val00912,col19_val00912,col20_val00912,col21_val00912,col22_val00912,col23_val00912,col24_val00912,col25_val00912,col26_val00912,col27_val00912,col28_val00912,col29_val00912
col0_val00913,col1_val00913,col2_val00913,col3_val00913,col4_val00913,col5_val00913,col6_val00913,col7_val00913,col8_val00913,col9_val00913,col10_val00913,col11_val00913,col12_val00913,col13_val00913,col14_val00913,col15_val00913,col16_val00913,col17_val00913,col18_val00913,col19_val00913,col20_val00913,col21_val00913,col22_val00913,col23_val00913,col24_val00913,col25_val00913,col26_val00913,col27_val00913,col28_val00913,col29_val00913
col0_val00914,col1_val00914,col2_val00914,col3_val00914,col4_val00914,col5_val00914,col6_val00914,col7_val00914,col8_val00914,col9_val00914,col10_val00914,col11_val00914,col12_val00914,col13_val00914,col14_val00914,col15_val00914,col16_val00914,col17_val00914,col18_val00914,col19_val00914,col20_val00914,col21_val00914,col22_val00914,col23_val00914,col24_val00914,col25_val00914,col26_val00914,col27_val00914,col28_val00914,col29_val00914
col0_val00915,col1_val00915,col2_val00915,col3_val00915,col4_val00915,col5_val00915,col6_val00915,col7_val00915,col8_val00915,col9_val00915,col10_val00915,col11_val00915,col12_val00915,col13_val00915,col14_val00915,col15_val00915,col16_val00915,col17_val00915,col18_val00915,col19_val00915,col20_val00915,col21_val00915,col22_val00915,col23_val00915,col24_val00915,col25_val00915,col26_val00915,col27_val00915,col28_val00915,col29_val00915
col0_val00916,col1_val00916,col2_val00916,col3_val00916,col4_val00916,col5_val00916,col6_val00916,col7_val00916,col8_val00916,col9_val00916,col10_val00916,col11_val00916,col12_val00916,col13_val00916,col14_val00916,col15_val00916,col16_val00916,col17_val00916,col18_val00916,col19_val00916,col20_val00916,col21_val00916,col22_val00916,col23_val00916,col24_val00916,col25_val00916,col26_val00916,col27_val00916,col28_val00916,col29_val00916
col0_val00917,col1_val00917,col2_val00917,col3_val00917,col4_val00917,col5_val00917,col6_val00917,col7_val00917,col8_val00917,col9_val00917,col10_val00917,col11_val00917,col12_val00917,col13_val00917,col14_val00917,col15_val00917,col16_val00917,col17_val00917,col18_val00917,col19_val00917,col20_val00917,col21_val00917,col22_val00917,col23_val00917,col24_val00917,col25_val00917,col26_val00917,col27_val00917,col28_val00917,col29_val00917
col0_val00918,col1_val00918,col2_val00918,col3_val00918,col4_val00918,col5_val00918,col6_val00918,col7_val00918,col8_val00918,col9_val00918,col10_val00918,col11_val00918,col12_val00918,col13_val00918,col14_val00918,col15_val00918,col16_val00918,col17_val00918,col18_val00918,col19_val00918,col20_val00918,col21_val00918,col22_val00918,col23_val00918,col24_val00918,col25_val00918,col26_val00918,col27_val00918,col28_val00918,col29_val00918
col0_val00919,col1_val00919,col2_val00919,col3_val00919,col4_val00919,col5_val00919,col6_val00919,col7_val00919,col8_val00919,col9_val00919,col10_val00919,col11_val00919,col12_val00919,col13_val00919,col14_val00919,col15_val00919,col16_val00919,col17_val00919,col18_val00919,col19_val00919,col20_val00919,col21_val00919,col22_val00919,col23_val00919,col24_val00919,col25_val00919,col26_val00919,col27_val00919,col28_val00919,col29_val00919
col0_val00920,col1_val00920,col2_val00920,col3_val00920,col4_val00920,col5_val00920,col6_val00920,col7_val00920,col8_val00920,col9_val00920,col10_val00920,col11_val00920,col12_val00920,col13_val00920,col14_val00920,col15_val00920,col16_val00920,col17_val00920,col18_val00920,col19_val00920,col20_val00920,col21_val00920,col22_val00920,col23_val00920,col24_val00920,col25_val00920,col26_val00920,col27_val00920,col28_val00920,col29_val00920
col0_val00921,col1_val00921,col2_val00921,col3_val00921,col4_val00921,col5_val00921,col6_val00921,col7_val00921,col8_val00921,col9_val00921,col10_val00921,col11_val00921,col12_val00921,col13_val00921,col14_val00921,col15_val00921,col16_val00921,col17_val00921,col18_val00921,col19_val00921,col20_val00921,col21_val00921,col22_val00921,col23_val00921,col24_val00921,col25_val00921,col26_val00921,col27_val00921,col28_val00921,col29_val00921
col0_val00922,col1_val00922,col2_val00922,col3_val00922,col4_val00922,col5_val00922,col6_val00922,col7_val00922,col8_val00922,col9_val00922,col10_val00922,col11_val00922,col12_val00922,col13_val00922,col14_val00922,col15_val00922,col16_val00922,col17_val00922,col18_val00922,col19_val00922,col20_val00922,col21_val00922,col22_val00922,col23_val00922,col24_val00922,col25_val00922,col26_val00922,col27_val00922,col28_val00922,col29_val00922
col0_val00923,col1_val00923,col2_val00923,col3_val00923,col4_val00923,col5_val00923,col6_val00923,col7_val00923,col8_val00923,col9_val00923,col10_val00923,col11_val00923,col12_val00923,col13_val00923,col14_val00923,col15_val00923,col16_val00923,col17_val00923,col18_val00923,col19_val00923,col20_val00923,col21_val00923,col22_val00923,col23_val00923,col24_val00923,col25_val00923,col26_val00923,col27_val00923,col28_val00923,col29_val00923
col0_val00924,col1_val00924,col2_val00924,col3_val00924,col4_val00924,col5_val00924,col6_val00924,col7_val00924,col8_val00924,col9_val00924,col10_val00924,col11_val00924,col12_val00924,col13_val00924,col14_val00924,col15_val00924,col16_val00924,col17_val00924,col18_val00924,col19_val00924,col20_val00924,col21_val00924,col22_val00924,col23_val00924,col24_val00924,col25_val00924,col26_val00924,col27_val00924,col28_val00924,col29_val00924
col0_val00925,col1_val00925,col2_val00925,col3_val00925,col4_val00925,col5_val00925,col6_val00925,col7_val00925,col8_val00925,col9_val00925,col10_val00925,col11_val00925,col12_val00925,col13_val00925,col14_val00925,col15_val00925,col16_val00925,col17_val00925,col18_val00925,col19_val00925,col20_val00925,col21_val00925,col22_val00925,col23_val00925,col24_val00925,col25_val00925,col26_val00925,col27_val00925,col28_val00925,col29_val00925
col0_val00926,col1_val00926,col2_val00926,col3_val00926,col4_val00926,col5_val00926,col6_val00926,col7_val00926,col8_val00926,col9_val00926,col10_val00926,col11_val00926,col12_val00926,col13_val00926,col14_val00926,col15_val00926,col16_val00926,col17_val00926,col18_val00926,col19_val00926,col20_val00926,col21_val00926,col22_val00926,col23_val00926,col24_val00926,col25_val00926,col26_val00926,col27_val00926,col28_val00926,col29_val00926
col0_val00927,col1_val00927,col2_val00927,col3_val00927,col4_val00927,col5_val00927,col6_val00927,col7_val00927,col8_val00927,col9_val00927,col10_val00927,col11_val00927,col12_val00927,col13_val00927,col14_val00927,col15_val00927,col16_val00927,col17_val00927,col18_val00927,col19_val00927,col20_val00927,col21_val00927,col22_val00927,col23_val00927,col24_val00927,col25_val00927,col26_val00927,col27_val00927,col28_val00927,col29_val00927
col0_val00928,col1_val00928,col2_val00928,col3_val00928,col4_val00928,col5_val00928,col6_val00928,col7_val00928,col8_val00928,col9_val00928,col10_val00928,col11_val00928,col12_val00928,col13_val00928,col14_val00928,col15_val00928,col16_val00928,col17_val00928,col18_val00928,col19_val00928,col20_val00928,col21_val00928,col22_val00928,col23_val00928,col24_val00928,col25_val00928,col26_val00928,col27_val00928,col28_val00928,col29_val00928
col0_val00929,col1_val00929,col2_val00929,col3_val00929,col4_val00929,col5_val00929,col6_val00929,col7_val00929,col8_val00929,col9_val00929,col10_val00929,col11_val00929,col12_val00929,col13_val00929,col14_val00929,col15_val00929,col16_val00929,col17_val00929,col18_val00929,col19_val00929,col20_val00929,col21_val00929,col22_val00929,col23_val00929,col24_val00929,col25_val00929,col26_val00929,col27_val00929,col28_val00929,col29_val00929
col0_val00930,col1_val00930,col2_val00930,col3_val00930,col4_val00930,col5_val00930,col6_val00930,col7_val00930,col8_val00930,col9_val00930,col10_val00930,col11_val00930,col12_val00930,col13_val00930,col14_val00930,col15_val00930,col16_val00930,col17_val00930,col18_val00930,col19_val00930,col20_val00930,col21_val00930,col22_val00930,col23_val00930,col24_val00930,col25_val00930,col26_val00930,col27_val00930,col28_val00930,col29_val00930
col0_val00931,col1_val00931,col2_val00931,col3_val00931,col4_val00931,col5_val00931,col6_val00931,col7_val00931,col8_val00931,col9_val00931,col10_val00931,col11_val00931,col12_val00931,col13_val00931,col14_val00931,col15_val00931,col16_val00931,col17_val00931,col18_val00931,col19_val00931,col20_val00931,col21_val00931,col22_val00931,col23_val00931,col24_val00931,col25_val00931,col26_val00931,col27_val00931,col28_val00931,col29_val00931
col0_val00932,col1_val00932,col2_val00932,col3_val00932,col4_val00932,col5_val00932,col6_val00932,col7_val00932,col8_val00932,col9_val00932,col10_val00932,col11_val00932,col12_val00932,col13_val00932,col14_val00932,col15_val00932,col16_val00932,col17_val00932,col18_val00932,col19_val00932,col20_val00932,col21_val00932,col22_val00932,col23_val00932,col24_val00932,col25_val00932,col26_val00932,col27_val00932,col28_val00932,col29_val00932
col0_val00933,col1_val00933,col2_val00933,col3_val00933,col4_val00933,col5_val00933,col6_val00933,col7_val00933,col8_val00933,col9_val00933,col10_val00933,col11_val00933,col12_val00933,col13_val00933,col14_val00933,col15_val00933,col16_val00933,col17_val00933,col18_val00933,col19_val00933,col20_val00933,col21_val00933,col22_val00933,col23_val00933,col24_val00933,col25_val00933,col26_val00933,col27_val00933,col28_val00933,col29_val00933
col0_val00934,col1_val00934,col2_val00934,col3_val00934,col4_val00934,col5_val00934,col6_val00934,col7_val00934,col8_val00934,col9_val00934,col10_val00934,col11_val00934,col12_val00934,col13_val00934,col14_val00934,col15_val00934,col16_val00934,col17_val00934,col18_val00934,col19_val00934,col20_val00934,col21_val00934,col22_val00934,col23_val00934,col24_val00934,col25_val00934,col26_val00934,col27_val00934,col28_val00934,col29_val00934
col0_val00935,col1_val00935,col2_val00935,col3_val00935,col4_val00935,col5_val00935,col6_val00935,col7_val00935,col8_val00935,col9_val00935,col10_val00935,col11_val00935,col12_val00935,col13_val00935,col14_val00935,col15_val00935,col16_val00935,col17_val00935,col18_val00935,col19_val00935,col20_val00935,col21_val00935,col22_val00935,col23_val00935,col24_val00935,col25_val00935,col26_val00935,col27_val00935,col28_val00935,col29_val00935
col0_val00936,col1_val00936,col2_val00936,col3_val00936,col4_val00936,col5_val00936,col6_val00936,col7_val00936,col8_val00936,col9_val00936,col10_val00936,col11_val00936,col12_val00936,col13_val00936,col14_val00936,col15_val00936,col16_val00936,col17_val00936,col18_val00936,col19_val00936,col20_val00936,col21_val00936,col22_val00936,col23_val00936,col24_val00936,col25_val00936,col26_val00936,col27_val00936,col28_val00936,col29_val00936
col0_val00937,col1_val00937,col2_val00937,col3_val00937,col4_val00937,col5_val00937,col6_val00937,col7_val00937,col8_val00937,col9_val00937,col10_val00937,col11_val00937,col12_val00937,col13_val00937,col14_val00937,col15_val00937,col16_val00937,col17_val00937,col18_val00937,col19_val00937,col20_val00937,col21_val00937,col22_val00937,col23_val00937,col24_val00937,col25_val00937,col26_val00937,col27_val00937,col28_val00937,col29_val00937
col0_val00938,col1_val00938,col2_val00938,col3_val00938,col4_val00938,col5_val00938,col6_val00938,col7_val00938,col8_val00938,col9_val00938,col10_val00938,col11_val00938,col12_val00938,col13_val00938,col14_val00938,col15_val00938,col16_val00938,col17_val00938,col18_val00938,col19_val00938,col20_val00938,col21_val00938,col22_val00938,col23_val00938,col24_val00938,col25_val00938,col26_val00938,col27_val00938,col28_val00938,col29_val00938
col0_val00939,col1_val00939,col2_val00939,col3_val00939,col4_val00939,col5_val00939,col6_val00939,col7_val00939,col8_val00939,col9_val00939,col10_val00939,col11_val00939,col12_val00939,col13_val00939,col14_val00939,col15_val00939,col16_val00939,col17_val00939,col18_val00939,col19_val00939,col20_val00939,col21_val00939,col22_val00939,col23_val00939,col24_val00939,col25_val00939,col26_val00939,col27_val00939,col28_val00939,col29_val00939
col0_val00940,col1_val00940,col2_val00940,col3_val00940,col4_val00940,col5_val00940,col6_val00940,col7_val00940,col8_val00940,col9_val00940,col10_val00940,col11_val00940,col12_val00940,col13_val00940,col14_val00940,col15_val00940,col16_val00940,col17_val00940,col18_val00940,col19_val00940,col20_val00940,col21_val00940,col22_val00940,col23_val00940,col24_val00940,col25_val00940,col26_val00940,col27_val00940,col28_val00940,col29_val00940
col0_val00941,col1_val00941,col2_val00941,col3_val00941,col4_val00941,col5_val00941,col6_val00941,col7_val00941,col8_val00941,col9_val00941,col10_val00941,col11_val00941,col12_val00941,col13_val00941,col14_val00941,col15_val00941,col16_val00941,col17_val00941,col18_val00941,col19_val00941,col20_val00941,col21_val00941,col22_val00941,col23_val00941,col24_val00941,col25_val00941,col26_val00941,col27_val00941,col28_val00941,col29_val00941
col0_val00942,col1_val00942,col2_val00942,col3_val00942,col4_val00942,col5_val00942,col6_val00942,col7_val00942,col8_val00942,col9_val00942,col10_val00942,col11_val00942,col12_val00942,col13_val00942,col14_val00942,col15_val00942,col16_val00942,col17_val00942,col18_val00942,col19_val00942,col20_val00942,col21_val00942,col22_val00942,col23_val00942,col24_val00942,col25_val00942,col26_val00942,col27_val00942,col28_val00942,col29_val00942
col0_val00943,col1_val00943,col2_val00943,col3_val00943,col4_val00943,col5_val00943,col6_val00943,col7_val00943,col8_val00943,col9_val00943,col10_val00943,col11_val00943,col12_val00943,col13_val00943,col14_val00943,col15_val00943,col16_val00943,col17_val00943,col18_val00943,col19_val00943,col20_val00943,col21_val00943,col22_val00943,col23_val00943,col24_val00943,col25_val00943,col26_val00943,col27_val00943,col28_val00943,col29_val00943
col0_val00944,col1_val00944,col2_val00944,col3_val00944,col4_val00944,col5_val00944,col6_val00944,col7_val00944,col8_val00944,col9_val00944,col10_val00944,col11_val00944,col12_val00944,col13_val00944,col14_val00944,col15_val00944,col16_val00944,col17_val00944,col18_val00944,col19_val00944,col20_val00944,col21_val00944,col22_val00944,col23_val00944,col24_val00944,col25_val00944,col26_val00944,col27_val00944,col28_val00944,col29_val00944
col0_val00945,col1_val00945,col2_val00945,col3_val00945,col4_val00945,col5_val00945,col6_val00945,col7_val00945,col8_val00945,col9_val00945,col10_val00945,col11_val00945,col12_val00945,col13_val00945,col14_val00945,col15_val00945,col16_val00945,col17_val00945,col18_val00945,col19_val00945,col20_val00945,col21_val00945,col22_val00945,col23_val00945,col24_val00945,col25_val00945,col26_val00945,col27_val00945,col28_val00945,col29_val00945
col0_val00946,col1_val00946,col2_val00946,col3_val00946,col4_val00946,col5_val00946,col6_val00946,col7_val00946,col8_val00946,col9_val00946,col10_val00946,col11_val00946,col12_val00946,col13_val00946,col14_val00946,col15_val00946,col16_val00946,col17_val00946,col18_val00946,col19_val00946,col20_val00946,col21_val00946,col22_val00946,col23_val00946,col24_val00946,col25_val00946,col26_val00946,col27_val00946,col28_val00946,col29_val00946
col0_val00947,col1_val00947,col2_val00947,col3_val00947,col4_val00947,col5_val00947,col6_val00947,col7_val00947,col8_val00947,col9_val00947,col10_val00947,col11_val00947,col12_val00947,col13_val00947,col14_val00947,col15_val00947,col16_val00947,col17_val00947,col18_val00947,col19_val00947,col20_val00947,col21_val00947,col22_val00947,col23_val00947,col24_val00947,col25_val00947,col26_val00947,col27_val00947,col28_val00947,col29_val00947
col0_val00948,col1_val00948,col2_val00948,col3_val00948,col4_val00948,col5_val00948,col6_val00948,col7_val00948,col8_val00948,col9_val00948,col10_val00948,col11_val00948,col12_val00948,col13_val00948,col14_val00948,col15_val00948,col16_val00948,col17_val00948,col18_val00948,col19_val00948,col20_val00948,col21_val00948,col22_val00948,col23_val00948,col24_val00948,col25_val00948,col26_val00948,col27_val00948,col28_val00948,col29_val00948
col0_val00949,col1_val00949,col2_val00949,col3_val00949,col4_val00949,col5_val00949,col6_val00949,col7_val00949,col8_val00949,col9_val00949,col10_val00949,col11_val00949,col12_val00949,col13_val00949,col14_val00949,col15_val00949,col16_val00949,col17_val00949,col18_val00949,col19_val00949,col20_val00949,col21_val00949,col22_val00949,col23_val00949,col24_val00949,col25_val00949,col26_val00949,col27_val00949,col28_val00949,col29_val00949
col0_val00950,col1_val00950,col2_val00950,col3_val00950,col4_val00950,col5_val00950,col6_val00950,col7_val00950,col8_val00950,col9_val00950,col10_val00950,col11_val00950,col12_val00950,col13_val00950,col14_val00950,col15_val00950,col16_val00950,col17_val00950,col18_val00950,col19_val00950,col20_val00950,col21_val00950,col22_val00950,col23_val00950,col24_val00950,col25_val00950,col26_val00950,col27_val00950,col28_val00950,col29_val00950
col0_val00951,col1_val00951,col2_val00951,col3_val00951,col4_val00951,col5_val00951,col6_val00951,col7_val00951,col8_val00951,col9_val00951,col10_val00951,col11_val00951,col12_val00951,col13_val00951,col14_val00951,col15_val00951,col16_val00951,col17_val00951,col18_val00951,col19_val00951,col20_val00951,col21_val00951,col22_val00951,col23_val00951,col24_val00951,col25_val00951,col26_val00951,col27_val00951,col28_val00951,col29_val00951
col0_val00952,col1_val00952,col2_val00952,col3_val00952,col4_val00952,col5_val00952,col6_val00952,col7_val00952,col8_val00952,col9_val00952,col10_val00952,col11_val00952,col12_val00952,col13_val00952,col14_val00952,col15_val00952,col16_val00952,col17_val00952,col18_val00952,col19_val00952,col20_val00952,col21_val00952,col22_val00952,col23_val00952,col24_val00952,col25_val00952,col26_val00952,col27_val00952,col28_val00952,col29_val00952
col0_val00953,col1_val00953,col2_val00953,col3_val00953,col4_val00953,col5_val00953,col6_val00953,col7_val00953,col8_val00953,col9_val00953,col10_val00953,col11_val00953,col12_val00953,col13_val00953,col14_val00953,col15_val00953,col16_val00953,col17_val00953,col18_val00953,col19_val00953,col20_val00953,col21_val00953,col22_val00953,col23_val00953,col24_val00953,col25_val00953,col26_val00953,col27_val00953,col28_val00953,col29_val00953
col0_val00954,col1_val00954,col2_val00954,col3_val00954,col4_val00954,col5_val00954,col6_val00954,col7_val00954,col8_val00954,col9_val00954,col10_val00954,col11_val00954,col12_val00954,col13_val00954,col14_val00954,col15_val00954,col16_val00954,col17_val00954,col18_val00954,col19_val00954,col20_val00954,col21_val00954,col22_val00954,col23_val00954,col24_val00954,col25_val00954,col26_val00954,col27_val00954,col28_val00954,col29_val00954
col0_val00955,col1_val00955,col2_val00955,col3_val00955,col4_val00955,col5_val00955,col6_val00955,col7_val00955,col8_val00955,col9_val00955,col10_val00955,col11_val00955,col12_val00955,col13_val00955,col14_val00955,col15_val00955,col16_val00955,col17_val00955,col18_val00955,col19_val00955,col20_val00955,col21_val00955,col22_val00955,col23_val00955,col24_val00955,col25_val00955,col26_val00955,col27_val00955,col28_val00955,col29_val00955
col0_val00956,col1_val00956,col2_val00956,col3_val00956,col4_val00956,col5_val00956,col6_val00956,col7_val00956,col8_val00956,col9_val00956,col10_val00956,col11_val00956,col12_val00956,col13_val00956,col14_val00956,col15_val00956,col16_val00956,col17_val00956,col18_val00956,col19_val00956,col20_val00956,col21_val00956,col22_val00956,col23_val00956,col24_val00956,col25_val00956,col26_val00956,col27_val00956,col28_val00956,col29_val00956
col0_val00957,col1_val00957,col2_val00957,col3_val00957,col4_val00957,col5_val00957,col6_val00957,col7_val00957,col8_val00957,col9_val00957,col10_val00957,col11_val00957,col12_val00957,col13_val00957,col14_val00957,col15_val00957,col16_val00957,col17_val00957,col18_val00957,col19_val00957,col20_val00957,col21_val00957,col22_val00957,col23_val00957,col24_val00957,col25_val00957,col26_val00957,col27_val00957,col28_val00957,col29_val00957
col0_val00958,col1_val00958,col2_val00958,col3_val00958,col4_val00958,col5_val00958,col6_val00958,col7_val00958,col8_val00958,col9_val00958,col10_val00958,col11_val00958,col12_val00958,col13_val00958,col14_val00958,col15_val00958,col16_val00958,col17_val00958,col18_val00958,col19_val00958,col20_val00958,col21_val00958,col22_val00958,col23_val00958,col24_val00958,col25_val00958,col26_val00958,col27_val00958,col28_val00958,col29_val00958
col0_val00959,col1_val00959,col2_val00959,col3_val00959,col4_val00959,col5_val00959,col6_val00959,col7_val00959,col8_val00959,col9_val00959,col10_val00959,col11_val00959,col12_val00959,col13_val00959,col14_val00959,col15_val00959,col16_val00959,col17_val00959,col18_val00959,col19_val00959,col20_val00959,col21_val00959,col22_val00959,col23_val00959,col24_val00959,col25_val00959,col26_val00959,col27_val00959,col28_val00959,col29_val00959
col0_val00960,col1_val00960,col2_val00960,col3_val00960,col4_val00960,col5_val00960,col6_val00960,col7_val00960,col8_val00960,col9_val00960,col10_val00960,col11_val00960,col12_val00960,col13_val00960,col14_val00960,col15_val00960,col16_val00960,col17_val00960,col18_val00960,col19_val00960,col20_val00960,col21_val00960,col22_val00960,col23_val00960,col24_val00960,col25_val00960,col26_val00960,col27_val00960,col28_val00960,col29_val00960
col0_val00961,col1_val00961,col2_val00961,col3_val00961,col4_val00961,col5_val00961,col6_val00961,col7_val00961,col8_val00961,col9_val00961,col10_val00961,col11_val00961,col12_val00961,col13_val00961,col14_val00961,col15_val00961,col16_val00961,col17_val00961,col18_val00961,col19_val00961,col20_val00961,col21_val00961,col22_val00961,col23_val00961,col24_val00961,col25_val00961,col26_val00961,col27_val00961,col28_val00961,col29_val00961
col0_val00962,col1_val00962,col2_val00962,col3_val00962,col4_val00962,col5_val00962,col6_val00962,col7_val00962,col8_val00962,col9_val00962,col10_val00962,col11_val00962,col12_val00962,col13_val00962,col14_val00962,col15_val00962,col16_val00962,col17_val00962,col18_val00962,col19_val00962,col20_val00962,col21_val00962,col22_val00962,col23_val00962,col24_val00962,col25_val00962,col26_val00962,col27_val00962,col28_val00962,col29_val00962
col0_val00963,col1_val00963,col2_val00963,col3_val00963,col4_val00963,col5_val00963,col6_val00963,col7_val00963,col8_val00963,col9_val00963,col10_val00963,col11_val00963,col12_val00963,col13_val00963,col14_val00963,col15_val00963,col16_val00963,col17_val00963,col18_val00963,col19_val00963,col20_val00963,col21_val00963,col22_val00963,col23_val00963,col24_val00963,col25_val00963,col26_val00963,col27_val00963,col28_val00963,col29_val00963
col0_val00964,col1_val00964,col2_val00964,col3_val00964,col4_val00964,col5_val00964,col6_val00964,col7_val00964,col8_val00964,col9_val00964,col10_val00964,col11_val00964,col12_val00964,col13_val00964,col14_val00964,col15_val00964,col16_val00964,col17_val00964,col18_val00964,col19_val00964,col20_val00964,col21_val00964,col22_val00964,col23_val00964,col24_val00964,col25_val00964,col26_val00964,col27_val00964,col28_val00964,col29_val00964
col0_val00965,col1_val00965,col2_val00965,col3_val00965,col4_val00965,col5_val00965,col6_val00965,col7_val00965,col8_val00965,col9_val00965,col10_val00965,col11_val00965,col12_val00965,col13_val00965,col14_val00965,col15_val00965,col16_val00965,col17_val00965,col18_val00965,col19_val00965,col20_val00965,col21_val00965,col22_val00965,col23_val00965,col24_val00965,col25_val00965,col26_val00965,col27_val00965,col28_val00965,col29_val00965
col0_val00966,col1_val00966,col2_val00966,col3_val00966,col4_val00966,col5_val00966,col6_val00966,col7_val00966,col8_val00966,col9_val00966,col10_val00966,col11_val00966,col12_val00966,col13_val00966,col14_val00966,col15_val00966,col16_val00966,col17_val00966,col18_val00966,col19_val00966,col20_val00966,col21_val00966,col22_val00966,col23_val00966,col24_val00966,col25_val00966,col26_val00966,col27_val00966,col28_val00966,col29_val00966
col0_val00967,col1_val00967,col2_val00967,col3_val00967,col4_val00967,col5_val00967,col6_val00967,col7_val00967,col8_val00967,col9_val00967,col10_val00967,col11_val00967,col12_val00967,col13_val00967,col14_val00967,col15_val00967,col16_val00967,col17_val00967,col18_val00967,col19_val00967,col20_val00967,col21_val00967,col22_val00967,col23_val00967,col24_val00967,col25_val00967,col26_val00967,col27_val00967,col28_val00967,col29_val00967
col0_val00968,col1_val00968,col2_val00968,col3_val00968,col4_val00968,col5_val00968,col6_val00968,col7_val00968,col8_val00968,col9_val00968,col10_val00968,col11_val00968,col12_val00968,col13_val00968,col14_val00968,col15_val00968,col16_val00968,col17_val00968,col18_val00968,col19_val00968,col20_val00968,col21_val00968,col22_val00968,col23_val00968,col24_val00968,col25_val00968,col26_val00968,col27_val00968,col28_val00968,col29_val00968
col0_val00969,col1_val00969,col2_val00969,col3_val00969,col4_val00969,col5_val00969,col6_val00969,col7_val00969,col8_val00969,col9_val00969,col10_val00969,col11_val00969,col12_val00969,col13_val00969,col14_val00969,col15_val00969,col16_val00969,col17_val00969,col18_val00969,col19_val00969,col20_val00969,col21_val00969,col22_val00969,col23_val00969,col24_val00969,col25_val00969,col26_val00969,col27_val00969,col28_val00969,col29_val00969
col0_val00970,col1_val00970,col2_val00970,col3_val00970,col4_val00970,col5_val00970,col6_val00970,col7_val00970,col8_val00970,col9_val00970,col10_val00970,col11_val00970,col12_val00970,col13_val00970,col14_val00970,col15_val00970,col16_val00970,col17_val00970,col18_val00970,col19_val00970,col20_val00970,col21_val00970,col22_val00970,col23_val00970,col24_val00970,col25_val00970,col26_val00970,col27_val00970,col28_val00970,col29_val00970
col0_val00971,col1_val00971,col2_val00971,col3_val00971,col4_val00971,col5_val00971,col6_val00971,col7_val00971,col8_val00971,col9_val00971,col10_val00971,col11_val00971,col12_val00971,col13_val00971,col14_val00971,col15_val00971,col16_val00971,col17_val00971,col18_val00971,col19_val00971,col20_val00971,col21_val00971,col22_val00971,col23_val00971,col24_val00971,col25_val00971,col26_val00971,col27_val00971,col28_val00971,col29_val00971
col0_val00972,col1_val00972,col2_val00972,col3_val00972,col4_val00972,col5_val00972,col6_val00972,col7_val00972,col8_val00972,col9_val00972,col10_val00972,col11_val00972,col12_val00972,col13_val00972,col14_val00972,col15_val00972,col16_val00972,col17_val00972,col18_val00972,col19_val00972,col20_val00972,col21_val00972,col22_val00972,col23_val00972,col24_val00972,col25_val00972,col26_val00972,col27_val00972,col28_val00972,col29_val00972
col0_val00973,col1_val00973,col2_val00973,col3_val00973,col4_val00973,col5_val00973,col6_val00973,col7_val00973,col8_val00973,col9_val00973,col10_val00973,col11_val00973,col12_val00973,col13_val00973,col14_val00973,col15_val00973,col16_val00973,col17_val00973,col18_val00973,col19_val00973,col20_val00973,col21_val00973,col22_val00973,col23_val00973,col24_val00973,col25_val00973,col26_val00973,col27_val00973,col28_val00973,col29_val00973
col0_val00974,col1_val00974,col2_val00974,col3_val00974,col4_val00974,col5_val00974,col6_val00974,col7_val00974,col8_val00974,col9_val00974,col10_val00974,col11_val00974,col12_val00974,col13_val00974,col14_val00974,col15_val00974,col16_val00974,col17_val00974,col18_val00974,col19_val00974,col20_val00974,col21_val00974,col22_val00974,col23_val00974,col24_val00974,col25_val00974,col26_val00974,col27_val00974,col28_val00974,col29_val00974
col0_val00975,col1_val00975,col2_val00975,col3_val00975,col4_val00975,col5_val00975,col6_val00975,col7_val00975,col8_val00975,col9_val00975,col10_val00975,col11_val00975,col12_val00975,col13_val00975,col14_val00975,col15_val00975,col16_val00975,col17_val00975,col18_val00975,col19_val00975,col20_val00975,col21_val00975,col22_val00975,col23_val00975,col24_val00975,col25_val00975,col26_val00975,col27_val00975,col28_val00975,col29_val00975
col0_val00976,col1_val00976,col2_val00976,col3_val00976,col4_val00976,col5_val00976,col6_val00976,col7_val00976,col8_val00976,col9_val00976,col10_val00976,col11_val00976,col12_val00976,col13_val00976,col14_val00976,col15_val00976,col16_val00976,col17_val00976,col18_val00976,col19_val00976,col20_val00976,col21_val00976,col22_val00976,col23_val00976,col24_val00976,col25_val00976,col26_val00976,col27_val00976,col28_val00976,col29_val00976
col0_val00977,col1_val00977,col2_val00977,col3_val00977,col4_val00977,col5_val00977,col6_val00977,col7_val00977,col8_val00977,col9_val00977,col10_val00977,col11_val00977,col12_val00977,col13_val00977,col14_val00977,col15_val00977,col16_val00977,col17_val00977,col18_val00977,col19_val00977,col20_val00977,col21_val00977,col22_val00977,col23_val00977,col24_val00977,col25_val00977,col26_val00977,col27_val00977,col28_val00977,col29_val00977
col0_val00978,col1_val00978,col2_val00978,col3_val00978,col4_val00978,col5_val00978,col6_val00978,col7_val00978,col8_val00978,col9_val00978,col10_val00978,col11_val00978,col12_val00978,col13_val00978,col14_val00978,col15_val00978,col16_val00978,col17_val00978,col18_val00978,col19_val00978,col20_val00978,col21_val00978,col22_val00978,col23_val00978,col24_val00978,col25_val00978,col26_val00978,col27_val00978,col28_val00978,col29_val00978
col0_val00979,col1_val00979,col2_val00979,col3_val00979,col4_val00979,col5_val00979,col6_val00979,col7_val00979,col8_val00979,col9_val00979,col10_val00979,col11_val00979,col12_val00979,col13_val00979,col14_val00979,col15_val00979,col16_val00979,col17_val00979,col18_val00979,col19_val00979,col20_val00979,col21_val00979,col22_val00979,col23_val00979,col24_val00979,col25_val00979,col26_val00979,col27_val00979,col28_val00979,col29_val00979
col0_val00980,col1_val00980,col2_val00980,col3_val00980,col4_val00980,col5_val00980,col6_val00980,col7_val00980,col8_val00980,col9_val00980,col10_val00980,col11_val00980,col12_val00980,col13_val00980,col14_val00980,col15_val00980,col16_val00980,col17_val00980,col18_val00980,col19_val00980,col20_val00980,col21_val00980,col22_val00980,col23_val00980,col24_val00980,col25_val00980,col26_val00980,col27_val00980,col28_val00980,col29_val00980
col0_val00981,col1_val00981,col2_val00981,col3_val00981,col4_val00981,col5_val00981,col6_val00981,col7_val00981,col8_val00981,col9_val00981,col10_val00981,col11_val00981,col12_val00981,col13_val00981,col14_val00981,col15_val00981,col16_val00981,col17_val00981,col18_val00981,col19_val00981,col20_val00981,col21_val00981,col22_val00981,col23_val00981,col24_val00981,col25_val00981,col26_val00981,col27_val00981,col28_val00981,col29_val00981
col0_val00982,col1_val00982,col2_val00982,col3_val00982,col4_val00982,col5_val00982,col6_val00982,col7_val00982,col8_val00982,col9_val00982,col10_val00982,col11_val00982,col12_val00982,col13_val00982,col14_val00982,col15_val00982,col16_val00982,col17_val00982,col18_val00982,col19_val00982,col20_val00982,col21_val00982,col22_val00982,col23_val00982,col24_val00982,col25_val00982,col26_val00982,col27_val00982,col28_val00982,col29_val00982
col0_val00983,col1_val00983,col2_val00983,col3_val00983,col4_val00983,col5_val00983,col6_val00983,col7_val00983,col8_val00983,col9_val00983,col10_val00983,col11_val00983,col12_val00983,col13_val00983,col14_val00983,col15_val00983,col16_val00983,col17_val00983,col18_val00983,col19_val00983,col20_val00983,col21_val00983,col22_val00983,col23_val00983,col24_val00983,col25_val00983,col26_val00983,col27_val00983,col28_val00983,col29_val00983
col0_val00984,col1_val00984,col2_val00984,col3_val00984,col4_val00984,col5_val00984,col6_val00984,col7_val00984,col8_val00984,col9_val00984,col10_val00984,col11_val00984,col12_val00984,col13_val00984,col14_val00984,col15_val00984,col16_val00984,col17_val00984,col18_val00984,col19_val00984,col20_val00984,col21_val00984,col22_val00984,col23_val00984,col24_val00984,col25_val00984,col26_val00984,col27_val00984,col28_val00984,col29_val00984
col0_val00985,col1_val00985,col2_val00985,col3_val00985,col4_val00985,col5_val00985,col6_val00985,col7_val00985,col8_val00985,col9_val00985,col10_val00985,col11_val00985,col12_val00985,col13_val00985,col14_val00985,col15_val00985,col16_val00985,col17_val00985,col18_val00985,col19_val00985,col20_val00985,col21_val00985,col22_val00985,col23_val00985,col24_val00985,col25_val00985,col26_val00985,col27_val00985,col28_val00985,col29_val00985
col0_val00986,col1_val00986,col2_val00986,col3_val00986,col4_val00986,col5_val00986,col6_val00986,col7_val00986,col8_val00986,col9_val00986,col10_val00986,col11_val00986,col12_val00986,col13_val00986,col14_val00986,col15_val00986,col16_val00986,col17_val00986,col18_val00986,col19_val00986,col20_val00986,col21_val00986,col22_val00986,col23_val00986,col24_val00986,col25_val00986,col26_val00986,col27_val00986,col28_val00986,col29_val00986
col0_val00987,col1_val00987,col2_val00987,col3_val00987,col4_val00987,col5_val00987,col6_val00987,col7_val00987,col8_val00987,col9_val00987,col10_val00987,col11_val00987,col12_val00987,col13_val00987,col14_val00987,col15_val00987,col16_val00987,col17_val00987,col18_val00987,col19_val00987,col20_val00987,col21_val00987,col22_val00987,col23_val00987,col24_val00987,col25_val00987,col26_val00987,col27_val00987,col28_val00987,col29_val00987
col0_val00988,col1_val00988,col2_val00988,col3_val00988,col4_val00988,col5_val00988,col6_val00988,col7_val00988,col8_val00988,col9_val00988,col10_val00988,col11_val00988,col12_val00988,col13_val00988,col14_val00988,col15_val00988,col16_val00988,col17_val00988,col18_val00988,col19_val00988,col20_val00988,col21_val00988,col22_val00988,col23_val00988,col24_val00988,col25_val00988,col26_val00988,col27_val00988,col28_val00988,col29_val00988
col0_val00989,col1_val00989,col2_val00989,col3_val00989,col4_val00989,col5_val00989,col6_val00989,col7_val00989,col8_val00989,col9_val00989,col10_val00989,col11_val00989,col12_val00989,col13_val00989,col14_val00989,col15_val00989,col16_val00989,col17_val00989,col18_val00989,col19_val00989,col20_val00989,col21_val00989,col22_val00989,col23_val00989,col24_val00989,col25_val00989,col26_val00989,col27_val00989,col28_val00989,col29_val00989
col0_val00990,col1_val00990,col2_val00990,col3_val00990,col4_val00990,col5_val00990,col6_val00990,col7_val00990,col8_val00990,col9_val00990,col10_val00990,col11_val00990,col12_val00990,col13_val00990,col14_val00990,col15_val00990,col16_val00990,col17_val00990,col18_val00990,col19_val00990,col20_val00990,col21_val00990,col22_val00990,col23_val00990,col24_val00990,col25_val00990,col26_val00990,col27_val00990,col28_val00990,col29_val00990
col0_val00991,col1_val00991,col2_val00991,col3_val00991,col4_val00991,col5_val00991,col6_val00991,col7_val00991,col8_val00991,col9_val00991,col10_val00991,col11_val00991,col12_val00991,col13_val00991,col14_val00991,col15_val00991,col16_val00991,col17_val00991,col18_val00991,col19_val00991,col20_val00991,col21_val00991,col22_val00991,col23_val00991,col24_val00991,col25_val00991,col26_val00991,col27_val00991,col28_val00991,col29_val00991
col0_val00992,col1_val00992,col2_val00992,col3_val00992,col4_val00992,col5_val00992,col6_val00992,col7_val00992,col8_val00992,col9_val00992,col10_val00992,col11_val00992,col12_val00992,col13_val00992,col14_val00992,col15_val00992,col16_val00992,col17_val00992,col18_val00992,col19_val00992,col20_val00992,col21_val00992,col22_val00992,col23_val00992,col24_val00992,col25_val00992,col26_val00992,col27_val00992,col28_val00992,col29_val00992
col0_val00993,col1_val00993,col2_val00993,col3_val00993,col4_val00993,col5_val00993,col6_val00993,col7_val00993,col8_val00993,col9_val00993,col10_val00993,col11_val00993,col12_val00993,col13_val00993,col14_val00993,col15_val00993,col16_val00993,col17_val00993,col18_val00993,col19_val00993,col20_val00993,col21_val00993,col22_val00993,col23_val00993,col24_val00993,col25_val00993,col26_val00993,col27_val00993,col28_val00993,col29_val00993
col0_val00994,col1_val00994,col2_val00994,col3_val00994,col4_val00994,col5_val00994,col6_val00994,col7_val00994,col8_val00994,col9_val00994,col10_val00994,col11_val00994,col12_val00994,col13_val00994,col14_val00994,col15_val00994,col16_val00994,col17_val00994,col18_val00994,col19_val00994,col20_val00994,col21_val00994,col22_val00994,col23_val00994,col24_val00994,col25_val00994,col26_val00994,col27_val00994,col28_val00994,col29_val00994
col0_val00995,col1_val00995,col2_val00995,col3_val00995,col4_val00995,col5_val00995,col6_val00995,col7_val00995,col8_val00995,col9_val00995,col10_val00995,col11_val00995,col12_val00995,col13_val00995,col14_val00995,col15_val00995,col16_val00995,col17_val00995,col18_val00995,col19_val00995,col20_val00995,col21_val00995,col22_val00995,col23_val00995,col24_val00995,col25_val00995,col26_val00995,col27_val00995,col28_val00995,col29_val00995
col0_val00996,col1_val00996,col2_val00996,col3_val00996,col4_val00996,col5_val00996,col6_val00996,col7_val00996,col8_val00996,col9_val00996,col10_val00996,col11_val00996,col12_val00996,col13_val00996,col14_val00996,col15_val00996,col16_val00996,col17_val00996,col18_val00996,col19_val00996,col20_val00996,col21_val00996,col22_val00996,col23_val00996,col24_val00996,col25_val00996,col26_val00996,col27_val00996,col28_val00996,col29_val00996
col0_val00997,col1_val00997,col2_val00997,col3_val00997,col4_val00997,col5_val00997,col6_val00997,col7_val00997,col8_val00997,col9_val00997,col10_val00997,col11_val00997,col12_val00997,col13_val00997,col14_val00997,col15_val00997,col16_val00997,col17_val00997,col18_val00997,col19_val00997,col20_val00997,col21_val00997,col22_val00997,col23_val00997,col24_val00997,col25_val00997,col26_val00997,col27_val00997,col28_val00997,col29_val00997
col0_val00998,col1_val00998,col2_val00998,col3_val00998,col4_val00998,col5_val00998,col6_val00998,col7_val00998,col8_val00998,col9_val00998,col10_val00998,col11_val00998,col12_val00998,col13_val00998,col14_val00998,col15_val00998,col16_val00998,col17_val00998,col18_val00998,col19_val00998,col20_val00998,col21_val00998,col22_val00998,col23_val00998,col24_val00998,col25_val00998,col26_val00998,col27_val00998,col28_val00998,col29_val00998
col0_val00999,col1_val00999,col2_val00999,col3_val00999,col4_val00999,col5_val00999,col6_val00999,col7_val00999,col8_val00999,col9_val00999,col10_val00999,col11_val00999,col12_val00999,col13_val00999,col14_val00999,col15_val00999,col16_val00999,col17_val00999,col18_val00999,col19_val00999,col20_val00999,col21_val00999,col22_val00999,col23_val00999,col24_val00999,col25_val00999,col26_val00999,col27_val00999,col28_val00999,col29_val00999
